driver,finish,start,status,date,track,series,track_type,url,temp_f,wind_mph,date_approx
Alex Bowman,1,13.0,Running,2022-03-06,Las Vegas Motor Speedway,Cup,1.5-mile,https://www.jayski.com/race-results/2022-nascar-cup-series-race-results/pennzoil-400-presented-by-jiffy-lube/,59.6,5.7,False
Kyle Larson,2,2.0,Running,2022-03-06,Las Vegas Motor Speedway,Cup,1.5-mile,https://www.jayski.com/race-results/2022-nascar-cup-series-race-results/pennzoil-400-presented-by-jiffy-lube/,59.6,5.7,False
Ross Chastain,3,18.0,Running,2022-03-06,Las Vegas Motor Speedway,Cup,1.5-mile,https://www.jayski.com/race-results/2022-nascar-cup-series-race-results/pennzoil-400-presented-by-jiffy-lube/,59.6,5.7,False
Kyle Busch,4,37.0,Running,2022-03-06,Las Vegas Motor Speedway,Cup,1.5-mile,https://www.jayski.com/race-results/2022-nascar-cup-series-race-results/pennzoil-400-presented-by-jiffy-lube/,59.6,5.7,False
William Byron,5,14.0,Running,2022-03-06,Las Vegas Motor Speedway,Cup,1.5-mile,https://www.jayski.com/race-results/2022-nascar-cup-series-race-results/pennzoil-400-presented-by-jiffy-lube/,59.6,5.7,False
Aric Almirola,6,20.0,Running,2022-03-06,Las Vegas Motor Speedway,Cup,1.5-mile,https://www.jayski.com/race-results/2022-nascar-cup-series-race-results/pennzoil-400-presented-by-jiffy-lube/,59.6,5.7,False
Tyler Reddick,7,7.0,Running,2022-03-06,Las Vegas Motor Speedway,Cup,1.5-mile,https://www.jayski.com/race-results/2022-nascar-cup-series-race-results/pennzoil-400-presented-by-jiffy-lube/,59.6,5.7,False
Martin Truex Jr.,8,12.0,Running,2022-03-06,Las Vegas Motor Speedway,Cup,1.5-mile,https://www.jayski.com/race-results/2022-nascar-cup-series-race-results/pennzoil-400-presented-by-jiffy-lube/,59.6,5.7,False
Chase Elliott,9,5.0,Running,2022-03-06,Las Vegas Motor Speedway,Cup,1.5-mile,https://www.jayski.com/race-results/2022-nascar-cup-series-race-results/pennzoil-400-presented-by-jiffy-lube/,59.6,5.7,False
Christopher Bell,10,1.0,Running,2022-03-06,Las Vegas Motor Speedway,Cup,1.5-mile,https://www.jayski.com/race-results/2022-nascar-cup-series-race-results/pennzoil-400-presented-by-jiffy-lube/,59.6,5.7,False
Austin Dillon,11,10.0,Running,2022-03-06,Las Vegas Motor Speedway,Cup,1.5-mile,https://www.jayski.com/race-results/2022-nascar-cup-series-race-results/pennzoil-400-presented-by-jiffy-lube/,59.6,5.7,False
Kevin Harvick,12,25.0,Running,2022-03-06,Las Vegas Motor Speedway,Cup,1.5-mile,https://www.jayski.com/race-results/2022-nascar-cup-series-race-results/pennzoil-400-presented-by-jiffy-lube/,59.6,5.7,False
Kurt Busch,13,31.0,Running,2022-03-06,Las Vegas Motor Speedway,Cup,1.5-mile,https://www.jayski.com/race-results/2022-nascar-cup-series-race-results/pennzoil-400-presented-by-jiffy-lube/,59.6,5.7,False
Joey Logano,14,6.0,Running,2022-03-06,Las Vegas Motor Speedway,Cup,1.5-mile,https://www.jayski.com/race-results/2022-nascar-cup-series-race-results/pennzoil-400-presented-by-jiffy-lube/,59.6,5.7,False
Corey LaJoie,15,29.0,Running,2022-03-06,Las Vegas Motor Speedway,Cup,1.5-mile,https://www.jayski.com/race-results/2022-nascar-cup-series-race-results/pennzoil-400-presented-by-jiffy-lube/,59.6,5.7,False
Harrison Burton,16,19.0,Running,2022-03-06,Las Vegas Motor Speedway,Cup,1.5-mile,https://www.jayski.com/race-results/2022-nascar-cup-series-race-results/pennzoil-400-presented-by-jiffy-lube/,59.6,5.7,False
Justin Haley,17,28.0,Running,2022-03-06,Las Vegas Motor Speedway,Cup,1.5-mile,https://www.jayski.com/race-results/2022-nascar-cup-series-race-results/pennzoil-400-presented-by-jiffy-lube/,59.6,5.7,False
Chris Buescher,18,27.0,Running,2022-03-06,Las Vegas Motor Speedway,Cup,1.5-mile,https://www.jayski.com/race-results/2022-nascar-cup-series-race-results/pennzoil-400-presented-by-jiffy-lube/,59.6,5.7,False
Austin Cindric,19,3.0,Running,2022-03-06,Las Vegas Motor Speedway,Cup,1.5-mile,https://www.jayski.com/race-results/2022-nascar-cup-series-race-results/pennzoil-400-presented-by-jiffy-lube/,59.6,5.7,False
Ty Dillon,20,32.0,Running,2022-03-06,Las Vegas Motor Speedway,Cup,1.5-mile,https://www.jayski.com/race-results/2022-nascar-cup-series-race-results/pennzoil-400-presented-by-jiffy-lube/,59.6,5.7,False
Ricky Stenhouse Jr.,21,9.0,Running,2022-03-06,Las Vegas Motor Speedway,Cup,1.5-mile,https://www.jayski.com/race-results/2022-nascar-cup-series-race-results/pennzoil-400-presented-by-jiffy-lube/,59.6,5.7,False
Daniel Hemric,22,16.0,Running,2022-03-06,Las Vegas Motor Speedway,Cup,1.5-mile,https://www.jayski.com/race-results/2022-nascar-cup-series-race-results/pennzoil-400-presented-by-jiffy-lube/,59.6,5.7,False
Todd Gilliland,23,30.0,Running,2022-03-06,Las Vegas Motor Speedway,Cup,1.5-mile,https://www.jayski.com/race-results/2022-nascar-cup-series-race-results/pennzoil-400-presented-by-jiffy-lube/,59.6,5.7,False
Brad Keselowski,24,15.0,Running,2022-03-06,Las Vegas Motor Speedway,Cup,1.5-mile,https://www.jayski.com/race-results/2022-nascar-cup-series-race-results/pennzoil-400-presented-by-jiffy-lube/,59.6,5.7,False
Bubba Wallace,25,17.0,Running,2022-03-06,Las Vegas Motor Speedway,Cup,1.5-mile,https://www.jayski.com/race-results/2022-nascar-cup-series-race-results/pennzoil-400-presented-by-jiffy-lube/,59.6,5.7,False
Cody Ware,26,33.0,Running,2022-03-06,Las Vegas Motor Speedway,Cup,1.5-mile,https://www.jayski.com/race-results/2022-nascar-cup-series-race-results/pennzoil-400-presented-by-jiffy-lube/,59.6,5.7,False
Michael McDowell,27,22.0,Running,2022-03-06,Las Vegas Motor Speedway,Cup,1.5-mile,https://www.jayski.com/race-results/2022-nascar-cup-series-race-results/pennzoil-400-presented-by-jiffy-lube/,59.6,5.7,False
BJ McLeod,28,35.0,Running,2022-03-06,Las Vegas Motor Speedway,Cup,1.5-mile,https://www.jayski.com/race-results/2022-nascar-cup-series-race-results/pennzoil-400-presented-by-jiffy-lube/,59.6,5.7,False
Josh Bilicki,29,34.0,Running,2022-03-06,Las Vegas Motor Speedway,Cup,1.5-mile,https://www.jayski.com/race-results/2022-nascar-cup-series-race-results/pennzoil-400-presented-by-jiffy-lube/,59.6,5.7,False
Garrett Smithley,30,36.0,Running,2022-03-06,Las Vegas Motor Speedway,Cup,1.5-mile,https://www.jayski.com/race-results/2022-nascar-cup-series-race-results/pennzoil-400-presented-by-jiffy-lube/,59.6,5.7,False
Erik Jones,31,23.0,Accident,2022-03-06,Las Vegas Motor Speedway,Cup,1.5-mile,https://www.jayski.com/race-results/2022-nascar-cup-series-race-results/pennzoil-400-presented-by-jiffy-lube/,59.6,5.7,False
Denny Hamlin,32,8.0,Drivetrain,2022-03-06,Las Vegas Motor Speedway,Cup,1.5-mile,https://www.jayski.com/race-results/2022-nascar-cup-series-race-results/pennzoil-400-presented-by-jiffy-lube/,59.6,5.7,False
Cole Custer,33,24.0,Engine,2022-03-06,Las Vegas Motor Speedway,Cup,1.5-mile,https://www.jayski.com/race-results/2022-nascar-cup-series-race-results/pennzoil-400-presented-by-jiffy-lube/,59.6,5.7,False
Greg Biffle,34,26.0,Fuel Pump,2022-03-06,Las Vegas Motor Speedway,Cup,1.5-mile,https://www.jayski.com/race-results/2022-nascar-cup-series-race-results/pennzoil-400-presented-by-jiffy-lube/,59.6,5.7,False
Chase Briscoe,35,4.0,Accident,2022-03-06,Las Vegas Motor Speedway,Cup,1.5-mile,https://www.jayski.com/race-results/2022-nascar-cup-series-race-results/pennzoil-400-presented-by-jiffy-lube/,59.6,5.7,False
Ryan Blaney,36,11.0,Accident,2022-03-06,Las Vegas Motor Speedway,Cup,1.5-mile,https://www.jayski.com/race-results/2022-nascar-cup-series-race-results/pennzoil-400-presented-by-jiffy-lube/,59.6,5.7,False
Daniel Suarez,37,21.0,Accident,2022-03-06,Las Vegas Motor Speedway,Cup,1.5-mile,https://www.jayski.com/race-results/2022-nascar-cup-series-race-results/pennzoil-400-presented-by-jiffy-lube/,59.6,5.7,False
Chase Briscoe,1,6.0,Running,2022-03-13,Phoenix Raceway,Cup,1-mile,https://www.jayski.com/race-results/2022-nascar-cup-series-race-results/ruoff-mortgage-500/,77.8,9.4,False
Ross Chastain,2,17.0,Running,2022-03-13,Phoenix Raceway,Cup,1-mile,https://www.jayski.com/race-results/2022-nascar-cup-series-race-results/ruoff-mortgage-500/,77.8,9.4,False
Tyler Reddick,3,12.0,Running,2022-03-13,Phoenix Raceway,Cup,1-mile,https://www.jayski.com/race-results/2022-nascar-cup-series-race-results/ruoff-mortgage-500/,77.8,9.4,False
Ryan Blaney,4,1.0,Running,2022-03-13,Phoenix Raceway,Cup,1-mile,https://www.jayski.com/race-results/2022-nascar-cup-series-race-results/ruoff-mortgage-500/,77.8,9.4,False
Kurt Busch,5,15.0,Running,2022-03-13,Phoenix Raceway,Cup,1-mile,https://www.jayski.com/race-results/2022-nascar-cup-series-race-results/ruoff-mortgage-500/,77.8,9.4,False
Kevin Harvick,6,16.0,Running,2022-03-13,Phoenix Raceway,Cup,1-mile,https://www.jayski.com/race-results/2022-nascar-cup-series-race-results/ruoff-mortgage-500/,77.8,9.4,False
Kyle Busch,7,11.0,Running,2022-03-13,Phoenix Raceway,Cup,1-mile,https://www.jayski.com/race-results/2022-nascar-cup-series-race-results/ruoff-mortgage-500/,77.8,9.4,False
Joey Logano,8,10.0,Running,2022-03-13,Phoenix Raceway,Cup,1-mile,https://www.jayski.com/race-results/2022-nascar-cup-series-race-results/ruoff-mortgage-500/,77.8,9.4,False
Daniel Suarez,9,23.0,Running,2022-03-13,Phoenix Raceway,Cup,1-mile,https://www.jayski.com/race-results/2022-nascar-cup-series-race-results/ruoff-mortgage-500/,77.8,9.4,False
Chris Buescher,10,26.0,Running,2022-03-13,Phoenix Raceway,Cup,1-mile,https://www.jayski.com/race-results/2022-nascar-cup-series-race-results/ruoff-mortgage-500/,77.8,9.4,False
Chase Elliott,11,19.0,Running,2022-03-13,Phoenix Raceway,Cup,1-mile,https://www.jayski.com/race-results/2022-nascar-cup-series-race-results/ruoff-mortgage-500/,77.8,9.4,False
Aric Almirola,12,5.0,Running,2022-03-13,Phoenix Raceway,Cup,1-mile,https://www.jayski.com/race-results/2022-nascar-cup-series-race-results/ruoff-mortgage-500/,77.8,9.4,False
Denny Hamlin,13,2.0,Running,2022-03-13,Phoenix Raceway,Cup,1-mile,https://www.jayski.com/race-results/2022-nascar-cup-series-race-results/ruoff-mortgage-500/,77.8,9.4,False
Alex Bowman,14,9.0,Running,2022-03-13,Phoenix Raceway,Cup,1-mile,https://www.jayski.com/race-results/2022-nascar-cup-series-race-results/ruoff-mortgage-500/,77.8,9.4,False
Ty Dillon,15,21.0,Running,2022-03-13,Phoenix Raceway,Cup,1-mile,https://www.jayski.com/race-results/2022-nascar-cup-series-race-results/ruoff-mortgage-500/,77.8,9.4,False
Cole Custer,16,25.0,Running,2022-03-13,Phoenix Raceway,Cup,1-mile,https://www.jayski.com/race-results/2022-nascar-cup-series-race-results/ruoff-mortgage-500/,77.8,9.4,False
Justin Haley,17,28.0,Running,2022-03-13,Phoenix Raceway,Cup,1-mile,https://www.jayski.com/race-results/2022-nascar-cup-series-race-results/ruoff-mortgage-500/,77.8,9.4,False
William Byron,18,3.0,Running,2022-03-13,Phoenix Raceway,Cup,1-mile,https://www.jayski.com/race-results/2022-nascar-cup-series-race-results/ruoff-mortgage-500/,77.8,9.4,False
Todd Gilliland,19,33.0,Running,2022-03-13,Phoenix Raceway,Cup,1-mile,https://www.jayski.com/race-results/2022-nascar-cup-series-race-results/ruoff-mortgage-500/,77.8,9.4,False
AJ Allmendinger,20,29.0,Running,2022-03-13,Phoenix Raceway,Cup,1-mile,https://www.jayski.com/race-results/2022-nascar-cup-series-race-results/ruoff-mortgage-500/,77.8,9.4,False
Austin Dillon,21,13.0,Accident,2022-03-13,Phoenix Raceway,Cup,1-mile,https://www.jayski.com/race-results/2022-nascar-cup-series-race-results/ruoff-mortgage-500/,77.8,9.4,False
Bubba Wallace,22,27.0,Running,2022-03-13,Phoenix Raceway,Cup,1-mile,https://www.jayski.com/race-results/2022-nascar-cup-series-race-results/ruoff-mortgage-500/,77.8,9.4,False
Brad Keselowski,23,18.0,Running,2022-03-13,Phoenix Raceway,Cup,1-mile,https://www.jayski.com/race-results/2022-nascar-cup-series-race-results/ruoff-mortgage-500/,77.8,9.4,False
Austin Cindric,24,8.0,Running,2022-03-13,Phoenix Raceway,Cup,1-mile,https://www.jayski.com/race-results/2022-nascar-cup-series-race-results/ruoff-mortgage-500/,77.8,9.4,False
Erik Jones,25,14.0,Running,2022-03-13,Phoenix Raceway,Cup,1-mile,https://www.jayski.com/race-results/2022-nascar-cup-series-race-results/ruoff-mortgage-500/,77.8,9.4,False
Christopher Bell,26,4.0,Running,2022-03-13,Phoenix Raceway,Cup,1-mile,https://www.jayski.com/race-results/2022-nascar-cup-series-race-results/ruoff-mortgage-500/,77.8,9.4,False
Michael McDowell,27,22.0,Running,2022-03-13,Phoenix Raceway,Cup,1-mile,https://www.jayski.com/race-results/2022-nascar-cup-series-race-results/ruoff-mortgage-500/,77.8,9.4,False
Ricky Stenhouse Jr.,28,36.0,Running,2022-03-13,Phoenix Raceway,Cup,1-mile,https://www.jayski.com/race-results/2022-nascar-cup-series-race-results/ruoff-mortgage-500/,77.8,9.4,False
Harrison Burton,29,24.0,Running,2022-03-13,Phoenix Raceway,Cup,1-mile,https://www.jayski.com/race-results/2022-nascar-cup-series-race-results/ruoff-mortgage-500/,77.8,9.4,False
Landon Cassill,30,31.0,Running,2022-03-13,Phoenix Raceway,Cup,1-mile,https://www.jayski.com/race-results/2022-nascar-cup-series-race-results/ruoff-mortgage-500/,77.8,9.4,False
Cody Ware,31,32.0,Running,2022-03-13,Phoenix Raceway,Cup,1-mile,https://www.jayski.com/race-results/2022-nascar-cup-series-race-results/ruoff-mortgage-500/,77.8,9.4,False
Garrett Smithley,32,35.0,Running,2022-03-13,Phoenix Raceway,Cup,1-mile,https://www.jayski.com/race-results/2022-nascar-cup-series-race-results/ruoff-mortgage-500/,77.8,9.4,False
BJ McLeod,33,34.0,Running,2022-03-13,Phoenix Raceway,Cup,1-mile,https://www.jayski.com/race-results/2022-nascar-cup-series-race-results/ruoff-mortgage-500/,77.8,9.4,False
Kyle Larson,34,7.0,Engine,2022-03-13,Phoenix Raceway,Cup,1-mile,https://www.jayski.com/race-results/2022-nascar-cup-series-race-results/ruoff-mortgage-500/,77.8,9.4,False
Martin Truex Jr.,35,20.0,Accident,2022-03-13,Phoenix Raceway,Cup,1-mile,https://www.jayski.com/race-results/2022-nascar-cup-series-race-results/ruoff-mortgage-500/,77.8,9.4,False
Corey LaJoie,36,30.0,Accident,2022-03-13,Phoenix Raceway,Cup,1-mile,https://www.jayski.com/race-results/2022-nascar-cup-series-race-results/ruoff-mortgage-500/,77.8,9.4,False
William Byron,1,5.0,Running,2022-04-09,Martinsville Speedway,Cup,short,https://www.jayski.com/race-results/2022-nascar-cup-series-race-results/blue-emu-maximum-pain-relief-400/,50.2,9.7,False
Joey Logano,2,14.0,Running,2022-04-09,Martinsville Speedway,Cup,short,https://www.jayski.com/race-results/2022-nascar-cup-series-race-results/blue-emu-maximum-pain-relief-400/,50.2,9.7,False
Austin Dillon,3,23.0,Running,2022-04-09,Martinsville Speedway,Cup,short,https://www.jayski.com/race-results/2022-nascar-cup-series-race-results/blue-emu-maximum-pain-relief-400/,50.2,9.7,False
Ryan Blaney,4,12.0,Running,2022-04-09,Martinsville Speedway,Cup,short,https://www.jayski.com/race-results/2022-nascar-cup-series-race-results/blue-emu-maximum-pain-relief-400/,50.2,9.7,False
Ross Chastain,5,27.0,Running,2022-04-09,Martinsville Speedway,Cup,short,https://www.jayski.com/race-results/2022-nascar-cup-series-race-results/blue-emu-maximum-pain-relief-400/,50.2,9.7,False
Kurt Busch,6,18.0,Running,2022-04-09,Martinsville Speedway,Cup,short,https://www.jayski.com/race-results/2022-nascar-cup-series-race-results/blue-emu-maximum-pain-relief-400/,50.2,9.7,False
Kyle Busch,7,11.0,Running,2022-04-09,Martinsville Speedway,Cup,short,https://www.jayski.com/race-results/2022-nascar-cup-series-race-results/blue-emu-maximum-pain-relief-400/,50.2,9.7,False
Aric Almirola,8,2.0,Running,2022-04-09,Martinsville Speedway,Cup,short,https://www.jayski.com/race-results/2022-nascar-cup-series-race-results/blue-emu-maximum-pain-relief-400/,50.2,9.7,False
Chase Briscoe,9,19.0,Running,2022-04-09,Martinsville Speedway,Cup,short,https://www.jayski.com/race-results/2022-nascar-cup-series-race-results/blue-emu-maximum-pain-relief-400/,50.2,9.7,False
Chase Elliott,10,1.0,Running,2022-04-09,Martinsville Speedway,Cup,short,https://www.jayski.com/race-results/2022-nascar-cup-series-race-results/blue-emu-maximum-pain-relief-400/,50.2,9.7,False
Austin Cindric,11,13.0,Running,2022-04-09,Martinsville Speedway,Cup,short,https://www.jayski.com/race-results/2022-nascar-cup-series-race-results/blue-emu-maximum-pain-relief-400/,50.2,9.7,False
Alex Bowman,12,15.0,Running,2022-04-09,Martinsville Speedway,Cup,short,https://www.jayski.com/race-results/2022-nascar-cup-series-race-results/blue-emu-maximum-pain-relief-400/,50.2,9.7,False
Erik Jones,13,24.0,Running,2022-04-09,Martinsville Speedway,Cup,short,https://www.jayski.com/race-results/2022-nascar-cup-series-race-results/blue-emu-maximum-pain-relief-400/,50.2,9.7,False
Kevin Harvick,14,6.0,Running,2022-04-09,Martinsville Speedway,Cup,short,https://www.jayski.com/race-results/2022-nascar-cup-series-race-results/blue-emu-maximum-pain-relief-400/,50.2,9.7,False
Chris Buescher,15,4.0,Running,2022-04-09,Martinsville Speedway,Cup,short,https://www.jayski.com/race-results/2022-nascar-cup-series-race-results/blue-emu-maximum-pain-relief-400/,50.2,9.7,False
Bubba Wallace,16,21.0,Running,2022-04-09,Martinsville Speedway,Cup,short,https://www.jayski.com/race-results/2022-nascar-cup-series-race-results/blue-emu-maximum-pain-relief-400/,50.2,9.7,False
Brad Keselowski,17,9.0,Running,2022-04-09,Martinsville Speedway,Cup,short,https://www.jayski.com/race-results/2022-nascar-cup-series-race-results/blue-emu-maximum-pain-relief-400/,50.2,9.7,False
Tyler Reddick,18,22.0,Running,2022-04-09,Martinsville Speedway,Cup,short,https://www.jayski.com/race-results/2022-nascar-cup-series-race-results/blue-emu-maximum-pain-relief-400/,50.2,9.7,False
Kyle Larson,19,8.0,Running,2022-04-09,Martinsville Speedway,Cup,short,https://www.jayski.com/race-results/2022-nascar-cup-series-race-results/blue-emu-maximum-pain-relief-400/,50.2,9.7,False
Christopher Bell,20,7.0,Running,2022-04-09,Martinsville Speedway,Cup,short,https://www.jayski.com/race-results/2022-nascar-cup-series-race-results/blue-emu-maximum-pain-relief-400/,50.2,9.7,False
Cole Custer,21,3.0,Running,2022-04-09,Martinsville Speedway,Cup,short,https://www.jayski.com/race-results/2022-nascar-cup-series-race-results/blue-emu-maximum-pain-relief-400/,50.2,9.7,False
Martin Truex Jr.,22,20.0,Running,2022-04-09,Martinsville Speedway,Cup,short,https://www.jayski.com/race-results/2022-nascar-cup-series-race-results/blue-emu-maximum-pain-relief-400/,50.2,9.7,False
Ty Dillon,23,34.0,Running,2022-04-09,Martinsville Speedway,Cup,short,https://www.jayski.com/race-results/2022-nascar-cup-series-race-results/blue-emu-maximum-pain-relief-400/,50.2,9.7,False
AJ Allmendinger,24,36.0,Running,2022-04-09,Martinsville Speedway,Cup,short,https://www.jayski.com/race-results/2022-nascar-cup-series-race-results/blue-emu-maximum-pain-relief-400/,50.2,9.7,False
Michael McDowell,25,16.0,Running,2022-04-09,Martinsville Speedway,Cup,short,https://www.jayski.com/race-results/2022-nascar-cup-series-race-results/blue-emu-maximum-pain-relief-400/,50.2,9.7,False
Harrison Burton,26,29.0,Running,2022-04-09,Martinsville Speedway,Cup,short,https://www.jayski.com/race-results/2022-nascar-cup-series-race-results/blue-emu-maximum-pain-relief-400/,50.2,9.7,False
Ricky Stenhouse Jr.,27,28.0,Running,2022-04-09,Martinsville Speedway,Cup,short,https://www.jayski.com/race-results/2022-nascar-cup-series-race-results/blue-emu-maximum-pain-relief-400/,50.2,9.7,False
Denny Hamlin,28,25.0,Running,2022-04-09,Martinsville Speedway,Cup,short,https://www.jayski.com/race-results/2022-nascar-cup-series-race-results/blue-emu-maximum-pain-relief-400/,50.2,9.7,False
Daniel Suarez,29,30.0,Running,2022-04-09,Martinsville Speedway,Cup,short,https://www.jayski.com/race-results/2022-nascar-cup-series-race-results/blue-emu-maximum-pain-relief-400/,50.2,9.7,False
Todd Gilliland,30,10.0,Running,2022-04-09,Martinsville Speedway,Cup,short,https://www.jayski.com/race-results/2022-nascar-cup-series-race-results/blue-emu-maximum-pain-relief-400/,50.2,9.7,False
Justin Haley,31,17.0,Running,2022-04-09,Martinsville Speedway,Cup,short,https://www.jayski.com/race-results/2022-nascar-cup-series-race-results/blue-emu-maximum-pain-relief-400/,50.2,9.7,False
Corey LaJoie,32,26.0,Running,2022-04-09,Martinsville Speedway,Cup,short,https://www.jayski.com/race-results/2022-nascar-cup-series-race-results/blue-emu-maximum-pain-relief-400/,50.2,9.7,False
Cody Ware,33,35.0,Running,2022-04-09,Martinsville Speedway,Cup,short,https://www.jayski.com/race-results/2022-nascar-cup-series-race-results/blue-emu-maximum-pain-relief-400/,50.2,9.7,False
JJ Yeley,34,32.0,Running,2022-04-09,Martinsville Speedway,Cup,short,https://www.jayski.com/race-results/2022-nascar-cup-series-race-results/blue-emu-maximum-pain-relief-400/,50.2,9.7,False
Josh Bilicki,35,31.0,Running,2022-04-09,Martinsville Speedway,Cup,short,https://www.jayski.com/race-results/2022-nascar-cup-series-race-results/blue-emu-maximum-pain-relief-400/,50.2,9.7,False
BJ McLeod,36,33.0,Handling,2022-04-09,Martinsville Speedway,Cup,short,https://www.jayski.com/race-results/2022-nascar-cup-series-race-results/blue-emu-maximum-pain-relief-400/,50.2,9.7,False
Ross Chastain,1,19.0,Running,2022-04-24,Talladega Superspeedway,Cup,superspeedway,https://www.jayski.com/race-results/2022-nascar-cup-series-race-results/geico-500/,80.6,7.8,False
Austin Dillon,2,14.0,Running,2022-04-24,Talladega Superspeedway,Cup,superspeedway,https://www.jayski.com/race-results/2022-nascar-cup-series-race-results/geico-500/,80.6,7.8,False
Kyle Busch,3,12.0,Running,2022-04-24,Talladega Superspeedway,Cup,superspeedway,https://www.jayski.com/race-results/2022-nascar-cup-series-race-results/geico-500/,80.6,7.8,False
Kyle Larson,4,5.0,Running,2022-04-24,Talladega Superspeedway,Cup,superspeedway,https://www.jayski.com/race-results/2022-nascar-cup-series-race-results/geico-500/,80.6,7.8,False
Martin Truex Jr.,5,2.0,Running,2022-04-24,Talladega Superspeedway,Cup,superspeedway,https://www.jayski.com/race-results/2022-nascar-cup-series-race-results/geico-500/,80.6,7.8,False
Erik Jones,6,16.0,Running,2022-04-24,Talladega Superspeedway,Cup,superspeedway,https://www.jayski.com/race-results/2022-nascar-cup-series-race-results/geico-500/,80.6,7.8,False
Chase Elliott,7,28.0,Running,2022-04-24,Talladega Superspeedway,Cup,superspeedway,https://www.jayski.com/race-results/2022-nascar-cup-series-race-results/geico-500/,80.6,7.8,False
Michael McDowell,8,21.0,Running,2022-04-24,Talladega Superspeedway,Cup,superspeedway,https://www.jayski.com/race-results/2022-nascar-cup-series-race-results/geico-500/,80.6,7.8,False
Alex Bowman,9,27.0,Running,2022-04-24,Talladega Superspeedway,Cup,superspeedway,https://www.jayski.com/race-results/2022-nascar-cup-series-race-results/geico-500/,80.6,7.8,False
Kevin Harvick,10,24.0,Running,2022-04-24,Talladega Superspeedway,Cup,superspeedway,https://www.jayski.com/race-results/2022-nascar-cup-series-race-results/geico-500/,80.6,7.8,False
Ryan Blaney,11,22.0,Running,2022-04-24,Talladega Superspeedway,Cup,superspeedway,https://www.jayski.com/race-results/2022-nascar-cup-series-race-results/geico-500/,80.6,7.8,False
Justin Haley,12,11.0,Running,2022-04-24,Talladega Superspeedway,Cup,superspeedway,https://www.jayski.com/race-results/2022-nascar-cup-series-race-results/geico-500/,80.6,7.8,False
Aric Almirola,13,23.0,Running,2022-04-24,Talladega Superspeedway,Cup,superspeedway,https://www.jayski.com/race-results/2022-nascar-cup-series-race-results/geico-500/,80.6,7.8,False
Corey LaJoie,14,33.0,Running,2022-04-24,Talladega Superspeedway,Cup,superspeedway,https://www.jayski.com/race-results/2022-nascar-cup-series-race-results/geico-500/,80.6,7.8,False
William Byron,15,8.0,Running,2022-04-24,Talladega Superspeedway,Cup,superspeedway,https://www.jayski.com/race-results/2022-nascar-cup-series-race-results/geico-500/,80.6,7.8,False
Kurt Busch,16,6.0,Running,2022-04-24,Talladega Superspeedway,Cup,superspeedway,https://www.jayski.com/race-results/2022-nascar-cup-series-race-results/geico-500/,80.6,7.8,False
Bubba Wallace,17,9.0,Running,2022-04-24,Talladega Superspeedway,Cup,superspeedway,https://www.jayski.com/race-results/2022-nascar-cup-series-race-results/geico-500/,80.6,7.8,False
Denny Hamlin,18,7.0,Running,2022-04-24,Talladega Superspeedway,Cup,superspeedway,https://www.jayski.com/race-results/2022-nascar-cup-series-race-results/geico-500/,80.6,7.8,False
Landon Cassill,19,39.0,Running,2022-04-24,Talladega Superspeedway,Cup,superspeedway,https://www.jayski.com/race-results/2022-nascar-cup-series-race-results/geico-500/,80.6,7.8,False
Noah Gragson,20,31.0,Running,2022-04-24,Talladega Superspeedway,Cup,superspeedway,https://www.jayski.com/race-results/2022-nascar-cup-series-race-results/geico-500/,80.6,7.8,False
Austin Cindric,21,18.0,Running,2022-04-24,Talladega Superspeedway,Cup,superspeedway,https://www.jayski.com/race-results/2022-nascar-cup-series-race-results/geico-500/,80.6,7.8,False
Christopher Bell,22,1.0,Running,2022-04-24,Talladega Superspeedway,Cup,superspeedway,https://www.jayski.com/race-results/2022-nascar-cup-series-race-results/geico-500/,80.6,7.8,False
Brad Keselowski,23,15.0,Running,2022-04-24,Talladega Superspeedway,Cup,superspeedway,https://www.jayski.com/race-results/2022-nascar-cup-series-race-results/geico-500/,80.6,7.8,False
David Ragan,24,36.0,Running,2022-04-24,Talladega Superspeedway,Cup,superspeedway,https://www.jayski.com/race-results/2022-nascar-cup-series-race-results/geico-500/,80.6,7.8,False
JJ Yeley,25,38.0,Running,2022-04-24,Talladega Superspeedway,Cup,superspeedway,https://www.jayski.com/race-results/2022-nascar-cup-series-race-results/geico-500/,80.6,7.8,False
BJ McLeod,26,37.0,Running,2022-04-24,Talladega Superspeedway,Cup,superspeedway,https://www.jayski.com/race-results/2022-nascar-cup-series-race-results/geico-500/,80.6,7.8,False
Todd Gilliland,27,32.0,Accident,2022-04-24,Talladega Superspeedway,Cup,superspeedway,https://www.jayski.com/race-results/2022-nascar-cup-series-race-results/geico-500/,80.6,7.8,False
Cody Ware,28,34.0,DVP,2022-04-24,Talladega Superspeedway,Cup,superspeedway,https://www.jayski.com/race-results/2022-nascar-cup-series-race-results/geico-500/,80.6,7.8,False
Cole Custer,29,29.0,Engine,2022-04-24,Talladega Superspeedway,Cup,superspeedway,https://www.jayski.com/race-results/2022-nascar-cup-series-race-results/geico-500/,80.6,7.8,False
Ricky Stenhouse Jr.,30,26.0,Accident,2022-04-24,Talladega Superspeedway,Cup,superspeedway,https://www.jayski.com/race-results/2022-nascar-cup-series-race-results/geico-500/,80.6,7.8,False
Daniel Suarez,31,4.0,DVP,2022-04-24,Talladega Superspeedway,Cup,superspeedway,https://www.jayski.com/race-results/2022-nascar-cup-series-race-results/geico-500/,80.6,7.8,False
Joey Logano,32,13.0,Accident,2022-04-24,Talladega Superspeedway,Cup,superspeedway,https://www.jayski.com/race-results/2022-nascar-cup-series-race-results/geico-500/,80.6,7.8,False
Ty Dillon,33,20.0,Accident,2022-04-24,Talladega Superspeedway,Cup,superspeedway,https://www.jayski.com/race-results/2022-nascar-cup-series-race-results/geico-500/,80.6,7.8,False
Harrison Burton,34,25.0,Accident,2022-04-24,Talladega Superspeedway,Cup,superspeedway,https://www.jayski.com/race-results/2022-nascar-cup-series-race-results/geico-500/,80.6,7.8,False
Greg Biffle,35,35.0,Fuel Pump,2022-04-24,Talladega Superspeedway,Cup,superspeedway,https://www.jayski.com/race-results/2022-nascar-cup-series-race-results/geico-500/,80.6,7.8,False
Daniel Hemric,36,3.0,Accident,2022-04-24,Talladega Superspeedway,Cup,superspeedway,https://www.jayski.com/race-results/2022-nascar-cup-series-race-results/geico-500/,80.6,7.8,False
Chase Briscoe,37,17.0,Accident,2022-04-24,Talladega Superspeedway,Cup,superspeedway,https://www.jayski.com/race-results/2022-nascar-cup-series-race-results/geico-500/,80.6,7.8,False
Chris Buescher,38,30.0,Accident,2022-04-24,Talladega Superspeedway,Cup,superspeedway,https://www.jayski.com/race-results/2022-nascar-cup-series-race-results/geico-500/,80.6,7.8,False
Tyler Reddick,39,10.0,Engine,2022-04-24,Talladega Superspeedway,Cup,superspeedway,https://www.jayski.com/race-results/2022-nascar-cup-series-race-results/geico-500/,80.6,7.8,False
Kurt Busch,1,5.0,Running,2022-05-15,Kansas Speedway,Cup,1.5-mile,https://www.jayski.com/race-results/2022-nascar-cup-series-race-results/adventhealth-400/,75.3,6.7,False
Kyle Larson,2,3.0,Running,2022-05-15,Kansas Speedway,Cup,1.5-mile,https://www.jayski.com/race-results/2022-nascar-cup-series-race-results/adventhealth-400/,75.3,6.7,False
Kyle Busch,3,6.0,Running,2022-05-15,Kansas Speedway,Cup,1.5-mile,https://www.jayski.com/race-results/2022-nascar-cup-series-race-results/adventhealth-400/,75.3,6.7,False
Denny Hamlin,4,18.0,Running,2022-05-15,Kansas Speedway,Cup,1.5-mile,https://www.jayski.com/race-results/2022-nascar-cup-series-race-results/adventhealth-400/,75.3,6.7,False
Christopher Bell,5,1.0,Running,2022-05-15,Kansas Speedway,Cup,1.5-mile,https://www.jayski.com/race-results/2022-nascar-cup-series-race-results/adventhealth-400/,75.3,6.7,False
Martin Truex Jr.,6,9.0,Running,2022-05-15,Kansas Speedway,Cup,1.5-mile,https://www.jayski.com/race-results/2022-nascar-cup-series-race-results/adventhealth-400/,75.3,6.7,False
Ross Chastain,7,11.0,Running,2022-05-15,Kansas Speedway,Cup,1.5-mile,https://www.jayski.com/race-results/2022-nascar-cup-series-race-results/adventhealth-400/,75.3,6.7,False
Ricky Stenhouse Jr.,8,36.0,Running,2022-05-15,Kansas Speedway,Cup,1.5-mile,https://www.jayski.com/race-results/2022-nascar-cup-series-race-results/adventhealth-400/,75.3,6.7,False
Alex Bowman,9,8.0,Running,2022-05-15,Kansas Speedway,Cup,1.5-mile,https://www.jayski.com/race-results/2022-nascar-cup-series-race-results/adventhealth-400/,75.3,6.7,False
Bubba Wallace,10,24.0,Running,2022-05-15,Kansas Speedway,Cup,1.5-mile,https://www.jayski.com/race-results/2022-nascar-cup-series-race-results/adventhealth-400/,75.3,6.7,False
Austin Cindric,11,4.0,Running,2022-05-15,Kansas Speedway,Cup,1.5-mile,https://www.jayski.com/race-results/2022-nascar-cup-series-race-results/adventhealth-400/,75.3,6.7,False
Ryan Blaney,12,10.0,Running,2022-05-15,Kansas Speedway,Cup,1.5-mile,https://www.jayski.com/race-results/2022-nascar-cup-series-race-results/adventhealth-400/,75.3,6.7,False
Austin Dillon,13,21.0,Running,2022-05-15,Kansas Speedway,Cup,1.5-mile,https://www.jayski.com/race-results/2022-nascar-cup-series-race-results/adventhealth-400/,75.3,6.7,False
Brad Keselowski,14,30.0,Running,2022-05-15,Kansas Speedway,Cup,1.5-mile,https://www.jayski.com/race-results/2022-nascar-cup-series-race-results/adventhealth-400/,75.3,6.7,False
Kevin Harvick,15,23.0,Running,2022-05-15,Kansas Speedway,Cup,1.5-mile,https://www.jayski.com/race-results/2022-nascar-cup-series-race-results/adventhealth-400/,75.3,6.7,False
William Byron,16,13.0,Running,2022-05-15,Kansas Speedway,Cup,1.5-mile,https://www.jayski.com/race-results/2022-nascar-cup-series-race-results/adventhealth-400/,75.3,6.7,False
Joey Logano,17,34.0,Running,2022-05-15,Kansas Speedway,Cup,1.5-mile,https://www.jayski.com/race-results/2022-nascar-cup-series-race-results/adventhealth-400/,75.3,6.7,False
Noah Gragson,18,28.0,Running,2022-05-15,Kansas Speedway,Cup,1.5-mile,https://www.jayski.com/race-results/2022-nascar-cup-series-race-results/adventhealth-400/,75.3,6.7,False
Corey LaJoie,19,20.0,Running,2022-05-15,Kansas Speedway,Cup,1.5-mile,https://www.jayski.com/race-results/2022-nascar-cup-series-race-results/adventhealth-400/,75.3,6.7,False
Ty Dillon,20,17.0,Running,2022-05-15,Kansas Speedway,Cup,1.5-mile,https://www.jayski.com/race-results/2022-nascar-cup-series-race-results/adventhealth-400/,75.3,6.7,False
Harrison Burton,21,26.0,Running,2022-05-15,Kansas Speedway,Cup,1.5-mile,https://www.jayski.com/race-results/2022-nascar-cup-series-race-results/adventhealth-400/,75.3,6.7,False
Cole Custer,22,16.0,Running,2022-05-15,Kansas Speedway,Cup,1.5-mile,https://www.jayski.com/race-results/2022-nascar-cup-series-race-results/adventhealth-400/,75.3,6.7,False
Michael McDowell,23,25.0,Running,2022-05-15,Kansas Speedway,Cup,1.5-mile,https://www.jayski.com/race-results/2022-nascar-cup-series-race-results/adventhealth-400/,75.3,6.7,False
Chase Briscoe,24,12.0,Running,2022-05-15,Kansas Speedway,Cup,1.5-mile,https://www.jayski.com/race-results/2022-nascar-cup-series-race-results/adventhealth-400/,75.3,6.7,False
Todd Gilliland,25,31.0,Running,2022-05-15,Kansas Speedway,Cup,1.5-mile,https://www.jayski.com/race-results/2022-nascar-cup-series-race-results/adventhealth-400/,75.3,6.7,False
Aric Almirola,26,7.0,Running,2022-05-15,Kansas Speedway,Cup,1.5-mile,https://www.jayski.com/race-results/2022-nascar-cup-series-race-results/adventhealth-400/,75.3,6.7,False
Chris Buescher,27,35.0,Running,2022-05-15,Kansas Speedway,Cup,1.5-mile,https://www.jayski.com/race-results/2022-nascar-cup-series-race-results/adventhealth-400/,75.3,6.7,False
Josh Bilicki,28,33.0,Running,2022-05-15,Kansas Speedway,Cup,1.5-mile,https://www.jayski.com/race-results/2022-nascar-cup-series-race-results/adventhealth-400/,75.3,6.7,False
Chase Elliott,29,14.0,Running,2022-05-15,Kansas Speedway,Cup,1.5-mile,https://www.jayski.com/race-results/2022-nascar-cup-series-race-results/adventhealth-400/,75.3,6.7,False
Tyler Reddick,30,2.0,Running,2022-05-15,Kansas Speedway,Cup,1.5-mile,https://www.jayski.com/race-results/2022-nascar-cup-series-race-results/adventhealth-400/,75.3,6.7,False
JJ Yeley,31,27.0,Running,2022-05-15,Kansas Speedway,Cup,1.5-mile,https://www.jayski.com/race-results/2022-nascar-cup-series-race-results/adventhealth-400/,75.3,6.7,False
Erik Jones,32,22.0,Running,2022-05-15,Kansas Speedway,Cup,1.5-mile,https://www.jayski.com/race-results/2022-nascar-cup-series-race-results/adventhealth-400/,75.3,6.7,False
Daniel Suarez,33,19.0,Running,2022-05-15,Kansas Speedway,Cup,1.5-mile,https://www.jayski.com/race-results/2022-nascar-cup-series-race-results/adventhealth-400/,75.3,6.7,False
Cody Ware,34,29.0,Running,2022-05-15,Kansas Speedway,Cup,1.5-mile,https://www.jayski.com/race-results/2022-nascar-cup-series-race-results/adventhealth-400/,75.3,6.7,False
Justin Haley,35,15.0,Electrical,2022-05-15,Kansas Speedway,Cup,1.5-mile,https://www.jayski.com/race-results/2022-nascar-cup-series-race-results/adventhealth-400/,75.3,6.7,False
BJ McLeod,36,32.0,Chassis,2022-05-15,Kansas Speedway,Cup,1.5-mile,https://www.jayski.com/race-results/2022-nascar-cup-series-race-results/adventhealth-400/,75.3,6.7,False
Denny Hamlin,1,1.0,Running,2022-05-29,Charlotte Motor Speedway,Cup,1.5-mile,https://www.jayski.com/race-results/2022-nascar-cup-series-race-results/coca-cola-600/,86.1,2.4,False
Kyle Busch,2,4.0,Running,2022-05-29,Charlotte Motor Speedway,Cup,1.5-mile,https://www.jayski.com/race-results/2022-nascar-cup-series-race-results/coca-cola-600/,86.1,2.4,False
Kevin Harvick,3,18.0,Running,2022-05-29,Charlotte Motor Speedway,Cup,1.5-mile,https://www.jayski.com/race-results/2022-nascar-cup-series-race-results/coca-cola-600/,86.1,2.4,False
Chase Briscoe,4,15.0,Running,2022-05-29,Charlotte Motor Speedway,Cup,1.5-mile,https://www.jayski.com/race-results/2022-nascar-cup-series-race-results/coca-cola-600/,86.1,2.4,False
Christopher Bell,5,3.0,Running,2022-05-29,Charlotte Motor Speedway,Cup,1.5-mile,https://www.jayski.com/race-results/2022-nascar-cup-series-race-results/coca-cola-600/,86.1,2.4,False
Tyler Reddick,6,8.0,Running,2022-05-29,Charlotte Motor Speedway,Cup,1.5-mile,https://www.jayski.com/race-results/2022-nascar-cup-series-race-results/coca-cola-600/,86.1,2.4,False
Ricky Stenhouse Jr.,7,29.0,Running,2022-05-29,Charlotte Motor Speedway,Cup,1.5-mile,https://www.jayski.com/race-results/2022-nascar-cup-series-race-results/coca-cola-600/,86.1,2.4,False
Michael McDowell,8,10.0,Running,2022-05-29,Charlotte Motor Speedway,Cup,1.5-mile,https://www.jayski.com/race-results/2022-nascar-cup-series-race-results/coca-cola-600/,86.1,2.4,False
Kyle Larson,9,36.0,Running,2022-05-29,Charlotte Motor Speedway,Cup,1.5-mile,https://www.jayski.com/race-results/2022-nascar-cup-series-race-results/coca-cola-600/,86.1,2.4,False
Alex Bowman,10,9.0,Running,2022-05-29,Charlotte Motor Speedway,Cup,1.5-mile,https://www.jayski.com/race-results/2022-nascar-cup-series-race-results/coca-cola-600/,86.1,2.4,False
Harrison Burton,11,17.0,Running,2022-05-29,Charlotte Motor Speedway,Cup,1.5-mile,https://www.jayski.com/race-results/2022-nascar-cup-series-race-results/coca-cola-600/,86.1,2.4,False
Martin Truex Jr.,12,14.0,Running,2022-05-29,Charlotte Motor Speedway,Cup,1.5-mile,https://www.jayski.com/race-results/2022-nascar-cup-series-race-results/coca-cola-600/,86.1,2.4,False
Ty Dillon,13,28.0,Running,2022-05-29,Charlotte Motor Speedway,Cup,1.5-mile,https://www.jayski.com/race-results/2022-nascar-cup-series-race-results/coca-cola-600/,86.1,2.4,False
Erik Jones,14,25.0,Running,2022-05-29,Charlotte Motor Speedway,Cup,1.5-mile,https://www.jayski.com/race-results/2022-nascar-cup-series-race-results/coca-cola-600/,86.1,2.4,False
Ross Chastain,15,22.0,Running,2022-05-29,Charlotte Motor Speedway,Cup,1.5-mile,https://www.jayski.com/race-results/2022-nascar-cup-series-race-results/coca-cola-600/,86.1,2.4,False
Todd Gilliland,16,30.0,Running,2022-05-29,Charlotte Motor Speedway,Cup,1.5-mile,https://www.jayski.com/race-results/2022-nascar-cup-series-race-results/coca-cola-600/,86.1,2.4,False
Aric Almirola,17,24.0,Running,2022-05-29,Charlotte Motor Speedway,Cup,1.5-mile,https://www.jayski.com/race-results/2022-nascar-cup-series-race-results/coca-cola-600/,86.1,2.4,False
Cody Ware,18,33.0,Running,2022-05-29,Charlotte Motor Speedway,Cup,1.5-mile,https://www.jayski.com/race-results/2022-nascar-cup-series-race-results/coca-cola-600/,86.1,2.4,False
BJ McLeod,19,31.0,Running,2022-05-29,Charlotte Motor Speedway,Cup,1.5-mile,https://www.jayski.com/race-results/2022-nascar-cup-series-race-results/coca-cola-600/,86.1,2.4,False
Joey Logano,20,23.0,Accident,2022-05-29,Charlotte Motor Speedway,Cup,1.5-mile,https://www.jayski.com/race-results/2022-nascar-cup-series-race-results/coca-cola-600/,86.1,2.4,False
Cole Custer,21,21.0,Accident,2022-05-29,Charlotte Motor Speedway,Cup,1.5-mile,https://www.jayski.com/race-results/2022-nascar-cup-series-race-results/coca-cola-600/,86.1,2.4,False
Austin Dillon,22,16.0,Accident,2022-05-29,Charlotte Motor Speedway,Cup,1.5-mile,https://www.jayski.com/race-results/2022-nascar-cup-series-race-results/coca-cola-600/,86.1,2.4,False
Kaz Grala,23,34.0,Running,2022-05-29,Charlotte Motor Speedway,Cup,1.5-mile,https://www.jayski.com/race-results/2022-nascar-cup-series-race-results/coca-cola-600/,86.1,2.4,False
Noah Gragson,24,27.0,Throttle,2022-05-29,Charlotte Motor Speedway,Cup,1.5-mile,https://www.jayski.com/race-results/2022-nascar-cup-series-race-results/coca-cola-600/,86.1,2.4,False
Daniel Suarez,25,12.0,Accident,2022-05-29,Charlotte Motor Speedway,Cup,1.5-mile,https://www.jayski.com/race-results/2022-nascar-cup-series-race-results/coca-cola-600/,86.1,2.4,False
Chris Buescher,26,19.0,Accident,2022-05-29,Charlotte Motor Speedway,Cup,1.5-mile,https://www.jayski.com/race-results/2022-nascar-cup-series-race-results/coca-cola-600/,86.1,2.4,False
Justin Haley,27,20.0,Engine,2022-05-29,Charlotte Motor Speedway,Cup,1.5-mile,https://www.jayski.com/race-results/2022-nascar-cup-series-race-results/coca-cola-600/,86.1,2.4,False
Bubba Wallace,28,7.0,DVP,2022-05-29,Charlotte Motor Speedway,Cup,1.5-mile,https://www.jayski.com/race-results/2022-nascar-cup-series-race-results/coca-cola-600/,86.1,2.4,False
Ryan Blaney,29,11.0,Accident,2022-05-29,Charlotte Motor Speedway,Cup,1.5-mile,https://www.jayski.com/race-results/2022-nascar-cup-series-race-results/coca-cola-600/,86.1,2.4,False
Brad Keselowski,30,35.0,Accident,2022-05-29,Charlotte Motor Speedway,Cup,1.5-mile,https://www.jayski.com/race-results/2022-nascar-cup-series-race-results/coca-cola-600/,86.1,2.4,False
Kurt Busch,31,2.0,Accident,2022-05-29,Charlotte Motor Speedway,Cup,1.5-mile,https://www.jayski.com/race-results/2022-nascar-cup-series-race-results/coca-cola-600/,86.1,2.4,False
William Byron,32,5.0,Accident,2022-05-29,Charlotte Motor Speedway,Cup,1.5-mile,https://www.jayski.com/race-results/2022-nascar-cup-series-race-results/coca-cola-600/,86.1,2.4,False
Chase Elliott,33,13.0,DVP,2022-05-29,Charlotte Motor Speedway,Cup,1.5-mile,https://www.jayski.com/race-results/2022-nascar-cup-series-race-results/coca-cola-600/,86.1,2.4,False
Austin Cindric,34,6.0,Accident,2022-05-29,Charlotte Motor Speedway,Cup,1.5-mile,https://www.jayski.com/race-results/2022-nascar-cup-series-race-results/coca-cola-600/,86.1,2.4,False
Corey LaJoie,35,37.0,Accident,2022-05-29,Charlotte Motor Speedway,Cup,1.5-mile,https://www.jayski.com/race-results/2022-nascar-cup-series-race-results/coca-cola-600/,86.1,2.4,False
Josh Bilicki,36,32.0,Accident,2022-05-29,Charlotte Motor Speedway,Cup,1.5-mile,https://www.jayski.com/race-results/2022-nascar-cup-series-race-results/coca-cola-600/,86.1,2.4,False
Ryan Preece,37,26.0,DVP,2022-05-29,Charlotte Motor Speedway,Cup,1.5-mile,https://www.jayski.com/race-results/2022-nascar-cup-series-race-results/coca-cola-600/,86.1,2.4,False
Bubba Wallace,1,6.0,Running,2022-09-11,Kansas Speedway,Cup,1.5-mile,https://www.jayski.com/race-results/2022-nascar-cup-series-race-results/hollywood-casino-400-presented-by-barstool/,73.7,10.0,False
Denny Hamlin,2,25.0,Running,2022-09-11,Kansas Speedway,Cup,1.5-mile,https://www.jayski.com/race-results/2022-nascar-cup-series-race-results/hollywood-casino-400-presented-by-barstool/,73.7,10.0,False
Christopher Bell,3,4.0,Running,2022-09-11,Kansas Speedway,Cup,1.5-mile,https://www.jayski.com/race-results/2022-nascar-cup-series-race-results/hollywood-casino-400-presented-by-barstool/,73.7,10.0,False
Alex Bowman,4,3.0,Running,2022-09-11,Kansas Speedway,Cup,1.5-mile,https://www.jayski.com/race-results/2022-nascar-cup-series-race-results/hollywood-casino-400-presented-by-barstool/,73.7,10.0,False
Martin Truex Jr.,5,12.0,Running,2022-09-11,Kansas Speedway,Cup,1.5-mile,https://www.jayski.com/race-results/2022-nascar-cup-series-race-results/hollywood-casino-400-presented-by-barstool/,73.7,10.0,False
William Byron,6,9.0,Running,2022-09-11,Kansas Speedway,Cup,1.5-mile,https://www.jayski.com/race-results/2022-nascar-cup-series-race-results/hollywood-casino-400-presented-by-barstool/,73.7,10.0,False
Ross Chastain,7,5.0,Running,2022-09-11,Kansas Speedway,Cup,1.5-mile,https://www.jayski.com/race-results/2022-nascar-cup-series-race-results/hollywood-casino-400-presented-by-barstool/,73.7,10.0,False
Kyle Larson,8,7.0,Running,2022-09-11,Kansas Speedway,Cup,1.5-mile,https://www.jayski.com/race-results/2022-nascar-cup-series-race-results/hollywood-casino-400-presented-by-barstool/,73.7,10.0,False
Ryan Blaney,9,17.0,Running,2022-09-11,Kansas Speedway,Cup,1.5-mile,https://www.jayski.com/race-results/2022-nascar-cup-series-race-results/hollywood-casino-400-presented-by-barstool/,73.7,10.0,False
Daniel Suarez,10,15.0,Running,2022-09-11,Kansas Speedway,Cup,1.5-mile,https://www.jayski.com/race-results/2022-nascar-cup-series-race-results/hollywood-casino-400-presented-by-barstool/,73.7,10.0,False
Chase Elliott,11,22.0,Running,2022-09-11,Kansas Speedway,Cup,1.5-mile,https://www.jayski.com/race-results/2022-nascar-cup-series-race-results/hollywood-casino-400-presented-by-barstool/,73.7,10.0,False
Austin Cindric #,12,8.0,Running,2022-09-11,Kansas Speedway,Cup,1.5-mile,https://www.jayski.com/race-results/2022-nascar-cup-series-race-results/hollywood-casino-400-presented-by-barstool/,73.7,10.0,False
Chase Briscoe,13,13.0,Running,2022-09-11,Kansas Speedway,Cup,1.5-mile,https://www.jayski.com/race-results/2022-nascar-cup-series-race-results/hollywood-casino-400-presented-by-barstool/,73.7,10.0,False
Austin Dillon,14,11.0,Running,2022-09-11,Kansas Speedway,Cup,1.5-mile,https://www.jayski.com/race-results/2022-nascar-cup-series-race-results/hollywood-casino-400-presented-by-barstool/,73.7,10.0,False
Chris Buescher,15,10.0,Running,2022-09-11,Kansas Speedway,Cup,1.5-mile,https://www.jayski.com/race-results/2022-nascar-cup-series-race-results/hollywood-casino-400-presented-by-barstool/,73.7,10.0,False
Michael McDowell,16,23.0,Running,2022-09-11,Kansas Speedway,Cup,1.5-mile,https://www.jayski.com/race-results/2022-nascar-cup-series-race-results/hollywood-casino-400-presented-by-barstool/,73.7,10.0,False
Joey Logano,17,2.0,Running,2022-09-11,Kansas Speedway,Cup,1.5-mile,https://www.jayski.com/race-results/2022-nascar-cup-series-race-results/hollywood-casino-400-presented-by-barstool/,73.7,10.0,False
Noah Gragson,18,28.0,Running,2022-09-11,Kansas Speedway,Cup,1.5-mile,https://www.jayski.com/race-results/2022-nascar-cup-series-race-results/hollywood-casino-400-presented-by-barstool/,73.7,10.0,False
Justin Haley,19,27.0,Running,2022-09-11,Kansas Speedway,Cup,1.5-mile,https://www.jayski.com/race-results/2022-nascar-cup-series-race-results/hollywood-casino-400-presented-by-barstool/,73.7,10.0,False
Ty Dillon,20,21.0,Running,2022-09-11,Kansas Speedway,Cup,1.5-mile,https://www.jayski.com/race-results/2022-nascar-cup-series-race-results/hollywood-casino-400-presented-by-barstool/,73.7,10.0,False
Aric Almirola,21,36.0,Running,2022-09-11,Kansas Speedway,Cup,1.5-mile,https://www.jayski.com/race-results/2022-nascar-cup-series-race-results/hollywood-casino-400-presented-by-barstool/,73.7,10.0,False
Cole Custer,22,29.0,Running,2022-09-11,Kansas Speedway,Cup,1.5-mile,https://www.jayski.com/race-results/2022-nascar-cup-series-race-results/hollywood-casino-400-presented-by-barstool/,73.7,10.0,False
Todd Gilliland,23,32.0,Running,2022-09-11,Kansas Speedway,Cup,1.5-mile,https://www.jayski.com/race-results/2022-nascar-cup-series-race-results/hollywood-casino-400-presented-by-barstool/,73.7,10.0,False
Landon Cassill,24,31.0,Running,2022-09-11,Kansas Speedway,Cup,1.5-mile,https://www.jayski.com/race-results/2022-nascar-cup-series-race-results/hollywood-casino-400-presented-by-barstool/,73.7,10.0,False
Brad Keselowski,25,26.0,Running,2022-09-11,Kansas Speedway,Cup,1.5-mile,https://www.jayski.com/race-results/2022-nascar-cup-series-race-results/hollywood-casino-400-presented-by-barstool/,73.7,10.0,False
Kyle Busch,26,20.0,Running,2022-09-11,Kansas Speedway,Cup,1.5-mile,https://www.jayski.com/race-results/2022-nascar-cup-series-race-results/hollywood-casino-400-presented-by-barstool/,73.7,10.0,False
Cody Ware,27,30.0,Running,2022-09-11,Kansas Speedway,Cup,1.5-mile,https://www.jayski.com/race-results/2022-nascar-cup-series-race-results/hollywood-casino-400-presented-by-barstool/,73.7,10.0,False
JJ Yeley,28,33.0,Running,2022-09-11,Kansas Speedway,Cup,1.5-mile,https://www.jayski.com/race-results/2022-nascar-cup-series-race-results/hollywood-casino-400-presented-by-barstool/,73.7,10.0,False
Erik Jones,29,24.0,Running,2022-09-11,Kansas Speedway,Cup,1.5-mile,https://www.jayski.com/race-results/2022-nascar-cup-series-race-results/hollywood-casino-400-presented-by-barstool/,73.7,10.0,False
Ricky Stenhouse Jr.,30,35.0,Running,2022-09-11,Kansas Speedway,Cup,1.5-mile,https://www.jayski.com/race-results/2022-nascar-cup-series-race-results/hollywood-casino-400-presented-by-barstool/,73.7,10.0,False
BJ McLeod,31,34.0,Running,2022-09-11,Kansas Speedway,Cup,1.5-mile,https://www.jayski.com/race-results/2022-nascar-cup-series-race-results/hollywood-casino-400-presented-by-barstool/,73.7,10.0,False
Harrison Burton,32,18.0,Accident,2022-09-11,Kansas Speedway,Cup,1.5-mile,https://www.jayski.com/race-results/2022-nascar-cup-series-race-results/hollywood-casino-400-presented-by-barstool/,73.7,10.0,False
Corey LaJoie,33,19.0,Accident,2022-09-11,Kansas Speedway,Cup,1.5-mile,https://www.jayski.com/race-results/2022-nascar-cup-series-race-results/hollywood-casino-400-presented-by-barstool/,73.7,10.0,False
Ty Gibbs,34,16.0,Accident,2022-09-11,Kansas Speedway,Cup,1.5-mile,https://www.jayski.com/race-results/2022-nascar-cup-series-race-results/hollywood-casino-400-presented-by-barstool/,73.7,10.0,False
Tyler Reddick,35,1.0,Accident,2022-09-11,Kansas Speedway,Cup,1.5-mile,https://www.jayski.com/race-results/2022-nascar-cup-series-race-results/hollywood-casino-400-presented-by-barstool/,73.7,10.0,False
Kevin Harvick,36,14.0,Accident,2022-09-11,Kansas Speedway,Cup,1.5-mile,https://www.jayski.com/race-results/2022-nascar-cup-series-race-results/hollywood-casino-400-presented-by-barstool/,73.7,10.0,False
Tyler Reddick,1,4.0,Running,2022-09-25,Texas Motor Speedway,Cup,1.5-mile,https://www.jayski.com/race-results/2022-nascar-cup-series-race-results/autotrader-echopark-automotive-500/,94.4,8.8,False
Joey Logano,2,2.0,Running,2022-09-25,Texas Motor Speedway,Cup,1.5-mile,https://www.jayski.com/race-results/2022-nascar-cup-series-race-results/autotrader-echopark-automotive-500/,94.4,8.8,False
Justin Haley,3,31.0,Running,2022-09-25,Texas Motor Speedway,Cup,1.5-mile,https://www.jayski.com/race-results/2022-nascar-cup-series-race-results/autotrader-echopark-automotive-500/,94.4,8.8,False
Ryan Blaney,4,14.0,Running,2022-09-25,Texas Motor Speedway,Cup,1.5-mile,https://www.jayski.com/race-results/2022-nascar-cup-series-race-results/autotrader-echopark-automotive-500/,94.4,8.8,False
Chase Briscoe,5,30.0,Running,2022-09-25,Texas Motor Speedway,Cup,1.5-mile,https://www.jayski.com/race-results/2022-nascar-cup-series-race-results/autotrader-echopark-automotive-500/,94.4,8.8,False
Erik Jones,6,27.0,Running,2022-09-25,Texas Motor Speedway,Cup,1.5-mile,https://www.jayski.com/race-results/2022-nascar-cup-series-race-results/autotrader-echopark-automotive-500/,94.4,8.8,False
William Byron,7,3.0,Running,2022-09-25,Texas Motor Speedway,Cup,1.5-mile,https://www.jayski.com/race-results/2022-nascar-cup-series-race-results/autotrader-echopark-automotive-500/,94.4,8.8,False
Brad Keselowski,8,1.0,Running,2022-09-25,Texas Motor Speedway,Cup,1.5-mile,https://www.jayski.com/race-results/2022-nascar-cup-series-race-results/autotrader-echopark-automotive-500/,94.4,8.8,False
Kyle Larson,9,9.0,Running,2022-09-25,Texas Motor Speedway,Cup,1.5-mile,https://www.jayski.com/race-results/2022-nascar-cup-series-race-results/autotrader-echopark-automotive-500/,94.4,8.8,False
Denny Hamlin,10,8.0,Running,2022-09-25,Texas Motor Speedway,Cup,1.5-mile,https://www.jayski.com/race-results/2022-nascar-cup-series-race-results/autotrader-echopark-automotive-500/,94.4,8.8,False
Michael McDowell,11,5.0,Running,2022-09-25,Texas Motor Speedway,Cup,1.5-mile,https://www.jayski.com/race-results/2022-nascar-cup-series-race-results/autotrader-echopark-automotive-500/,94.4,8.8,False
Daniel Suarez,12,10.0,Running,2022-09-25,Texas Motor Speedway,Cup,1.5-mile,https://www.jayski.com/race-results/2022-nascar-cup-series-race-results/autotrader-echopark-automotive-500/,94.4,8.8,False
Ross Chastain,13,12.0,Running,2022-09-25,Texas Motor Speedway,Cup,1.5-mile,https://www.jayski.com/race-results/2022-nascar-cup-series-race-results/autotrader-echopark-automotive-500/,94.4,8.8,False
Corey LaJoie,14,29.0,Running,2022-09-25,Texas Motor Speedway,Cup,1.5-mile,https://www.jayski.com/race-results/2022-nascar-cup-series-race-results/autotrader-echopark-automotive-500/,94.4,8.8,False
Austin Cindric #,15,11.0,Running,2022-09-25,Texas Motor Speedway,Cup,1.5-mile,https://www.jayski.com/race-results/2022-nascar-cup-series-race-results/autotrader-echopark-automotive-500/,94.4,8.8,False
Ty Dillon,16,32.0,Running,2022-09-25,Texas Motor Speedway,Cup,1.5-mile,https://www.jayski.com/race-results/2022-nascar-cup-series-race-results/autotrader-echopark-automotive-500/,94.4,8.8,False
Austin Dillon,17,7.0,Running,2022-09-25,Texas Motor Speedway,Cup,1.5-mile,https://www.jayski.com/race-results/2022-nascar-cup-series-race-results/autotrader-echopark-automotive-500/,94.4,8.8,False
Harrison Burton,18,20.0,Running,2022-09-25,Texas Motor Speedway,Cup,1.5-mile,https://www.jayski.com/race-results/2022-nascar-cup-series-race-results/autotrader-echopark-automotive-500/,94.4,8.8,False
Kevin Harvick,19,23.0,Running,2022-09-25,Texas Motor Speedway,Cup,1.5-mile,https://www.jayski.com/race-results/2022-nascar-cup-series-race-results/autotrader-echopark-automotive-500/,94.4,8.8,False
Ty Gibbs,20,16.0,Running,2022-09-25,Texas Motor Speedway,Cup,1.5-mile,https://www.jayski.com/race-results/2022-nascar-cup-series-race-results/autotrader-echopark-automotive-500/,94.4,8.8,False
Noah Gragson,21,26.0,Running,2022-09-25,Texas Motor Speedway,Cup,1.5-mile,https://www.jayski.com/race-results/2022-nascar-cup-series-race-results/autotrader-echopark-automotive-500/,94.4,8.8,False
Landon Cassill,22,35.0,Running,2022-09-25,Texas Motor Speedway,Cup,1.5-mile,https://www.jayski.com/race-results/2022-nascar-cup-series-race-results/autotrader-echopark-automotive-500/,94.4,8.8,False
Garrett Smithley,23,33.0,Running,2022-09-25,Texas Motor Speedway,Cup,1.5-mile,https://www.jayski.com/race-results/2022-nascar-cup-series-race-results/autotrader-echopark-automotive-500/,94.4,8.8,False
Aric Almirola,24,25.0,Running,2022-09-25,Texas Motor Speedway,Cup,1.5-mile,https://www.jayski.com/race-results/2022-nascar-cup-series-race-results/autotrader-echopark-automotive-500/,94.4,8.8,False
Bubba Wallace,25,19.0,Running,2022-09-25,Texas Motor Speedway,Cup,1.5-mile,https://www.jayski.com/race-results/2022-nascar-cup-series-race-results/autotrader-echopark-automotive-500/,94.4,8.8,False
BJ McLeod,26,34.0,Running,2022-09-25,Texas Motor Speedway,Cup,1.5-mile,https://www.jayski.com/race-results/2022-nascar-cup-series-race-results/autotrader-echopark-automotive-500/,94.4,8.8,False
Ricky Stenhouse Jr.,27,21.0,Running,2022-09-25,Texas Motor Speedway,Cup,1.5-mile,https://www.jayski.com/race-results/2022-nascar-cup-series-race-results/autotrader-echopark-automotive-500/,94.4,8.8,False
Todd Gilliland,28,28.0,Running,2022-09-25,Texas Motor Speedway,Cup,1.5-mile,https://www.jayski.com/race-results/2022-nascar-cup-series-race-results/autotrader-echopark-automotive-500/,94.4,8.8,False
Alex Bowman,29,17.0,Running,2022-09-25,Texas Motor Speedway,Cup,1.5-mile,https://www.jayski.com/race-results/2022-nascar-cup-series-race-results/autotrader-echopark-automotive-500/,94.4,8.8,False
Chris Buescher,30,13.0,Accident,2022-09-25,Texas Motor Speedway,Cup,1.5-mile,https://www.jayski.com/race-results/2022-nascar-cup-series-race-results/autotrader-echopark-automotive-500/,94.4,8.8,False
Martin Truex Jr.,31,15.0,Accident,2022-09-25,Texas Motor Speedway,Cup,1.5-mile,https://www.jayski.com/race-results/2022-nascar-cup-series-race-results/autotrader-echopark-automotive-500/,94.4,8.8,False
Chase Elliott,32,6.0,Accident,2022-09-25,Texas Motor Speedway,Cup,1.5-mile,https://www.jayski.com/race-results/2022-nascar-cup-series-race-results/autotrader-echopark-automotive-500/,94.4,8.8,False
Cody Ware,33,36.0,Accident,2022-09-25,Texas Motor Speedway,Cup,1.5-mile,https://www.jayski.com/race-results/2022-nascar-cup-series-race-results/autotrader-echopark-automotive-500/,94.4,8.8,False
Christopher Bell,34,22.0,DVP,2022-09-25,Texas Motor Speedway,Cup,1.5-mile,https://www.jayski.com/race-results/2022-nascar-cup-series-race-results/autotrader-echopark-automotive-500/,94.4,8.8,False
Cole Custer,35,24.0,Accident,2022-09-25,Texas Motor Speedway,Cup,1.5-mile,https://www.jayski.com/race-results/2022-nascar-cup-series-race-results/autotrader-echopark-automotive-500/,94.4,8.8,False
Kyle Busch,36,18.0,Accident,2022-09-25,Texas Motor Speedway,Cup,1.5-mile,https://www.jayski.com/race-results/2022-nascar-cup-series-race-results/autotrader-echopark-automotive-500/,94.4,8.8,False
Chase Elliott,1,16.0,Running,2022-10-02,Talladega Superspeedway,Cup,superspeedway,https://www.jayski.com/race-results/2022-nascar-cup-series-race-results/yellawood-500/,76.2,9.4,False
Ryan Blaney,2,19.0,Running,2022-10-02,Talladega Superspeedway,Cup,superspeedway,https://www.jayski.com/race-results/2022-nascar-cup-series-race-results/yellawood-500/,76.2,9.4,False
Michael McDowell,3,29.0,Running,2022-10-02,Talladega Superspeedway,Cup,superspeedway,https://www.jayski.com/race-results/2022-nascar-cup-series-race-results/yellawood-500/,76.2,9.4,False
Ross Chastain,4,6.0,Running,2022-10-02,Talladega Superspeedway,Cup,superspeedway,https://www.jayski.com/race-results/2022-nascar-cup-series-race-results/yellawood-500/,76.2,9.4,False
Denny Hamlin,5,3.0,Running,2022-10-02,Talladega Superspeedway,Cup,superspeedway,https://www.jayski.com/race-results/2022-nascar-cup-series-race-results/yellawood-500/,76.2,9.4,False
Erik Jones,6,12.0,Running,2022-10-02,Talladega Superspeedway,Cup,superspeedway,https://www.jayski.com/race-results/2022-nascar-cup-series-race-results/yellawood-500/,76.2,9.4,False
Todd Gilliland,7,34.0,Running,2022-10-02,Talladega Superspeedway,Cup,superspeedway,https://www.jayski.com/race-results/2022-nascar-cup-series-race-results/yellawood-500/,76.2,9.4,False
Daniel Suarez,8,14.0,Running,2022-10-02,Talladega Superspeedway,Cup,superspeedway,https://www.jayski.com/race-results/2022-nascar-cup-series-race-results/yellawood-500/,76.2,9.4,False
Austin Cindric #,9,17.0,Running,2022-10-02,Talladega Superspeedway,Cup,superspeedway,https://www.jayski.com/race-results/2022-nascar-cup-series-race-results/yellawood-500/,76.2,9.4,False
Chase Briscoe,10,5.0,Running,2022-10-02,Talladega Superspeedway,Cup,superspeedway,https://www.jayski.com/race-results/2022-nascar-cup-series-race-results/yellawood-500/,76.2,9.4,False
Landon Cassill,11,33.0,Running,2022-10-02,Talladega Superspeedway,Cup,superspeedway,https://www.jayski.com/race-results/2022-nascar-cup-series-race-results/yellawood-500/,76.2,9.4,False
William Byron,12,9.0,Running,2022-10-02,Talladega Superspeedway,Cup,superspeedway,https://www.jayski.com/race-results/2022-nascar-cup-series-race-results/yellawood-500/,76.2,9.4,False
Austin Dillon,13,20.0,Running,2022-10-02,Talladega Superspeedway,Cup,superspeedway,https://www.jayski.com/race-results/2022-nascar-cup-series-race-results/yellawood-500/,76.2,9.4,False
Aric Almirola,14,4.0,Running,2022-10-02,Talladega Superspeedway,Cup,superspeedway,https://www.jayski.com/race-results/2022-nascar-cup-series-race-results/yellawood-500/,76.2,9.4,False
Justin Haley,15,21.0,Running,2022-10-02,Talladega Superspeedway,Cup,superspeedway,https://www.jayski.com/race-results/2022-nascar-cup-series-race-results/yellawood-500/,76.2,9.4,False
Bubba Wallace,16,27.0,Running,2022-10-02,Talladega Superspeedway,Cup,superspeedway,https://www.jayski.com/race-results/2022-nascar-cup-series-race-results/yellawood-500/,76.2,9.4,False
Christopher Bell,17,1.0,Running,2022-10-02,Talladega Superspeedway,Cup,superspeedway,https://www.jayski.com/race-results/2022-nascar-cup-series-race-results/yellawood-500/,76.2,9.4,False
Kyle Larson,18,2.0,Running,2022-10-02,Talladega Superspeedway,Cup,superspeedway,https://www.jayski.com/race-results/2022-nascar-cup-series-race-results/yellawood-500/,76.2,9.4,False
Noah Gragson(i),19,7.0,Running,2022-10-02,Talladega Superspeedway,Cup,superspeedway,https://www.jayski.com/race-results/2022-nascar-cup-series-race-results/yellawood-500/,76.2,9.4,False
Kyle Busch,20,26.0,Running,2022-10-02,Talladega Superspeedway,Cup,superspeedway,https://www.jayski.com/race-results/2022-nascar-cup-series-race-results/yellawood-500/,76.2,9.4,False
Cole Custer,21,28.0,Running,2022-10-02,Talladega Superspeedway,Cup,superspeedway,https://www.jayski.com/race-results/2022-nascar-cup-series-race-results/yellawood-500/,76.2,9.4,False
Ricky Stenhouse Jr.,22,25.0,Running,2022-10-02,Talladega Superspeedway,Cup,superspeedway,https://www.jayski.com/race-results/2022-nascar-cup-series-race-results/yellawood-500/,76.2,9.4,False
Ty Dillon,23,30.0,Running,2022-10-02,Talladega Superspeedway,Cup,superspeedway,https://www.jayski.com/race-results/2022-nascar-cup-series-race-results/yellawood-500/,76.2,9.4,False
Brad Keselowski,24,18.0,Running,2022-10-02,Talladega Superspeedway,Cup,superspeedway,https://www.jayski.com/race-results/2022-nascar-cup-series-race-results/yellawood-500/,76.2,9.4,False
Chris Buescher,25,23.0,Running,2022-10-02,Talladega Superspeedway,Cup,superspeedway,https://www.jayski.com/race-results/2022-nascar-cup-series-race-results/yellawood-500/,76.2,9.4,False
Martin Truex Jr.,26,22.0,Running,2022-10-02,Talladega Superspeedway,Cup,superspeedway,https://www.jayski.com/race-results/2022-nascar-cup-series-race-results/yellawood-500/,76.2,9.4,False
Joey Logano,27,11.0,Running,2022-10-02,Talladega Superspeedway,Cup,superspeedway,https://www.jayski.com/race-results/2022-nascar-cup-series-race-results/yellawood-500/,76.2,9.4,False
Tyler Reddick,28,8.0,Running,2022-10-02,Talladega Superspeedway,Cup,superspeedway,https://www.jayski.com/race-results/2022-nascar-cup-series-race-results/yellawood-500/,76.2,9.4,False
Kevin Harvick,29,24.0,Running,2022-10-02,Talladega Superspeedway,Cup,superspeedway,https://www.jayski.com/race-results/2022-nascar-cup-series-race-results/yellawood-500/,76.2,9.4,False
Justin Allgaier,30,31.0,Running,2022-10-02,Talladega Superspeedway,Cup,superspeedway,https://www.jayski.com/race-results/2022-nascar-cup-series-race-results/yellawood-500/,76.2,9.4,False
JJ Yeley,31,36.0,Running,2022-10-02,Talladega Superspeedway,Cup,superspeedway,https://www.jayski.com/race-results/2022-nascar-cup-series-race-results/yellawood-500/,76.2,9.4,False
Cody Ware,32,37.0,Running,2022-10-02,Talladega Superspeedway,Cup,superspeedway,https://www.jayski.com/race-results/2022-nascar-cup-series-race-results/yellawood-500/,76.2,9.4,False
BJ McLeod,33,35.0,Running,2022-10-02,Talladega Superspeedway,Cup,superspeedway,https://www.jayski.com/race-results/2022-nascar-cup-series-race-results/yellawood-500/,76.2,9.4,False
Daniel Hemric,34,13.0,Electrical,2022-10-02,Talladega Superspeedway,Cup,superspeedway,https://www.jayski.com/race-results/2022-nascar-cup-series-race-results/yellawood-500/,76.2,9.4,False
Corey LaJoie,35,32.0,Accident,2022-10-02,Talladega Superspeedway,Cup,superspeedway,https://www.jayski.com/race-results/2022-nascar-cup-series-race-results/yellawood-500/,76.2,9.4,False
Harrison Burton,36,15.0,Accident,2022-10-02,Talladega Superspeedway,Cup,superspeedway,https://www.jayski.com/race-results/2022-nascar-cup-series-race-results/yellawood-500/,76.2,9.4,False
Ty Gibbs,37,10.0,Accident,2022-10-02,Talladega Superspeedway,Cup,superspeedway,https://www.jayski.com/race-results/2022-nascar-cup-series-race-results/yellawood-500/,76.2,9.4,False
Joey Logano,1,5.0,Running,2022-10-16,Las Vegas Motor Speedway,Cup,1.5-mile,https://www.jayski.com/race-results/2022-nascar-cup-series-race-results/south-point-400/,78.3,3.3,False
Ross Chastain,2,11.0,Running,2022-10-16,Las Vegas Motor Speedway,Cup,1.5-mile,https://www.jayski.com/race-results/2022-nascar-cup-series-race-results/south-point-400/,78.3,3.3,False
Kyle Busch,3,18.0,Running,2022-10-16,Las Vegas Motor Speedway,Cup,1.5-mile,https://www.jayski.com/race-results/2022-nascar-cup-series-race-results/south-point-400/,78.3,3.3,False
Chase Briscoe,4,16.0,Running,2022-10-16,Las Vegas Motor Speedway,Cup,1.5-mile,https://www.jayski.com/race-results/2022-nascar-cup-series-race-results/south-point-400/,78.3,3.3,False
Denny Hamlin,5,31.0,Running,2022-10-16,Las Vegas Motor Speedway,Cup,1.5-mile,https://www.jayski.com/race-results/2022-nascar-cup-series-race-results/south-point-400/,78.3,3.3,False
Tyler Reddick,6,1.0,Running,2022-10-16,Las Vegas Motor Speedway,Cup,1.5-mile,https://www.jayski.com/race-results/2022-nascar-cup-series-race-results/south-point-400/,78.3,3.3,False
Martin Truex Jr.,7,27.0,Running,2022-10-16,Las Vegas Motor Speedway,Cup,1.5-mile,https://www.jayski.com/race-results/2022-nascar-cup-series-race-results/south-point-400/,78.3,3.3,False
Erik Jones,8,22.0,Running,2022-10-16,Las Vegas Motor Speedway,Cup,1.5-mile,https://www.jayski.com/race-results/2022-nascar-cup-series-race-results/south-point-400/,78.3,3.3,False
AJ Allmendinger,9,21.0,Running,2022-10-16,Las Vegas Motor Speedway,Cup,1.5-mile,https://www.jayski.com/race-results/2022-nascar-cup-series-race-results/south-point-400/,78.3,3.3,False
Austin Dillon,10,10.0,Running,2022-10-16,Las Vegas Motor Speedway,Cup,1.5-mile,https://www.jayski.com/race-results/2022-nascar-cup-series-race-results/south-point-400/,78.3,3.3,False
Noah Gragson,11,17.0,Running,2022-10-16,Las Vegas Motor Speedway,Cup,1.5-mile,https://www.jayski.com/race-results/2022-nascar-cup-series-race-results/south-point-400/,78.3,3.3,False
Kevin Harvick,12,13.0,Running,2022-10-16,Las Vegas Motor Speedway,Cup,1.5-mile,https://www.jayski.com/race-results/2022-nascar-cup-series-race-results/south-point-400/,78.3,3.3,False
William Byron,13,3.0,Running,2022-10-16,Las Vegas Motor Speedway,Cup,1.5-mile,https://www.jayski.com/race-results/2022-nascar-cup-series-race-results/south-point-400/,78.3,3.3,False
Justin Haley,14,28.0,Running,2022-10-16,Las Vegas Motor Speedway,Cup,1.5-mile,https://www.jayski.com/race-results/2022-nascar-cup-series-race-results/south-point-400/,78.3,3.3,False
Chris Buescher,15,12.0,Running,2022-10-16,Las Vegas Motor Speedway,Cup,1.5-mile,https://www.jayski.com/race-results/2022-nascar-cup-series-race-results/south-point-400/,78.3,3.3,False
Daniel Suarez,16,6.0,Running,2022-10-16,Las Vegas Motor Speedway,Cup,1.5-mile,https://www.jayski.com/race-results/2022-nascar-cup-series-race-results/south-point-400/,78.3,3.3,False
Brad Keselowski,17,25.0,Running,2022-10-16,Las Vegas Motor Speedway,Cup,1.5-mile,https://www.jayski.com/race-results/2022-nascar-cup-series-race-results/south-point-400/,78.3,3.3,False
Aric Almirola,18,23.0,Running,2022-10-16,Las Vegas Motor Speedway,Cup,1.5-mile,https://www.jayski.com/race-results/2022-nascar-cup-series-race-results/south-point-400/,78.3,3.3,False
Michael McDowell,19,15.0,Running,2022-10-16,Las Vegas Motor Speedway,Cup,1.5-mile,https://www.jayski.com/race-results/2022-nascar-cup-series-race-results/south-point-400/,78.3,3.3,False
Cole Custer,20,24.0,Running,2022-10-16,Las Vegas Motor Speedway,Cup,1.5-mile,https://www.jayski.com/race-results/2022-nascar-cup-series-race-results/south-point-400/,78.3,3.3,False
Chase Elliott,21,20.0,Running,2022-10-16,Las Vegas Motor Speedway,Cup,1.5-mile,https://www.jayski.com/race-results/2022-nascar-cup-series-race-results/south-point-400/,78.3,3.3,False
Ty Gibbs,22,19.0,Running,2022-10-16,Las Vegas Motor Speedway,Cup,1.5-mile,https://www.jayski.com/race-results/2022-nascar-cup-series-race-results/south-point-400/,78.3,3.3,False
Ricky Stenhouse Jr.,23,29.0,Running,2022-10-16,Las Vegas Motor Speedway,Cup,1.5-mile,https://www.jayski.com/race-results/2022-nascar-cup-series-race-results/south-point-400/,78.3,3.3,False
Corey LaJoie,24,30.0,Running,2022-10-16,Las Vegas Motor Speedway,Cup,1.5-mile,https://www.jayski.com/race-results/2022-nascar-cup-series-race-results/south-point-400/,78.3,3.3,False
Todd Gilliland,25,35.0,Running,2022-10-16,Las Vegas Motor Speedway,Cup,1.5-mile,https://www.jayski.com/race-results/2022-nascar-cup-series-race-results/south-point-400/,78.3,3.3,False
Harrison Burton,26,8.0,Running,2022-10-16,Las Vegas Motor Speedway,Cup,1.5-mile,https://www.jayski.com/race-results/2022-nascar-cup-series-race-results/south-point-400/,78.3,3.3,False
Cody Ware,27,34.0,Running,2022-10-16,Las Vegas Motor Speedway,Cup,1.5-mile,https://www.jayski.com/race-results/2022-nascar-cup-series-race-results/south-point-400/,78.3,3.3,False
Ryan Blaney,28,4.0,Running,2022-10-16,Las Vegas Motor Speedway,Cup,1.5-mile,https://www.jayski.com/race-results/2022-nascar-cup-series-race-results/south-point-400/,78.3,3.3,False
Austin Cindric,29,2.0,Running,2022-10-16,Las Vegas Motor Speedway,Cup,1.5-mile,https://www.jayski.com/race-results/2022-nascar-cup-series-race-results/south-point-400/,78.3,3.3,False
BJ McLeod,30,36.0,Running,2022-10-16,Las Vegas Motor Speedway,Cup,1.5-mile,https://www.jayski.com/race-results/2022-nascar-cup-series-race-results/south-point-400/,78.3,3.3,False
JJ Yeley,31,26.0,Running,2022-10-16,Las Vegas Motor Speedway,Cup,1.5-mile,https://www.jayski.com/race-results/2022-nascar-cup-series-race-results/south-point-400/,78.3,3.3,False
Landon Cassill,32,32.0,Accident,2022-10-16,Las Vegas Motor Speedway,Cup,1.5-mile,https://www.jayski.com/race-results/2022-nascar-cup-series-race-results/south-point-400/,78.3,3.3,False
Ty Dillon,33,33.0,Suspension,2022-10-16,Las Vegas Motor Speedway,Cup,1.5-mile,https://www.jayski.com/race-results/2022-nascar-cup-series-race-results/south-point-400/,78.3,3.3,False
Christopher Bell,34,7.0,DVP,2022-10-16,Las Vegas Motor Speedway,Cup,1.5-mile,https://www.jayski.com/race-results/2022-nascar-cup-series-race-results/south-point-400/,78.3,3.3,False
Kyle Larson,35,14.0,Accident,2022-10-16,Las Vegas Motor Speedway,Cup,1.5-mile,https://www.jayski.com/race-results/2022-nascar-cup-series-race-results/south-point-400/,78.3,3.3,False
Bubba Wallace,36,9.0,Accident,2022-10-16,Las Vegas Motor Speedway,Cup,1.5-mile,https://www.jayski.com/race-results/2022-nascar-cup-series-race-results/south-point-400/,78.3,3.3,False
Kyle Larson,1,5.0,Running,2022-10-23,Homestead-Miami Speedway,Cup,1.5-mile,https://www.jayski.com/race-results/2022-nascar-cup-series-race-results/dixie-vodka-400/,81.2,10.9,False
Ross Chastain,2,20.0,Running,2022-10-23,Homestead-Miami Speedway,Cup,1.5-mile,https://www.jayski.com/race-results/2022-nascar-cup-series-race-results/dixie-vodka-400/,81.2,10.9,False
AJ Allmendinger,3,10.0,Running,2022-10-23,Homestead-Miami Speedway,Cup,1.5-mile,https://www.jayski.com/race-results/2022-nascar-cup-series-race-results/dixie-vodka-400/,81.2,10.9,False
Austin Dillon,4,32.0,Running,2022-10-23,Homestead-Miami Speedway,Cup,1.5-mile,https://www.jayski.com/race-results/2022-nascar-cup-series-race-results/dixie-vodka-400/,81.2,10.9,False
Brad Keselowski,5,9.0,Running,2022-10-23,Homestead-Miami Speedway,Cup,1.5-mile,https://www.jayski.com/race-results/2022-nascar-cup-series-race-results/dixie-vodka-400/,81.2,10.9,False
Martin Truex Jr.,6,12.0,Running,2022-10-23,Homestead-Miami Speedway,Cup,1.5-mile,https://www.jayski.com/race-results/2022-nascar-cup-series-race-results/dixie-vodka-400/,81.2,10.9,False
Denny Hamlin,7,14.0,Running,2022-10-23,Homestead-Miami Speedway,Cup,1.5-mile,https://www.jayski.com/race-results/2022-nascar-cup-series-race-results/dixie-vodka-400/,81.2,10.9,False
Kevin Harvick,8,16.0,Running,2022-10-23,Homestead-Miami Speedway,Cup,1.5-mile,https://www.jayski.com/race-results/2022-nascar-cup-series-race-results/dixie-vodka-400/,81.2,10.9,False
Kyle Busch,9,11.0,Running,2022-10-23,Homestead-Miami Speedway,Cup,1.5-mile,https://www.jayski.com/race-results/2022-nascar-cup-series-race-results/dixie-vodka-400/,81.2,10.9,False
Daniel Suarez,10,23.0,Running,2022-10-23,Homestead-Miami Speedway,Cup,1.5-mile,https://www.jayski.com/race-results/2022-nascar-cup-series-race-results/dixie-vodka-400/,81.2,10.9,False
Christopher Bell,11,2.0,Running,2022-10-23,Homestead-Miami Speedway,Cup,1.5-mile,https://www.jayski.com/race-results/2022-nascar-cup-series-race-results/dixie-vodka-400/,81.2,10.9,False
William Byron,12,1.0,Running,2022-10-23,Homestead-Miami Speedway,Cup,1.5-mile,https://www.jayski.com/race-results/2022-nascar-cup-series-race-results/dixie-vodka-400/,81.2,10.9,False
Chris Buescher,13,8.0,Running,2022-10-23,Homestead-Miami Speedway,Cup,1.5-mile,https://www.jayski.com/race-results/2022-nascar-cup-series-race-results/dixie-vodka-400/,81.2,10.9,False
Chase Elliott,14,3.0,Running,2022-10-23,Homestead-Miami Speedway,Cup,1.5-mile,https://www.jayski.com/race-results/2022-nascar-cup-series-race-results/dixie-vodka-400/,81.2,10.9,False
Ricky Stenhouse Jr.,15,27.0,Running,2022-10-23,Homestead-Miami Speedway,Cup,1.5-mile,https://www.jayski.com/race-results/2022-nascar-cup-series-race-results/dixie-vodka-400/,81.2,10.9,False
Michael McDowell,16,18.0,Running,2022-10-23,Homestead-Miami Speedway,Cup,1.5-mile,https://www.jayski.com/race-results/2022-nascar-cup-series-race-results/dixie-vodka-400/,81.2,10.9,False
Ryan Blaney,17,13.0,Running,2022-10-23,Homestead-Miami Speedway,Cup,1.5-mile,https://www.jayski.com/race-results/2022-nascar-cup-series-race-results/dixie-vodka-400/,81.2,10.9,False
Joey Logano,18,17.0,Running,2022-10-23,Homestead-Miami Speedway,Cup,1.5-mile,https://www.jayski.com/race-results/2022-nascar-cup-series-race-results/dixie-vodka-400/,81.2,10.9,False
Austin Cindric,19,26.0,Running,2022-10-23,Homestead-Miami Speedway,Cup,1.5-mile,https://www.jayski.com/race-results/2022-nascar-cup-series-race-results/dixie-vodka-400/,81.2,10.9,False
Harrison Burton,20,21.0,Running,2022-10-23,Homestead-Miami Speedway,Cup,1.5-mile,https://www.jayski.com/race-results/2022-nascar-cup-series-race-results/dixie-vodka-400/,81.2,10.9,False
Aric Almirola,21,28.0,Running,2022-10-23,Homestead-Miami Speedway,Cup,1.5-mile,https://www.jayski.com/race-results/2022-nascar-cup-series-race-results/dixie-vodka-400/,81.2,10.9,False
Ty Gibbs,22,6.0,Running,2022-10-23,Homestead-Miami Speedway,Cup,1.5-mile,https://www.jayski.com/race-results/2022-nascar-cup-series-race-results/dixie-vodka-400/,81.2,10.9,False
Corey LaJoie,23,31.0,Running,2022-10-23,Homestead-Miami Speedway,Cup,1.5-mile,https://www.jayski.com/race-results/2022-nascar-cup-series-race-results/dixie-vodka-400/,81.2,10.9,False
Cole Custer,24,25.0,Running,2022-10-23,Homestead-Miami Speedway,Cup,1.5-mile,https://www.jayski.com/race-results/2022-nascar-cup-series-race-results/dixie-vodka-400/,81.2,10.9,False
Noah Gragson,25,24.0,Running,2022-10-23,Homestead-Miami Speedway,Cup,1.5-mile,https://www.jayski.com/race-results/2022-nascar-cup-series-race-results/dixie-vodka-400/,81.2,10.9,False
Ty Dillon,26,30.0,Running,2022-10-23,Homestead-Miami Speedway,Cup,1.5-mile,https://www.jayski.com/race-results/2022-nascar-cup-series-race-results/dixie-vodka-400/,81.2,10.9,False
John Hunter Nemechek,27,4.0,Running,2022-10-23,Homestead-Miami Speedway,Cup,1.5-mile,https://www.jayski.com/race-results/2022-nascar-cup-series-race-results/dixie-vodka-400/,81.2,10.9,False
Justin Haley,28,15.0,Running,2022-10-23,Homestead-Miami Speedway,Cup,1.5-mile,https://www.jayski.com/race-results/2022-nascar-cup-series-race-results/dixie-vodka-400/,81.2,10.9,False
Landon Cassill,29,33.0,Running,2022-10-23,Homestead-Miami Speedway,Cup,1.5-mile,https://www.jayski.com/race-results/2022-nascar-cup-series-race-results/dixie-vodka-400/,81.2,10.9,False
Erik Jones,30,22.0,Running,2022-10-23,Homestead-Miami Speedway,Cup,1.5-mile,https://www.jayski.com/race-results/2022-nascar-cup-series-race-results/dixie-vodka-400/,81.2,10.9,False
Todd Gilliland,31,29.0,Running,2022-10-23,Homestead-Miami Speedway,Cup,1.5-mile,https://www.jayski.com/race-results/2022-nascar-cup-series-race-results/dixie-vodka-400/,81.2,10.9,False
JJ Yeley,32,34.0,Running,2022-10-23,Homestead-Miami Speedway,Cup,1.5-mile,https://www.jayski.com/race-results/2022-nascar-cup-series-race-results/dixie-vodka-400/,81.2,10.9,False
BJ McLeod,33,35.0,Running,2022-10-23,Homestead-Miami Speedway,Cup,1.5-mile,https://www.jayski.com/race-results/2022-nascar-cup-series-race-results/dixie-vodka-400/,81.2,10.9,False
Cody Ware,34,36.0,Running,2022-10-23,Homestead-Miami Speedway,Cup,1.5-mile,https://www.jayski.com/race-results/2022-nascar-cup-series-race-results/dixie-vodka-400/,81.2,10.9,False
Tyler Reddick,35,7.0,Accident,2022-10-23,Homestead-Miami Speedway,Cup,1.5-mile,https://www.jayski.com/race-results/2022-nascar-cup-series-race-results/dixie-vodka-400/,81.2,10.9,False
Chase Briscoe,36,19.0,Accident,2022-10-23,Homestead-Miami Speedway,Cup,1.5-mile,https://www.jayski.com/race-results/2022-nascar-cup-series-race-results/dixie-vodka-400/,81.2,10.9,False
Christopher Bell,1,20.0,Running,2022-10-30,Martinsville Speedway,Cup,short,https://www.jayski.com/race-results/2022-nascar-cup-series-race-results/xfinity-500/,58.0,2.3,False
Kyle Larson,2,1.0,Running,2022-10-30,Martinsville Speedway,Cup,short,https://www.jayski.com/race-results/2022-nascar-cup-series-race-results/xfinity-500/,58.0,2.3,False
Ryan Blaney,3,4.0,Running,2022-10-30,Martinsville Speedway,Cup,short,https://www.jayski.com/race-results/2022-nascar-cup-series-race-results/xfinity-500/,58.0,2.3,False
Ross Chastain,4,9.0,Running,2022-10-30,Martinsville Speedway,Cup,short,https://www.jayski.com/race-results/2022-nascar-cup-series-race-results/xfinity-500/,58.0,2.3,False
Denny Hamlin,5,11.0,Running,2022-10-30,Martinsville Speedway,Cup,short,https://www.jayski.com/race-results/2022-nascar-cup-series-race-results/xfinity-500/,58.0,2.3,False
Joey Logano,6,12.0,Running,2022-10-30,Martinsville Speedway,Cup,short,https://www.jayski.com/race-results/2022-nascar-cup-series-race-results/xfinity-500/,58.0,2.3,False
William Byron,7,25.0,Running,2022-10-30,Martinsville Speedway,Cup,short,https://www.jayski.com/race-results/2022-nascar-cup-series-race-results/xfinity-500/,58.0,2.3,False
Bubba Wallace,8,24.0,Running,2022-10-30,Martinsville Speedway,Cup,short,https://www.jayski.com/race-results/2022-nascar-cup-series-race-results/xfinity-500/,58.0,2.3,False
Chase Briscoe,9,3.0,Running,2022-10-30,Martinsville Speedway,Cup,short,https://www.jayski.com/race-results/2022-nascar-cup-series-race-results/xfinity-500/,58.0,2.3,False
Chase Elliott,10,2.0,Running,2022-10-30,Martinsville Speedway,Cup,short,https://www.jayski.com/race-results/2022-nascar-cup-series-race-results/xfinity-500/,58.0,2.3,False
Harrison Burton,11,10.0,Running,2022-10-30,Martinsville Speedway,Cup,short,https://www.jayski.com/race-results/2022-nascar-cup-series-race-results/xfinity-500/,58.0,2.3,False
Daniel Suarez,12,7.0,Running,2022-10-30,Martinsville Speedway,Cup,short,https://www.jayski.com/race-results/2022-nascar-cup-series-race-results/xfinity-500/,58.0,2.3,False
Todd Gilliland,13,19.0,Running,2022-10-30,Martinsville Speedway,Cup,short,https://www.jayski.com/race-results/2022-nascar-cup-series-race-results/xfinity-500/,58.0,2.3,False
Cole Custer,14,5.0,Running,2022-10-30,Martinsville Speedway,Cup,short,https://www.jayski.com/race-results/2022-nascar-cup-series-race-results/xfinity-500/,58.0,2.3,False
Aric Almirola,15,15.0,Running,2022-10-30,Martinsville Speedway,Cup,short,https://www.jayski.com/race-results/2022-nascar-cup-series-race-results/xfinity-500/,58.0,2.3,False
Kevin Harvick,16,8.0,Running,2022-10-30,Martinsville Speedway,Cup,short,https://www.jayski.com/race-results/2022-nascar-cup-series-race-results/xfinity-500/,58.0,2.3,False
Michael McDowell,17,13.0,Running,2022-10-30,Martinsville Speedway,Cup,short,https://www.jayski.com/race-results/2022-nascar-cup-series-race-results/xfinity-500/,58.0,2.3,False
Erik Jones,18,23.0,Running,2022-10-30,Martinsville Speedway,Cup,short,https://www.jayski.com/race-results/2022-nascar-cup-series-race-results/xfinity-500/,58.0,2.3,False
Ty Gibbs,19,26.0,Running,2022-10-30,Martinsville Speedway,Cup,short,https://www.jayski.com/race-results/2022-nascar-cup-series-race-results/xfinity-500/,58.0,2.3,False
Martin Truex Jr.,20,27.0,Running,2022-10-30,Martinsville Speedway,Cup,short,https://www.jayski.com/race-results/2022-nascar-cup-series-race-results/xfinity-500/,58.0,2.3,False
Corey LaJoie,21,14.0,Running,2022-10-30,Martinsville Speedway,Cup,short,https://www.jayski.com/race-results/2022-nascar-cup-series-race-results/xfinity-500/,58.0,2.3,False
Ricky Stenhouse Jr.,22,31.0,Running,2022-10-30,Martinsville Speedway,Cup,short,https://www.jayski.com/race-results/2022-nascar-cup-series-race-results/xfinity-500/,58.0,2.3,False
AJ Allmendinger,23,21.0,Running,2022-10-30,Martinsville Speedway,Cup,short,https://www.jayski.com/race-results/2022-nascar-cup-series-race-results/xfinity-500/,58.0,2.3,False
Chris Buescher,24,22.0,Running,2022-10-30,Martinsville Speedway,Cup,short,https://www.jayski.com/race-results/2022-nascar-cup-series-race-results/xfinity-500/,58.0,2.3,False
Noah Gragson,25,17.0,Running,2022-10-30,Martinsville Speedway,Cup,short,https://www.jayski.com/race-results/2022-nascar-cup-series-race-results/xfinity-500/,58.0,2.3,False
Austin Cindric,26,30.0,Running,2022-10-30,Martinsville Speedway,Cup,short,https://www.jayski.com/race-results/2022-nascar-cup-series-race-results/xfinity-500/,58.0,2.3,False
Justin Haley,27,29.0,Running,2022-10-30,Martinsville Speedway,Cup,short,https://www.jayski.com/race-results/2022-nascar-cup-series-race-results/xfinity-500/,58.0,2.3,False
Cody Ware,28,36.0,Running,2022-10-30,Martinsville Speedway,Cup,short,https://www.jayski.com/race-results/2022-nascar-cup-series-race-results/xfinity-500/,58.0,2.3,False
Kyle Busch,29,18.0,Running,2022-10-30,Martinsville Speedway,Cup,short,https://www.jayski.com/race-results/2022-nascar-cup-series-race-results/xfinity-500/,58.0,2.3,False
JJ Yeley,30,35.0,Running,2022-10-30,Martinsville Speedway,Cup,short,https://www.jayski.com/race-results/2022-nascar-cup-series-race-results/xfinity-500/,58.0,2.3,False
Ty Dillon,31,32.0,Brakes,2022-10-30,Martinsville Speedway,Cup,short,https://www.jayski.com/race-results/2022-nascar-cup-series-race-results/xfinity-500/,58.0,2.3,False
Landon Cassill,32,33.0,Accident,2022-10-30,Martinsville Speedway,Cup,short,https://www.jayski.com/race-results/2022-nascar-cup-series-race-results/xfinity-500/,58.0,2.3,False
Austin Dillon,33,16.0,Accident,2022-10-30,Martinsville Speedway,Cup,short,https://www.jayski.com/race-results/2022-nascar-cup-series-race-results/xfinity-500/,58.0,2.3,False
BJ McLeod,34,34.0,Fire,2022-10-30,Martinsville Speedway,Cup,short,https://www.jayski.com/race-results/2022-nascar-cup-series-race-results/xfinity-500/,58.0,2.3,False
Tyler Reddick,35,28.0,Accident,2022-10-30,Martinsville Speedway,Cup,short,https://www.jayski.com/race-results/2022-nascar-cup-series-race-results/xfinity-500/,58.0,2.3,False
Brad Keselowski,36,6.0,Running,2022-10-30,Martinsville Speedway,Cup,short,https://www.jayski.com/race-results/2022-nascar-cup-series-race-results/xfinity-500/,58.0,2.3,False
Joey Logano,1,1.0,Running,2022-11-06,Phoenix Raceway,Cup,1-mile,https://www.jayski.com/race-results/2022-nascar-cup-series-race-results/nascar-cup-series-championship-race/,75.4,2.2,False
Ryan Blaney,2,2.0,Running,2022-11-06,Phoenix Raceway,Cup,1-mile,https://www.jayski.com/race-results/2022-nascar-cup-series-race-results/nascar-cup-series-championship-race/,75.4,2.2,False
Ross Chastain,3,25.0,Running,2022-11-06,Phoenix Raceway,Cup,1-mile,https://www.jayski.com/race-results/2022-nascar-cup-series-race-results/nascar-cup-series-championship-race/,75.4,2.2,False
Chase Briscoe,4,3.0,Running,2022-11-06,Phoenix Raceway,Cup,1-mile,https://www.jayski.com/race-results/2022-nascar-cup-series-race-results/nascar-cup-series-championship-race/,75.4,2.2,False
Kevin Harvick,5,7.0,Running,2022-11-06,Phoenix Raceway,Cup,1-mile,https://www.jayski.com/race-results/2022-nascar-cup-series-race-results/nascar-cup-series-championship-race/,75.4,2.2,False
William Byron,6,8.0,Running,2022-11-06,Phoenix Raceway,Cup,1-mile,https://www.jayski.com/race-results/2022-nascar-cup-series-race-results/nascar-cup-series-championship-race/,75.4,2.2,False
Kyle Busch,7,22.0,Running,2022-11-06,Phoenix Raceway,Cup,1-mile,https://www.jayski.com/race-results/2022-nascar-cup-series-race-results/nascar-cup-series-championship-race/,75.4,2.2,False
Denny Hamlin,8,21.0,Running,2022-11-06,Phoenix Raceway,Cup,1-mile,https://www.jayski.com/race-results/2022-nascar-cup-series-race-results/nascar-cup-series-championship-race/,75.4,2.2,False
Kyle Larson,9,4.0,Running,2022-11-06,Phoenix Raceway,Cup,1-mile,https://www.jayski.com/race-results/2022-nascar-cup-series-race-results/nascar-cup-series-championship-race/,75.4,2.2,False
Christopher Bell,10,17.0,Running,2022-11-06,Phoenix Raceway,Cup,1-mile,https://www.jayski.com/race-results/2022-nascar-cup-series-race-results/nascar-cup-series-championship-race/,75.4,2.2,False
Austin Cindric,11,14.0,Running,2022-11-06,Phoenix Raceway,Cup,1-mile,https://www.jayski.com/race-results/2022-nascar-cup-series-race-results/nascar-cup-series-championship-race/,75.4,2.2,False
AJ Allmendinger,12,16.0,Running,2022-11-06,Phoenix Raceway,Cup,1-mile,https://www.jayski.com/race-results/2022-nascar-cup-series-race-results/nascar-cup-series-championship-race/,75.4,2.2,False
Austin Dillon,13,15.0,Running,2022-11-06,Phoenix Raceway,Cup,1-mile,https://www.jayski.com/race-results/2022-nascar-cup-series-race-results/nascar-cup-series-championship-race/,75.4,2.2,False
Erik Jones,14,30.0,Running,2022-11-06,Phoenix Raceway,Cup,1-mile,https://www.jayski.com/race-results/2022-nascar-cup-series-race-results/nascar-cup-series-championship-race/,75.4,2.2,False
Martin Truex Jr.,15,12.0,Running,2022-11-06,Phoenix Raceway,Cup,1-mile,https://www.jayski.com/race-results/2022-nascar-cup-series-race-results/nascar-cup-series-championship-race/,75.4,2.2,False
Cole Custer,16,9.0,Running,2022-11-06,Phoenix Raceway,Cup,1-mile,https://www.jayski.com/race-results/2022-nascar-cup-series-race-results/nascar-cup-series-championship-race/,75.4,2.2,False
Daniel Hemric,17,10.0,Running,2022-11-06,Phoenix Raceway,Cup,1-mile,https://www.jayski.com/race-results/2022-nascar-cup-series-race-results/nascar-cup-series-championship-race/,75.4,2.2,False
Corey LaJoie,18,27.0,Running,2022-11-06,Phoenix Raceway,Cup,1-mile,https://www.jayski.com/race-results/2022-nascar-cup-series-race-results/nascar-cup-series-championship-race/,75.4,2.2,False
Harrison Burton,19,6.0,Running,2022-11-06,Phoenix Raceway,Cup,1-mile,https://www.jayski.com/race-results/2022-nascar-cup-series-race-results/nascar-cup-series-championship-race/,75.4,2.2,False
Aric Almirola,20,13.0,Running,2022-11-06,Phoenix Raceway,Cup,1-mile,https://www.jayski.com/race-results/2022-nascar-cup-series-race-results/nascar-cup-series-championship-race/,75.4,2.2,False
Chris Buescher,21,19.0,Running,2022-11-06,Phoenix Raceway,Cup,1-mile,https://www.jayski.com/race-results/2022-nascar-cup-series-race-results/nascar-cup-series-championship-race/,75.4,2.2,False
Bubba Wallace,22,23.0,Running,2022-11-06,Phoenix Raceway,Cup,1-mile,https://www.jayski.com/race-results/2022-nascar-cup-series-race-results/nascar-cup-series-championship-race/,75.4,2.2,False
Tyler Reddick,23,11.0,Running,2022-11-06,Phoenix Raceway,Cup,1-mile,https://www.jayski.com/race-results/2022-nascar-cup-series-race-results/nascar-cup-series-championship-race/,75.4,2.2,False
Daniel Suarez,24,28.0,Running,2022-11-06,Phoenix Raceway,Cup,1-mile,https://www.jayski.com/race-results/2022-nascar-cup-series-race-results/nascar-cup-series-championship-race/,75.4,2.2,False
Michael McDowell,25,20.0,Running,2022-11-06,Phoenix Raceway,Cup,1-mile,https://www.jayski.com/race-results/2022-nascar-cup-series-race-results/nascar-cup-series-championship-race/,75.4,2.2,False
Ty Dillon,26,32.0,Running,2022-11-06,Phoenix Raceway,Cup,1-mile,https://www.jayski.com/race-results/2022-nascar-cup-series-race-results/nascar-cup-series-championship-race/,75.4,2.2,False
Justin Haley,27,26.0,Running,2022-11-06,Phoenix Raceway,Cup,1-mile,https://www.jayski.com/race-results/2022-nascar-cup-series-race-results/nascar-cup-series-championship-race/,75.4,2.2,False
Chase Elliott,28,5.0,Running,2022-11-06,Phoenix Raceway,Cup,1-mile,https://www.jayski.com/race-results/2022-nascar-cup-series-race-results/nascar-cup-series-championship-race/,75.4,2.2,False
Todd Gilliland,29,31.0,Running,2022-11-06,Phoenix Raceway,Cup,1-mile,https://www.jayski.com/race-results/2022-nascar-cup-series-race-results/nascar-cup-series-championship-race/,75.4,2.2,False
Cody Ware,30,34.0,Running,2022-11-06,Phoenix Raceway,Cup,1-mile,https://www.jayski.com/race-results/2022-nascar-cup-series-race-results/nascar-cup-series-championship-race/,75.4,2.2,False
BJ McLeod,31,33.0,Running,2022-11-06,Phoenix Raceway,Cup,1-mile,https://www.jayski.com/race-results/2022-nascar-cup-series-race-results/nascar-cup-series-championship-race/,75.4,2.2,False
Ricky Stenhouse Jr.,32,29.0,Running,2022-11-06,Phoenix Raceway,Cup,1-mile,https://www.jayski.com/race-results/2022-nascar-cup-series-race-results/nascar-cup-series-championship-race/,75.4,2.2,False
Garrett Smithley,33,35.0,Running,2022-11-06,Phoenix Raceway,Cup,1-mile,https://www.jayski.com/race-results/2022-nascar-cup-series-race-results/nascar-cup-series-championship-race/,75.4,2.2,False
Alex Bowman,34,24.0,Running,2022-11-06,Phoenix Raceway,Cup,1-mile,https://www.jayski.com/race-results/2022-nascar-cup-series-race-results/nascar-cup-series-championship-race/,75.4,2.2,False
Brad Keselowski,35,18.0,Electrical,2022-11-06,Phoenix Raceway,Cup,1-mile,https://www.jayski.com/race-results/2022-nascar-cup-series-race-results/nascar-cup-series-championship-race/,75.4,2.2,False
Landon Cassill,36,36.0,Accident,2022-11-06,Phoenix Raceway,Cup,1-mile,https://www.jayski.com/race-results/2022-nascar-cup-series-race-results/nascar-cup-series-championship-race/,75.4,2.2,False
William Byron,1,2.0,Running,2023-03-05,Las Vegas Motor Speedway,Cup,1.5-mile,https://www.jayski.com/race-results/2023-nascar-cup-series-race-results/pennzoil-400-presented-by-jiffy-lube/,57.8,19.1,False
Kyle Larson,2,6.0,Running,2023-03-05,Las Vegas Motor Speedway,Cup,1.5-mile,https://www.jayski.com/race-results/2023-nascar-cup-series-race-results/pennzoil-400-presented-by-jiffy-lube/,57.8,19.1,False
Alex Bowman,3,11.0,Running,2023-03-05,Las Vegas Motor Speedway,Cup,1.5-mile,https://www.jayski.com/race-results/2023-nascar-cup-series-race-results/pennzoil-400-presented-by-jiffy-lube/,57.8,19.1,False
Bubba Wallace,4,13.0,Running,2023-03-05,Las Vegas Motor Speedway,Cup,1.5-mile,https://www.jayski.com/race-results/2023-nascar-cup-series-race-results/pennzoil-400-presented-by-jiffy-lube/,57.8,19.1,False
Christopher Bell,5,10.0,Running,2023-03-05,Las Vegas Motor Speedway,Cup,1.5-mile,https://www.jayski.com/race-results/2023-nascar-cup-series-race-results/pennzoil-400-presented-by-jiffy-lube/,57.8,19.1,False
Austin Cindric,6,9.0,Running,2023-03-05,Las Vegas Motor Speedway,Cup,1.5-mile,https://www.jayski.com/race-results/2023-nascar-cup-series-race-results/pennzoil-400-presented-by-jiffy-lube/,57.8,19.1,False
Martin Truex Jr.,7,15.0,Running,2023-03-05,Las Vegas Motor Speedway,Cup,1.5-mile,https://www.jayski.com/race-results/2023-nascar-cup-series-race-results/pennzoil-400-presented-by-jiffy-lube/,57.8,19.1,False
Justin Haley,8,27.0,Running,2023-03-05,Las Vegas Motor Speedway,Cup,1.5-mile,https://www.jayski.com/race-results/2023-nascar-cup-series-race-results/pennzoil-400-presented-by-jiffy-lube/,57.8,19.1,False
Kevin Harvick,9,14.0,Running,2023-03-05,Las Vegas Motor Speedway,Cup,1.5-mile,https://www.jayski.com/race-results/2023-nascar-cup-series-race-results/pennzoil-400-presented-by-jiffy-lube/,57.8,19.1,False
Daniel Suarez,10,24.0,Running,2023-03-05,Las Vegas Motor Speedway,Cup,1.5-mile,https://www.jayski.com/race-results/2023-nascar-cup-series-race-results/pennzoil-400-presented-by-jiffy-lube/,57.8,19.1,False
Denny Hamlin,11,12.0,Running,2023-03-05,Las Vegas Motor Speedway,Cup,1.5-mile,https://www.jayski.com/race-results/2023-nascar-cup-series-race-results/pennzoil-400-presented-by-jiffy-lube/,57.8,19.1,False
Ross Chastain,12,8.0,Running,2023-03-05,Las Vegas Motor Speedway,Cup,1.5-mile,https://www.jayski.com/race-results/2023-nascar-cup-series-race-results/pennzoil-400-presented-by-jiffy-lube/,57.8,19.1,False
Ryan Blaney,13,3.0,Running,2023-03-05,Las Vegas Motor Speedway,Cup,1.5-mile,https://www.jayski.com/race-results/2023-nascar-cup-series-race-results/pennzoil-400-presented-by-jiffy-lube/,57.8,19.1,False
Kyle Busch,14,5.0,Running,2023-03-05,Las Vegas Motor Speedway,Cup,1.5-mile,https://www.jayski.com/race-results/2023-nascar-cup-series-race-results/pennzoil-400-presented-by-jiffy-lube/,57.8,19.1,False
Tyler Reddick,15,34.0,Running,2023-03-05,Las Vegas Motor Speedway,Cup,1.5-mile,https://www.jayski.com/race-results/2023-nascar-cup-series-race-results/pennzoil-400-presented-by-jiffy-lube/,57.8,19.1,False
Aric Almirola,16,21.0,Running,2023-03-05,Las Vegas Motor Speedway,Cup,1.5-mile,https://www.jayski.com/race-results/2023-nascar-cup-series-race-results/pennzoil-400-presented-by-jiffy-lube/,57.8,19.1,False
Brad Keselowski,17,7.0,Running,2023-03-05,Las Vegas Motor Speedway,Cup,1.5-mile,https://www.jayski.com/race-results/2023-nascar-cup-series-race-results/pennzoil-400-presented-by-jiffy-lube/,57.8,19.1,False
AJ Allmendinger,18,23.0,Running,2023-03-05,Las Vegas Motor Speedway,Cup,1.5-mile,https://www.jayski.com/race-results/2023-nascar-cup-series-race-results/pennzoil-400-presented-by-jiffy-lube/,57.8,19.1,False
Erik Jones,19,22.0,Accident,2023-03-05,Las Vegas Motor Speedway,Cup,1.5-mile,https://www.jayski.com/race-results/2023-nascar-cup-series-race-results/pennzoil-400-presented-by-jiffy-lube/,57.8,19.1,False
Corey LaJoie,20,19.0,Running,2023-03-05,Las Vegas Motor Speedway,Cup,1.5-mile,https://www.jayski.com/race-results/2023-nascar-cup-series-race-results/pennzoil-400-presented-by-jiffy-lube/,57.8,19.1,False
Chris Buescher,21,18.0,Running,2023-03-05,Las Vegas Motor Speedway,Cup,1.5-mile,https://www.jayski.com/race-results/2023-nascar-cup-series-race-results/pennzoil-400-presented-by-jiffy-lube/,57.8,19.1,False
Ty Gibbs,22,4.0,Running,2023-03-05,Las Vegas Motor Speedway,Cup,1.5-mile,https://www.jayski.com/race-results/2023-nascar-cup-series-race-results/pennzoil-400-presented-by-jiffy-lube/,57.8,19.1,False
Ryan Preece,23,31.0,Running,2023-03-05,Las Vegas Motor Speedway,Cup,1.5-mile,https://www.jayski.com/race-results/2023-nascar-cup-series-race-results/pennzoil-400-presented-by-jiffy-lube/,57.8,19.1,False
Ricky Stenhouse Jr.,24,16.0,Running,2023-03-05,Las Vegas Motor Speedway,Cup,1.5-mile,https://www.jayski.com/race-results/2023-nascar-cup-series-race-results/pennzoil-400-presented-by-jiffy-lube/,57.8,19.1,False
Michael McDowell,25,17.0,Running,2023-03-05,Las Vegas Motor Speedway,Cup,1.5-mile,https://www.jayski.com/race-results/2023-nascar-cup-series-race-results/pennzoil-400-presented-by-jiffy-lube/,57.8,19.1,False
Harrison Burton,26,35.0,Running,2023-03-05,Las Vegas Motor Speedway,Cup,1.5-mile,https://www.jayski.com/race-results/2023-nascar-cup-series-race-results/pennzoil-400-presented-by-jiffy-lube/,57.8,19.1,False
Austin Dillon,27,26.0,Running,2023-03-05,Las Vegas Motor Speedway,Cup,1.5-mile,https://www.jayski.com/race-results/2023-nascar-cup-series-race-results/pennzoil-400-presented-by-jiffy-lube/,57.8,19.1,False
Chase Briscoe,28,20.0,Running,2023-03-05,Las Vegas Motor Speedway,Cup,1.5-mile,https://www.jayski.com/race-results/2023-nascar-cup-series-race-results/pennzoil-400-presented-by-jiffy-lube/,57.8,19.1,False
Josh Berry,29,32.0,Running,2023-03-05,Las Vegas Motor Speedway,Cup,1.5-mile,https://www.jayski.com/race-results/2023-nascar-cup-series-race-results/pennzoil-400-presented-by-jiffy-lube/,57.8,19.1,False
Noah Gragson,30,25.0,Running,2023-03-05,Las Vegas Motor Speedway,Cup,1.5-mile,https://www.jayski.com/race-results/2023-nascar-cup-series-race-results/pennzoil-400-presented-by-jiffy-lube/,57.8,19.1,False
Todd Gilliland,31,28.0,Running,2023-03-05,Las Vegas Motor Speedway,Cup,1.5-mile,https://www.jayski.com/race-results/2023-nascar-cup-series-race-results/pennzoil-400-presented-by-jiffy-lube/,57.8,19.1,False
BJ McLeod,32,36.0,Running,2023-03-05,Las Vegas Motor Speedway,Cup,1.5-mile,https://www.jayski.com/race-results/2023-nascar-cup-series-race-results/pennzoil-400-presented-by-jiffy-lube/,57.8,19.1,False
JJ Yeley,33,29.0,Running,2023-03-05,Las Vegas Motor Speedway,Cup,1.5-mile,https://www.jayski.com/race-results/2023-nascar-cup-series-race-results/pennzoil-400-presented-by-jiffy-lube/,57.8,19.1,False
Ty Dillon,34,33.0,Running,2023-03-05,Las Vegas Motor Speedway,Cup,1.5-mile,https://www.jayski.com/race-results/2023-nascar-cup-series-race-results/pennzoil-400-presented-by-jiffy-lube/,57.8,19.1,False
Cody Ware,35,30.0,Running,2023-03-05,Las Vegas Motor Speedway,Cup,1.5-mile,https://www.jayski.com/race-results/2023-nascar-cup-series-race-results/pennzoil-400-presented-by-jiffy-lube/,57.8,19.1,False
Joey Logano,36,1.0,DVP,2023-03-05,Las Vegas Motor Speedway,Cup,1.5-mile,https://www.jayski.com/race-results/2023-nascar-cup-series-race-results/pennzoil-400-presented-by-jiffy-lube/,57.8,19.1,False
William Byron,1,3.0,Running,2023-03-12,Phoenix Raceway,Cup,1-mile,https://www.jayski.com/race-results/2023-nascar-cup-series-race-results/united-rentals-work-united-500/,79.3,11.4,False
Ryan Blaney,2,8.0,Running,2023-03-12,Phoenix Raceway,Cup,1-mile,https://www.jayski.com/race-results/2023-nascar-cup-series-race-results/united-rentals-work-united-500/,79.3,11.4,False
Tyler Reddick,3,12.0,Running,2023-03-12,Phoenix Raceway,Cup,1-mile,https://www.jayski.com/race-results/2023-nascar-cup-series-race-results/united-rentals-work-united-500/,79.3,11.4,False
Kyle Larson,4,1.0,Running,2023-03-12,Phoenix Raceway,Cup,1-mile,https://www.jayski.com/race-results/2023-nascar-cup-series-race-results/united-rentals-work-united-500/,79.3,11.4,False
Kevin Harvick,5,15.0,Running,2023-03-12,Phoenix Raceway,Cup,1-mile,https://www.jayski.com/race-results/2023-nascar-cup-series-race-results/united-rentals-work-united-500/,79.3,11.4,False
Christopher Bell,6,5.0,Running,2023-03-12,Phoenix Raceway,Cup,1-mile,https://www.jayski.com/race-results/2023-nascar-cup-series-race-results/united-rentals-work-united-500/,79.3,11.4,False
Chase Briscoe,7,24.0,Running,2023-03-12,Phoenix Raceway,Cup,1-mile,https://www.jayski.com/race-results/2023-nascar-cup-series-race-results/united-rentals-work-united-500/,79.3,11.4,False
Kyle Busch,8,9.0,Running,2023-03-12,Phoenix Raceway,Cup,1-mile,https://www.jayski.com/race-results/2023-nascar-cup-series-race-results/united-rentals-work-united-500/,79.3,11.4,False
Alex Bowman,9,18.0,Running,2023-03-12,Phoenix Raceway,Cup,1-mile,https://www.jayski.com/race-results/2023-nascar-cup-series-race-results/united-rentals-work-united-500/,79.3,11.4,False
Josh Berry,10,17.0,Running,2023-03-12,Phoenix Raceway,Cup,1-mile,https://www.jayski.com/race-results/2023-nascar-cup-series-race-results/united-rentals-work-united-500/,79.3,11.4,False
Joey Logano,11,16.0,Running,2023-03-12,Phoenix Raceway,Cup,1-mile,https://www.jayski.com/race-results/2023-nascar-cup-series-race-results/united-rentals-work-united-500/,79.3,11.4,False
Ryan Preece,12,25.0,Running,2023-03-12,Phoenix Raceway,Cup,1-mile,https://www.jayski.com/race-results/2023-nascar-cup-series-race-results/united-rentals-work-united-500/,79.3,11.4,False
Michael McDowell,13,7.0,Running,2023-03-12,Phoenix Raceway,Cup,1-mile,https://www.jayski.com/race-results/2023-nascar-cup-series-race-results/united-rentals-work-united-500/,79.3,11.4,False
Bubba Wallace,14,19.0,Running,2023-03-12,Phoenix Raceway,Cup,1-mile,https://www.jayski.com/race-results/2023-nascar-cup-series-race-results/united-rentals-work-united-500/,79.3,11.4,False
Chris Buescher,15,21.0,Running,2023-03-12,Phoenix Raceway,Cup,1-mile,https://www.jayski.com/race-results/2023-nascar-cup-series-race-results/united-rentals-work-united-500/,79.3,11.4,False
Austin Dillon,16,30.0,Running,2023-03-12,Phoenix Raceway,Cup,1-mile,https://www.jayski.com/race-results/2023-nascar-cup-series-race-results/united-rentals-work-united-500/,79.3,11.4,False
Martin Truex Jr.,17,13.0,Running,2023-03-12,Phoenix Raceway,Cup,1-mile,https://www.jayski.com/race-results/2023-nascar-cup-series-race-results/united-rentals-work-united-500/,79.3,11.4,False
Brad Keselowski,18,4.0,Running,2023-03-12,Phoenix Raceway,Cup,1-mile,https://www.jayski.com/race-results/2023-nascar-cup-series-race-results/united-rentals-work-united-500/,79.3,11.4,False
Ricky Stenhouse Jr.,19,23.0,Running,2023-03-12,Phoenix Raceway,Cup,1-mile,https://www.jayski.com/race-results/2023-nascar-cup-series-race-results/united-rentals-work-united-500/,79.3,11.4,False
AJ Allmendinger,20,22.0,Running,2023-03-12,Phoenix Raceway,Cup,1-mile,https://www.jayski.com/race-results/2023-nascar-cup-series-race-results/united-rentals-work-united-500/,79.3,11.4,False
Erik Jones,21,10.0,Running,2023-03-12,Phoenix Raceway,Cup,1-mile,https://www.jayski.com/race-results/2023-nascar-cup-series-race-results/united-rentals-work-united-500/,79.3,11.4,False
Daniel Suarez,22,11.0,Running,2023-03-12,Phoenix Raceway,Cup,1-mile,https://www.jayski.com/race-results/2023-nascar-cup-series-race-results/united-rentals-work-united-500/,79.3,11.4,False
Denny Hamlin,23,2.0,Running,2023-03-12,Phoenix Raceway,Cup,1-mile,https://www.jayski.com/race-results/2023-nascar-cup-series-race-results/united-rentals-work-united-500/,79.3,11.4,False
Ross Chastain,24,6.0,Running,2023-03-12,Phoenix Raceway,Cup,1-mile,https://www.jayski.com/race-results/2023-nascar-cup-series-race-results/united-rentals-work-united-500/,79.3,11.4,False
Austin Cindric,25,20.0,Running,2023-03-12,Phoenix Raceway,Cup,1-mile,https://www.jayski.com/race-results/2023-nascar-cup-series-race-results/united-rentals-work-united-500/,79.3,11.4,False
Corey LaJoie,26,28.0,Running,2023-03-12,Phoenix Raceway,Cup,1-mile,https://www.jayski.com/race-results/2023-nascar-cup-series-race-results/united-rentals-work-united-500/,79.3,11.4,False
Justin Haley,27,26.0,Running,2023-03-12,Phoenix Raceway,Cup,1-mile,https://www.jayski.com/race-results/2023-nascar-cup-series-race-results/united-rentals-work-united-500/,79.3,11.4,False
Ty Gibbs,28,14.0,Running,2023-03-12,Phoenix Raceway,Cup,1-mile,https://www.jayski.com/race-results/2023-nascar-cup-series-race-results/united-rentals-work-united-500/,79.3,11.4,False
Noah Gragson,29,32.0,Running,2023-03-12,Phoenix Raceway,Cup,1-mile,https://www.jayski.com/race-results/2023-nascar-cup-series-race-results/united-rentals-work-united-500/,79.3,11.4,False
Ty Dillon,30,35.0,Running,2023-03-12,Phoenix Raceway,Cup,1-mile,https://www.jayski.com/race-results/2023-nascar-cup-series-race-results/united-rentals-work-united-500/,79.3,11.4,False
Zane Smith,31,34.0,Running,2023-03-12,Phoenix Raceway,Cup,1-mile,https://www.jayski.com/race-results/2023-nascar-cup-series-race-results/united-rentals-work-united-500/,79.3,11.4,False
Todd Gilliland,32,29.0,Running,2023-03-12,Phoenix Raceway,Cup,1-mile,https://www.jayski.com/race-results/2023-nascar-cup-series-race-results/united-rentals-work-united-500/,79.3,11.4,False
Aric Almirola,33,31.0,Running,2023-03-12,Phoenix Raceway,Cup,1-mile,https://www.jayski.com/race-results/2023-nascar-cup-series-race-results/united-rentals-work-united-500/,79.3,11.4,False
Cody Ware,34,36.0,Running,2023-03-12,Phoenix Raceway,Cup,1-mile,https://www.jayski.com/race-results/2023-nascar-cup-series-race-results/united-rentals-work-united-500/,79.3,11.4,False
Harrison Burton,35,27.0,Running,2023-03-12,Phoenix Raceway,Cup,1-mile,https://www.jayski.com/race-results/2023-nascar-cup-series-race-results/united-rentals-work-united-500/,79.3,11.4,False
BJ McLeod,36,33.0,Fuel Pump,2023-03-12,Phoenix Raceway,Cup,1-mile,https://www.jayski.com/race-results/2023-nascar-cup-series-race-results/united-rentals-work-united-500/,79.3,11.4,False
Kyle Larson,1,19.0,Running,2023-04-16,Martinsville Speedway,Cup,short,https://www.jayski.com/race-results/2023-nascar-cup-series-race-results/noco-400/,74.1,10.3,False
Joey Logano,2,15.0,Running,2023-04-16,Martinsville Speedway,Cup,short,https://www.jayski.com/race-results/2023-nascar-cup-series-race-results/noco-400/,74.1,10.3,False
Martin Truex Jr.,3,5.0,Running,2023-04-16,Martinsville Speedway,Cup,short,https://www.jayski.com/race-results/2023-nascar-cup-series-race-results/noco-400/,74.1,10.3,False
Denny Hamlin,4,11.0,Running,2023-04-16,Martinsville Speedway,Cup,short,https://www.jayski.com/race-results/2023-nascar-cup-series-race-results/noco-400/,74.1,10.3,False
Chase Briscoe,5,4.0,Running,2023-04-16,Martinsville Speedway,Cup,short,https://www.jayski.com/race-results/2023-nascar-cup-series-race-results/noco-400/,74.1,10.3,False
Aric Almirola,6,3.0,Running,2023-04-16,Martinsville Speedway,Cup,short,https://www.jayski.com/race-results/2023-nascar-cup-series-race-results/noco-400/,74.1,10.3,False
Ryan Blaney,7,31.0,Running,2023-04-16,Martinsville Speedway,Cup,short,https://www.jayski.com/race-results/2023-nascar-cup-series-race-results/noco-400/,74.1,10.3,False
Ricky Stenhouse Jr.,8,16.0,Running,2023-04-16,Martinsville Speedway,Cup,short,https://www.jayski.com/race-results/2023-nascar-cup-series-race-results/noco-400/,74.1,10.3,False
Bubba Wallace,9,9.0,Running,2023-04-16,Martinsville Speedway,Cup,short,https://www.jayski.com/race-results/2023-nascar-cup-series-race-results/noco-400/,74.1,10.3,False
Chase Elliott,10,24.0,Running,2023-04-16,Martinsville Speedway,Cup,short,https://www.jayski.com/race-results/2023-nascar-cup-series-race-results/noco-400/,74.1,10.3,False
Alex Bowman,11,23.0,Running,2023-04-16,Martinsville Speedway,Cup,short,https://www.jayski.com/race-results/2023-nascar-cup-series-race-results/noco-400/,74.1,10.3,False
Austin Dillon,12,18.0,Running,2023-04-16,Martinsville Speedway,Cup,short,https://www.jayski.com/race-results/2023-nascar-cup-series-race-results/noco-400/,74.1,10.3,False
Ross Chastain,13,34.0,Running,2023-04-16,Martinsville Speedway,Cup,short,https://www.jayski.com/race-results/2023-nascar-cup-series-race-results/noco-400/,74.1,10.3,False
Chris Buescher,14,10.0,Running,2023-04-16,Martinsville Speedway,Cup,short,https://www.jayski.com/race-results/2023-nascar-cup-series-race-results/noco-400/,74.1,10.3,False
Ryan Preece,15,1.0,Running,2023-04-16,Martinsville Speedway,Cup,short,https://www.jayski.com/race-results/2023-nascar-cup-series-race-results/noco-400/,74.1,10.3,False
Christopher Bell,16,22.0,Running,2023-04-16,Martinsville Speedway,Cup,short,https://www.jayski.com/race-results/2023-nascar-cup-series-race-results/noco-400/,74.1,10.3,False
Daniel Suarez,17,2.0,Running,2023-04-16,Martinsville Speedway,Cup,short,https://www.jayski.com/race-results/2023-nascar-cup-series-race-results/noco-400/,74.1,10.3,False
Ty Gibbs,18,12.0,Running,2023-04-16,Martinsville Speedway,Cup,short,https://www.jayski.com/race-results/2023-nascar-cup-series-race-results/noco-400/,74.1,10.3,False
Michael McDowell,19,20.0,Running,2023-04-16,Martinsville Speedway,Cup,short,https://www.jayski.com/race-results/2023-nascar-cup-series-race-results/noco-400/,74.1,10.3,False
Kevin Harvick,20,7.0,Running,2023-04-16,Martinsville Speedway,Cup,short,https://www.jayski.com/race-results/2023-nascar-cup-series-race-results/noco-400/,74.1,10.3,False
Kyle Busch,21,17.0,Running,2023-04-16,Martinsville Speedway,Cup,short,https://www.jayski.com/race-results/2023-nascar-cup-series-race-results/noco-400/,74.1,10.3,False
Tyler Reddick,22,6.0,Running,2023-04-16,Martinsville Speedway,Cup,short,https://www.jayski.com/race-results/2023-nascar-cup-series-race-results/noco-400/,74.1,10.3,False
William Byron,23,8.0,Running,2023-04-16,Martinsville Speedway,Cup,short,https://www.jayski.com/race-results/2023-nascar-cup-series-race-results/noco-400/,74.1,10.3,False
Brad Keselowski,24,21.0,Running,2023-04-16,Martinsville Speedway,Cup,short,https://www.jayski.com/race-results/2023-nascar-cup-series-race-results/noco-400/,74.1,10.3,False
Todd Gilliland,25,13.0,Running,2023-04-16,Martinsville Speedway,Cup,short,https://www.jayski.com/race-results/2023-nascar-cup-series-race-results/noco-400/,74.1,10.3,False
Corey LaJoie,26,27.0,Running,2023-04-16,Martinsville Speedway,Cup,short,https://www.jayski.com/race-results/2023-nascar-cup-series-race-results/noco-400/,74.1,10.3,False
AJ Allmendinger,27,14.0,Running,2023-04-16,Martinsville Speedway,Cup,short,https://www.jayski.com/race-results/2023-nascar-cup-series-race-results/noco-400/,74.1,10.3,False
Justin Haley,28,26.0,Running,2023-04-16,Martinsville Speedway,Cup,short,https://www.jayski.com/race-results/2023-nascar-cup-series-race-results/noco-400/,74.1,10.3,False
Harrison Burton,29,32.0,Running,2023-04-16,Martinsville Speedway,Cup,short,https://www.jayski.com/race-results/2023-nascar-cup-series-race-results/noco-400/,74.1,10.3,False
Noah Gragson,30,29.0,Running,2023-04-16,Martinsville Speedway,Cup,short,https://www.jayski.com/race-results/2023-nascar-cup-series-race-results/noco-400/,74.1,10.3,False
Erik Jones,31,28.0,Running,2023-04-16,Martinsville Speedway,Cup,short,https://www.jayski.com/race-results/2023-nascar-cup-series-race-results/noco-400/,74.1,10.3,False
Ty Dillon,32,35.0,Running,2023-04-16,Martinsville Speedway,Cup,short,https://www.jayski.com/race-results/2023-nascar-cup-series-race-results/noco-400/,74.1,10.3,False
Austin Cindric,33,25.0,Running,2023-04-16,Martinsville Speedway,Cup,short,https://www.jayski.com/race-results/2023-nascar-cup-series-race-results/noco-400/,74.1,10.3,False
Zane Smith,34,33.0,Running,2023-04-16,Martinsville Speedway,Cup,short,https://www.jayski.com/race-results/2023-nascar-cup-series-race-results/noco-400/,74.1,10.3,False
Anthony Alfredo,35,30.0,Running,2023-04-16,Martinsville Speedway,Cup,short,https://www.jayski.com/race-results/2023-nascar-cup-series-race-results/noco-400/,74.1,10.3,False
JJ Yeley,36,36.0,Accident,2023-04-16,Martinsville Speedway,Cup,short,https://www.jayski.com/race-results/2023-nascar-cup-series-race-results/noco-400/,74.1,10.3,False
Kyle Busch,1,17.0,Running,2023-04-23,Talladega Superspeedway,Cup,superspeedway,https://www.jayski.com/race-results/2023-nascar-cup-series-race-results/geico-500/,65.8,5.7,False
Ryan Blaney,2,5.0,Running,2023-04-23,Talladega Superspeedway,Cup,superspeedway,https://www.jayski.com/race-results/2023-nascar-cup-series-race-results/geico-500/,65.8,5.7,False
Chris Buescher,3,10.0,Running,2023-04-23,Talladega Superspeedway,Cup,superspeedway,https://www.jayski.com/race-results/2023-nascar-cup-series-race-results/geico-500/,65.8,5.7,False
Chase Briscoe,4,4.0,Running,2023-04-23,Talladega Superspeedway,Cup,superspeedway,https://www.jayski.com/race-results/2023-nascar-cup-series-race-results/geico-500/,65.8,5.7,False
Brad Keselowski,5,20.0,Running,2023-04-23,Talladega Superspeedway,Cup,superspeedway,https://www.jayski.com/race-results/2023-nascar-cup-series-race-results/geico-500/,65.8,5.7,False
Erik Jones,6,24.0,Running,2023-04-23,Talladega Superspeedway,Cup,superspeedway,https://www.jayski.com/race-results/2023-nascar-cup-series-race-results/geico-500/,65.8,5.7,False
William Byron,7,18.0,Running,2023-04-23,Talladega Superspeedway,Cup,superspeedway,https://www.jayski.com/race-results/2023-nascar-cup-series-race-results/geico-500/,65.8,5.7,False
Christopher Bell,8,6.0,Running,2023-04-23,Talladega Superspeedway,Cup,superspeedway,https://www.jayski.com/race-results/2023-nascar-cup-series-race-results/geico-500/,65.8,5.7,False
Daniel Suarez,9,22.0,Running,2023-04-23,Talladega Superspeedway,Cup,superspeedway,https://www.jayski.com/race-results/2023-nascar-cup-series-race-results/geico-500/,65.8,5.7,False
Todd Gilliland,10,28.0,Running,2023-04-23,Talladega Superspeedway,Cup,superspeedway,https://www.jayski.com/race-results/2023-nascar-cup-series-race-results/geico-500/,65.8,5.7,False
JJ Yeley,11,38.0,Running,2023-04-23,Talladega Superspeedway,Cup,superspeedway,https://www.jayski.com/race-results/2023-nascar-cup-series-race-results/geico-500/,65.8,5.7,False
Chase Elliott,12,29.0,Running,2023-04-23,Talladega Superspeedway,Cup,superspeedway,https://www.jayski.com/race-results/2023-nascar-cup-series-race-results/geico-500/,65.8,5.7,False
Tyler Reddick,13,13.0,Running,2023-04-23,Talladega Superspeedway,Cup,superspeedway,https://www.jayski.com/race-results/2023-nascar-cup-series-race-results/geico-500/,65.8,5.7,False
Alex Bowman,14,27.0,Running,2023-04-23,Talladega Superspeedway,Cup,superspeedway,https://www.jayski.com/race-results/2023-nascar-cup-series-race-results/geico-500/,65.8,5.7,False
Denny Hamlin,15,1.0,Running,2023-04-23,Talladega Superspeedway,Cup,superspeedway,https://www.jayski.com/race-results/2023-nascar-cup-series-race-results/geico-500/,65.8,5.7,False
Ricky Stenhouse Jr.,16,33.0,Running,2023-04-23,Talladega Superspeedway,Cup,superspeedway,https://www.jayski.com/race-results/2023-nascar-cup-series-race-results/geico-500/,65.8,5.7,False
Ty Dillon,17,32.0,Running,2023-04-23,Talladega Superspeedway,Cup,superspeedway,https://www.jayski.com/race-results/2023-nascar-cup-series-race-results/geico-500/,65.8,5.7,False
Justin Haley,18,26.0,Running,2023-04-23,Talladega Superspeedway,Cup,superspeedway,https://www.jayski.com/race-results/2023-nascar-cup-series-race-results/geico-500/,65.8,5.7,False
BJ McLeod,19,37.0,Running,2023-04-23,Talladega Superspeedway,Cup,superspeedway,https://www.jayski.com/race-results/2023-nascar-cup-series-race-results/geico-500/,65.8,5.7,False
Aric Almirola,20,2.0,Running,2023-04-23,Talladega Superspeedway,Cup,superspeedway,https://www.jayski.com/race-results/2023-nascar-cup-series-race-results/geico-500/,65.8,5.7,False
Kevin Harvick,21,11.0,Running,2023-04-23,Talladega Superspeedway,Cup,superspeedway,https://www.jayski.com/race-results/2023-nascar-cup-series-race-results/geico-500/,65.8,5.7,False
Ross Chastain,22,23.0,Running,2023-04-23,Talladega Superspeedway,Cup,superspeedway,https://www.jayski.com/race-results/2023-nascar-cup-series-race-results/geico-500/,65.8,5.7,False
Austin Hill,23,31.0,Running,2023-04-23,Talladega Superspeedway,Cup,superspeedway,https://www.jayski.com/race-results/2023-nascar-cup-series-race-results/geico-500/,65.8,5.7,False
Corey LaJoie,24,34.0,Running,2023-04-23,Talladega Superspeedway,Cup,superspeedway,https://www.jayski.com/race-results/2023-nascar-cup-series-race-results/geico-500/,65.8,5.7,False
Riley Herbst,25,36.0,Running,2023-04-23,Talladega Superspeedway,Cup,superspeedway,https://www.jayski.com/race-results/2023-nascar-cup-series-race-results/geico-500/,65.8,5.7,False
Austin Cindric,26,15.0,Running,2023-04-23,Talladega Superspeedway,Cup,superspeedway,https://www.jayski.com/race-results/2023-nascar-cup-series-race-results/geico-500/,65.8,5.7,False
Martin Truex Jr.,27,7.0,Running,2023-04-23,Talladega Superspeedway,Cup,superspeedway,https://www.jayski.com/race-results/2023-nascar-cup-series-race-results/geico-500/,65.8,5.7,False
Bubba Wallace,28,12.0,Accident,2023-04-23,Talladega Superspeedway,Cup,superspeedway,https://www.jayski.com/race-results/2023-nascar-cup-series-race-results/geico-500/,65.8,5.7,False
AJ Allmendinger,29,19.0,Accident,2023-04-23,Talladega Superspeedway,Cup,superspeedway,https://www.jayski.com/race-results/2023-nascar-cup-series-race-results/geico-500/,65.8,5.7,False
Joey Logano,30,8.0,Running,2023-04-23,Talladega Superspeedway,Cup,superspeedway,https://www.jayski.com/race-results/2023-nascar-cup-series-race-results/geico-500/,65.8,5.7,False
Ty Gibbs,31,3.0,Fuel,2023-04-23,Talladega Superspeedway,Cup,superspeedway,https://www.jayski.com/race-results/2023-nascar-cup-series-race-results/geico-500/,65.8,5.7,False
Noah Gragson,32,30.0,Accident,2023-04-23,Talladega Superspeedway,Cup,superspeedway,https://www.jayski.com/race-results/2023-nascar-cup-series-race-results/geico-500/,65.8,5.7,False
Kyle Larson,33,9.0,Accident,2023-04-23,Talladega Superspeedway,Cup,superspeedway,https://www.jayski.com/race-results/2023-nascar-cup-series-race-results/geico-500/,65.8,5.7,False
Ryan Preece,34,16.0,Accident,2023-04-23,Talladega Superspeedway,Cup,superspeedway,https://www.jayski.com/race-results/2023-nascar-cup-series-race-results/geico-500/,65.8,5.7,False
Michael McDowell,35,21.0,Running,2023-04-23,Talladega Superspeedway,Cup,superspeedway,https://www.jayski.com/race-results/2023-nascar-cup-series-race-results/geico-500/,65.8,5.7,False
Harrison Burton,36,25.0,Accident,2023-04-23,Talladega Superspeedway,Cup,superspeedway,https://www.jayski.com/race-results/2023-nascar-cup-series-race-results/geico-500/,65.8,5.7,False
Zane Smith,37,35.0,Accident,2023-04-23,Talladega Superspeedway,Cup,superspeedway,https://www.jayski.com/race-results/2023-nascar-cup-series-race-results/geico-500/,65.8,5.7,False
Austin Dillon,38,14.0,Accident,2023-04-23,Talladega Superspeedway,Cup,superspeedway,https://www.jayski.com/race-results/2023-nascar-cup-series-race-results/geico-500/,65.8,5.7,False
Denny Hamlin,1,8.0,Running,2023-05-07,Kansas Speedway,Cup,1.5-mile,https://www.jayski.com/race-results/2023-nascar-cup-series-race-results/adventhealth-400/,86.4,10.8,False
Kyle Larson,2,2.0,Running,2023-05-07,Kansas Speedway,Cup,1.5-mile,https://www.jayski.com/race-results/2023-nascar-cup-series-race-results/adventhealth-400/,86.4,10.8,False
William Byron,3,1.0,Running,2023-05-07,Kansas Speedway,Cup,1.5-mile,https://www.jayski.com/race-results/2023-nascar-cup-series-race-results/adventhealth-400/,86.4,10.8,False
Bubba Wallace,4,17.0,Running,2023-05-07,Kansas Speedway,Cup,1.5-mile,https://www.jayski.com/race-results/2023-nascar-cup-series-race-results/adventhealth-400/,86.4,10.8,False
Ross Chastain,5,3.0,Running,2023-05-07,Kansas Speedway,Cup,1.5-mile,https://www.jayski.com/race-results/2023-nascar-cup-series-race-results/adventhealth-400/,86.4,10.8,False
Joey Logano,6,6.0,Running,2023-05-07,Kansas Speedway,Cup,1.5-mile,https://www.jayski.com/race-results/2023-nascar-cup-series-race-results/adventhealth-400/,86.4,10.8,False
Chase Elliott,7,21.0,Running,2023-05-07,Kansas Speedway,Cup,1.5-mile,https://www.jayski.com/race-results/2023-nascar-cup-series-race-results/adventhealth-400/,86.4,10.8,False
Martin Truex Jr.,8,4.0,Running,2023-05-07,Kansas Speedway,Cup,1.5-mile,https://www.jayski.com/race-results/2023-nascar-cup-series-race-results/adventhealth-400/,86.4,10.8,False
Tyler Reddick,9,5.0,Running,2023-05-07,Kansas Speedway,Cup,1.5-mile,https://www.jayski.com/race-results/2023-nascar-cup-series-race-results/adventhealth-400/,86.4,10.8,False
Austin Dillon,10,11.0,Running,2023-05-07,Kansas Speedway,Cup,1.5-mile,https://www.jayski.com/race-results/2023-nascar-cup-series-race-results/adventhealth-400/,86.4,10.8,False
Kevin Harvick,11,13.0,Running,2023-05-07,Kansas Speedway,Cup,1.5-mile,https://www.jayski.com/race-results/2023-nascar-cup-series-race-results/adventhealth-400/,86.4,10.8,False
Ricky Stenhouse Jr.,12,33.0,Running,2023-05-07,Kansas Speedway,Cup,1.5-mile,https://www.jayski.com/race-results/2023-nascar-cup-series-race-results/adventhealth-400/,86.4,10.8,False
Aric Almirola,13,18.0,Running,2023-05-07,Kansas Speedway,Cup,1.5-mile,https://www.jayski.com/race-results/2023-nascar-cup-series-race-results/adventhealth-400/,86.4,10.8,False
AJ Allmendinger,14,27.0,Running,2023-05-07,Kansas Speedway,Cup,1.5-mile,https://www.jayski.com/race-results/2023-nascar-cup-series-race-results/adventhealth-400/,86.4,10.8,False
Daniel Suarez,15,9.0,Running,2023-05-07,Kansas Speedway,Cup,1.5-mile,https://www.jayski.com/race-results/2023-nascar-cup-series-race-results/adventhealth-400/,86.4,10.8,False
Ryan Blaney,16,10.0,Running,2023-05-07,Kansas Speedway,Cup,1.5-mile,https://www.jayski.com/race-results/2023-nascar-cup-series-race-results/adventhealth-400/,86.4,10.8,False
Chris Buescher,17,14.0,Running,2023-05-07,Kansas Speedway,Cup,1.5-mile,https://www.jayski.com/race-results/2023-nascar-cup-series-race-results/adventhealth-400/,86.4,10.8,False
Justin Haley,18,30.0,Running,2023-05-07,Kansas Speedway,Cup,1.5-mile,https://www.jayski.com/race-results/2023-nascar-cup-series-race-results/adventhealth-400/,86.4,10.8,False
Brad Keselowski,19,20.0,Running,2023-05-07,Kansas Speedway,Cup,1.5-mile,https://www.jayski.com/race-results/2023-nascar-cup-series-race-results/adventhealth-400/,86.4,10.8,False
Corey LaJoie,20,24.0,Running,2023-05-07,Kansas Speedway,Cup,1.5-mile,https://www.jayski.com/race-results/2023-nascar-cup-series-race-results/adventhealth-400/,86.4,10.8,False
Erik Jones,21,19.0,Running,2023-05-07,Kansas Speedway,Cup,1.5-mile,https://www.jayski.com/race-results/2023-nascar-cup-series-race-results/adventhealth-400/,86.4,10.8,False
Ty Dillon,22,26.0,Running,2023-05-07,Kansas Speedway,Cup,1.5-mile,https://www.jayski.com/race-results/2023-nascar-cup-series-race-results/adventhealth-400/,86.4,10.8,False
JJ Yeley,23,35.0,Running,2023-05-07,Kansas Speedway,Cup,1.5-mile,https://www.jayski.com/race-results/2023-nascar-cup-series-race-results/adventhealth-400/,86.4,10.8,False
Todd Gilliland,24,32.0,Running,2023-05-07,Kansas Speedway,Cup,1.5-mile,https://www.jayski.com/race-results/2023-nascar-cup-series-race-results/adventhealth-400/,86.4,10.8,False
Josh Berry,25,29.0,Running,2023-05-07,Kansas Speedway,Cup,1.5-mile,https://www.jayski.com/race-results/2023-nascar-cup-series-race-results/adventhealth-400/,86.4,10.8,False
Michael McDowell,26,23.0,Running,2023-05-07,Kansas Speedway,Cup,1.5-mile,https://www.jayski.com/race-results/2023-nascar-cup-series-race-results/adventhealth-400/,86.4,10.8,False
Ryan Preece,27,28.0,Running,2023-05-07,Kansas Speedway,Cup,1.5-mile,https://www.jayski.com/race-results/2023-nascar-cup-series-race-results/adventhealth-400/,86.4,10.8,False
Brennan Poole,28,34.0,Running,2023-05-07,Kansas Speedway,Cup,1.5-mile,https://www.jayski.com/race-results/2023-nascar-cup-series-race-results/adventhealth-400/,86.4,10.8,False
Noah Gragson,29,22.0,Running,2023-05-07,Kansas Speedway,Cup,1.5-mile,https://www.jayski.com/race-results/2023-nascar-cup-series-race-results/adventhealth-400/,86.4,10.8,False
Harrison Burton,30,25.0,Running,2023-05-07,Kansas Speedway,Cup,1.5-mile,https://www.jayski.com/race-results/2023-nascar-cup-series-race-results/adventhealth-400/,86.4,10.8,False
Austin Cindric,31,15.0,Running,2023-05-07,Kansas Speedway,Cup,1.5-mile,https://www.jayski.com/race-results/2023-nascar-cup-series-race-results/adventhealth-400/,86.4,10.8,False
Chase Briscoe,32,31.0,Running,2023-05-07,Kansas Speedway,Cup,1.5-mile,https://www.jayski.com/race-results/2023-nascar-cup-series-race-results/adventhealth-400/,86.4,10.8,False
Josh Bilicki,33,36.0,Running,2023-05-07,Kansas Speedway,Cup,1.5-mile,https://www.jayski.com/race-results/2023-nascar-cup-series-race-results/adventhealth-400/,86.4,10.8,False
Ty Gibbs,34,7.0,Accident,2023-05-07,Kansas Speedway,Cup,1.5-mile,https://www.jayski.com/race-results/2023-nascar-cup-series-race-results/adventhealth-400/,86.4,10.8,False
Kyle Busch,35,16.0,Accident,2023-05-07,Kansas Speedway,Cup,1.5-mile,https://www.jayski.com/race-results/2023-nascar-cup-series-race-results/adventhealth-400/,86.4,10.8,False
Christopher Bell,36,12.0,Accident,2023-05-07,Kansas Speedway,Cup,1.5-mile,https://www.jayski.com/race-results/2023-nascar-cup-series-race-results/adventhealth-400/,86.4,10.8,False
Ryan Blaney,1,8.0,Running,2023-05-29,Charlotte Motor Speedway,Cup,1.5-mile,https://www.jayski.com/race-results/2023-nascar-cup-series-race-results/coca-cola-600/,70.2,5.0,False
William Byron,2,1.0,Running,2023-05-29,Charlotte Motor Speedway,Cup,1.5-mile,https://www.jayski.com/race-results/2023-nascar-cup-series-race-results/coca-cola-600/,70.2,5.0,False
Martin Truex Jr.,3,18.0,Running,2023-05-29,Charlotte Motor Speedway,Cup,1.5-mile,https://www.jayski.com/race-results/2023-nascar-cup-series-race-results/coca-cola-600/,70.2,5.0,False
Bubba Wallace,4,7.0,Running,2023-05-29,Charlotte Motor Speedway,Cup,1.5-mile,https://www.jayski.com/race-results/2023-nascar-cup-series-race-results/coca-cola-600/,70.2,5.0,False
Tyler Reddick,5,15.0,Running,2023-05-29,Charlotte Motor Speedway,Cup,1.5-mile,https://www.jayski.com/race-results/2023-nascar-cup-series-race-results/coca-cola-600/,70.2,5.0,False
Kyle Busch,6,5.0,Running,2023-05-29,Charlotte Motor Speedway,Cup,1.5-mile,https://www.jayski.com/race-results/2023-nascar-cup-series-race-results/coca-cola-600/,70.2,5.0,False
Ricky Stenhouse Jr.,7,10.0,Running,2023-05-29,Charlotte Motor Speedway,Cup,1.5-mile,https://www.jayski.com/race-results/2023-nascar-cup-series-race-results/coca-cola-600/,70.2,5.0,False
Chris Buescher,8,11.0,Running,2023-05-29,Charlotte Motor Speedway,Cup,1.5-mile,https://www.jayski.com/race-results/2023-nascar-cup-series-race-results/coca-cola-600/,70.2,5.0,False
Austin Dillon,9,33.0,Running,2023-05-29,Charlotte Motor Speedway,Cup,1.5-mile,https://www.jayski.com/race-results/2023-nascar-cup-series-race-results/coca-cola-600/,70.2,5.0,False
Zane Smith,10,29.0,Running,2023-05-29,Charlotte Motor Speedway,Cup,1.5-mile,https://www.jayski.com/race-results/2023-nascar-cup-series-race-results/coca-cola-600/,70.2,5.0,False
Kevin Harvick,11,2.0,Running,2023-05-29,Charlotte Motor Speedway,Cup,1.5-mile,https://www.jayski.com/race-results/2023-nascar-cup-series-race-results/coca-cola-600/,70.2,5.0,False
Alex Bowman,12,31.0,Running,2023-05-29,Charlotte Motor Speedway,Cup,1.5-mile,https://www.jayski.com/race-results/2023-nascar-cup-series-race-results/coca-cola-600/,70.2,5.0,False
Ryan Preece,13,22.0,Running,2023-05-29,Charlotte Motor Speedway,Cup,1.5-mile,https://www.jayski.com/race-results/2023-nascar-cup-series-race-results/coca-cola-600/,70.2,5.0,False
AJ Allmendinger,14,27.0,Running,2023-05-29,Charlotte Motor Speedway,Cup,1.5-mile,https://www.jayski.com/race-results/2023-nascar-cup-series-race-results/coca-cola-600/,70.2,5.0,False
Justin Haley,15,16.0,Running,2023-05-29,Charlotte Motor Speedway,Cup,1.5-mile,https://www.jayski.com/race-results/2023-nascar-cup-series-race-results/coca-cola-600/,70.2,5.0,False
JJ Yeley,16,36.0,Running,2023-05-29,Charlotte Motor Speedway,Cup,1.5-mile,https://www.jayski.com/race-results/2023-nascar-cup-series-race-results/coca-cola-600/,70.2,5.0,False
Corey LaJoie,17,25.0,Running,2023-05-29,Charlotte Motor Speedway,Cup,1.5-mile,https://www.jayski.com/race-results/2023-nascar-cup-series-race-results/coca-cola-600/,70.2,5.0,False
Harrison Burton,18,13.0,Running,2023-05-29,Charlotte Motor Speedway,Cup,1.5-mile,https://www.jayski.com/race-results/2023-nascar-cup-series-race-results/coca-cola-600/,70.2,5.0,False
Brad Keselowski,19,3.0,Running,2023-05-29,Charlotte Motor Speedway,Cup,1.5-mile,https://www.jayski.com/race-results/2023-nascar-cup-series-race-results/coca-cola-600/,70.2,5.0,False
Chase Briscoe,20,20.0,Running,2023-05-29,Charlotte Motor Speedway,Cup,1.5-mile,https://www.jayski.com/race-results/2023-nascar-cup-series-race-results/coca-cola-600/,70.2,5.0,False
Joey Logano,21,17.0,Running,2023-05-29,Charlotte Motor Speedway,Cup,1.5-mile,https://www.jayski.com/race-results/2023-nascar-cup-series-race-results/coca-cola-600/,70.2,5.0,False
Ross Chastain,22,14.0,Running,2023-05-29,Charlotte Motor Speedway,Cup,1.5-mile,https://www.jayski.com/race-results/2023-nascar-cup-series-race-results/coca-cola-600/,70.2,5.0,False
Daniel Suarez,23,24.0,Running,2023-05-29,Charlotte Motor Speedway,Cup,1.5-mile,https://www.jayski.com/race-results/2023-nascar-cup-series-race-results/coca-cola-600/,70.2,5.0,False
Christopher Bell,24,9.0,Running,2023-05-29,Charlotte Motor Speedway,Cup,1.5-mile,https://www.jayski.com/race-results/2023-nascar-cup-series-race-results/coca-cola-600/,70.2,5.0,False
Aric Almirola,25,23.0,Running,2023-05-29,Charlotte Motor Speedway,Cup,1.5-mile,https://www.jayski.com/race-results/2023-nascar-cup-series-race-results/coca-cola-600/,70.2,5.0,False
Ty Gibbs,26,19.0,Running,2023-05-29,Charlotte Motor Speedway,Cup,1.5-mile,https://www.jayski.com/race-results/2023-nascar-cup-series-race-results/coca-cola-600/,70.2,5.0,False
Ty Dillon,27,32.0,Running,2023-05-29,Charlotte Motor Speedway,Cup,1.5-mile,https://www.jayski.com/race-results/2023-nascar-cup-series-race-results/coca-cola-600/,70.2,5.0,False
Michael McDowell,28,30.0,Running,2023-05-29,Charlotte Motor Speedway,Cup,1.5-mile,https://www.jayski.com/race-results/2023-nascar-cup-series-race-results/coca-cola-600/,70.2,5.0,False
BJ McLeod,29,34.0,Running,2023-05-29,Charlotte Motor Speedway,Cup,1.5-mile,https://www.jayski.com/race-results/2023-nascar-cup-series-race-results/coca-cola-600/,70.2,5.0,False
Kyle Larson,30,12.0,Accident,2023-05-29,Charlotte Motor Speedway,Cup,1.5-mile,https://www.jayski.com/race-results/2023-nascar-cup-series-race-results/coca-cola-600/,70.2,5.0,False
Austin Cindric,31,21.0,Accident,2023-05-29,Charlotte Motor Speedway,Cup,1.5-mile,https://www.jayski.com/race-results/2023-nascar-cup-series-race-results/coca-cola-600/,70.2,5.0,False
Erik Jones,32,26.0,Running,2023-05-29,Charlotte Motor Speedway,Cup,1.5-mile,https://www.jayski.com/race-results/2023-nascar-cup-series-race-results/coca-cola-600/,70.2,5.0,False
Todd Gilliland,33,35.0,Accident,2023-05-29,Charlotte Motor Speedway,Cup,1.5-mile,https://www.jayski.com/race-results/2023-nascar-cup-series-race-results/coca-cola-600/,70.2,5.0,False
Chase Elliott,34,6.0,Accident,2023-05-29,Charlotte Motor Speedway,Cup,1.5-mile,https://www.jayski.com/race-results/2023-nascar-cup-series-race-results/coca-cola-600/,70.2,5.0,False
Denny Hamlin,35,4.0,Accident,2023-05-29,Charlotte Motor Speedway,Cup,1.5-mile,https://www.jayski.com/race-results/2023-nascar-cup-series-race-results/coca-cola-600/,70.2,5.0,False
Noah Gragson,36,28.0,Engine,2023-05-29,Charlotte Motor Speedway,Cup,1.5-mile,https://www.jayski.com/race-results/2023-nascar-cup-series-race-results/coca-cola-600/,70.2,5.0,False
Jimmie Johnson,37,37.0,Accident,2023-05-29,Charlotte Motor Speedway,Cup,1.5-mile,https://www.jayski.com/race-results/2023-nascar-cup-series-race-results/coca-cola-600/,70.2,5.0,False
Tyler Reddick,1,5.0,Running,2023-09-10,Kansas Speedway,Cup,1.5-mile,https://www.jayski.com/race-results/2023-nascar-cup-series-race-results/hollywood-casino-400/,85.0,2.9,False
Denny Hamlin,2,14.0,Running,2023-09-10,Kansas Speedway,Cup,1.5-mile,https://www.jayski.com/race-results/2023-nascar-cup-series-race-results/hollywood-casino-400/,85.0,2.9,False
Erik Jones,3,19.0,Running,2023-09-10,Kansas Speedway,Cup,1.5-mile,https://www.jayski.com/race-results/2023-nascar-cup-series-race-results/hollywood-casino-400/,85.0,2.9,False
Kyle Larson,4,2.0,Running,2023-09-10,Kansas Speedway,Cup,1.5-mile,https://www.jayski.com/race-results/2023-nascar-cup-series-race-results/hollywood-casino-400/,85.0,2.9,False
Joey Logano,5,11.0,Running,2023-09-10,Kansas Speedway,Cup,1.5-mile,https://www.jayski.com/race-results/2023-nascar-cup-series-race-results/hollywood-casino-400/,85.0,2.9,False
Chase Elliott,6,4.0,Running,2023-09-10,Kansas Speedway,Cup,1.5-mile,https://www.jayski.com/race-results/2023-nascar-cup-series-race-results/hollywood-casino-400/,85.0,2.9,False
Kyle Busch,7,35.0,Running,2023-09-10,Kansas Speedway,Cup,1.5-mile,https://www.jayski.com/race-results/2023-nascar-cup-series-race-results/hollywood-casino-400/,85.0,2.9,False
Christopher Bell,8,1.0,Running,2023-09-10,Kansas Speedway,Cup,1.5-mile,https://www.jayski.com/race-results/2023-nascar-cup-series-race-results/hollywood-casino-400/,85.0,2.9,False
Brad Keselowski,9,12.0,Running,2023-09-10,Kansas Speedway,Cup,1.5-mile,https://www.jayski.com/race-results/2023-nascar-cup-series-race-results/hollywood-casino-400/,85.0,2.9,False
Alex Bowman,10,23.0,Running,2023-09-10,Kansas Speedway,Cup,1.5-mile,https://www.jayski.com/race-results/2023-nascar-cup-series-race-results/hollywood-casino-400/,85.0,2.9,False
Kevin Harvick,11,20.0,Running,2023-09-10,Kansas Speedway,Cup,1.5-mile,https://www.jayski.com/race-results/2023-nascar-cup-series-race-results/hollywood-casino-400/,85.0,2.9,False
Ryan Blaney,12,17.0,Running,2023-09-10,Kansas Speedway,Cup,1.5-mile,https://www.jayski.com/race-results/2023-nascar-cup-series-race-results/hollywood-casino-400/,85.0,2.9,False
Ross Chastain,13,6.0,Running,2023-09-10,Kansas Speedway,Cup,1.5-mile,https://www.jayski.com/race-results/2023-nascar-cup-series-race-results/hollywood-casino-400/,85.0,2.9,False
Ty Gibbs,14,36.0,Running,2023-09-10,Kansas Speedway,Cup,1.5-mile,https://www.jayski.com/race-results/2023-nascar-cup-series-race-results/hollywood-casino-400/,85.0,2.9,False
William Byron,15,9.0,Running,2023-09-10,Kansas Speedway,Cup,1.5-mile,https://www.jayski.com/race-results/2023-nascar-cup-series-race-results/hollywood-casino-400/,85.0,2.9,False
Daniel Suarez,16,15.0,Running,2023-09-10,Kansas Speedway,Cup,1.5-mile,https://www.jayski.com/race-results/2023-nascar-cup-series-race-results/hollywood-casino-400/,85.0,2.9,False
Aric Almirola,17,25.0,Running,2023-09-10,Kansas Speedway,Cup,1.5-mile,https://www.jayski.com/race-results/2023-nascar-cup-series-race-results/hollywood-casino-400/,85.0,2.9,False
Ryan Preece,18,28.0,Running,2023-09-10,Kansas Speedway,Cup,1.5-mile,https://www.jayski.com/race-results/2023-nascar-cup-series-race-results/hollywood-casino-400/,85.0,2.9,False
Chase Briscoe,19,26.0,Running,2023-09-10,Kansas Speedway,Cup,1.5-mile,https://www.jayski.com/race-results/2023-nascar-cup-series-race-results/hollywood-casino-400/,85.0,2.9,False
Carson Hocevar,20,21.0,Running,2023-09-10,Kansas Speedway,Cup,1.5-mile,https://www.jayski.com/race-results/2023-nascar-cup-series-race-results/hollywood-casino-400/,85.0,2.9,False
Justin Haley,21,30.0,Running,2023-09-10,Kansas Speedway,Cup,1.5-mile,https://www.jayski.com/race-results/2023-nascar-cup-series-race-results/hollywood-casino-400/,85.0,2.9,False
Corey LaJoie,22,24.0,Running,2023-09-10,Kansas Speedway,Cup,1.5-mile,https://www.jayski.com/race-results/2023-nascar-cup-series-race-results/hollywood-casino-400/,85.0,2.9,False
Ricky Stenhouse Jr.,23,16.0,Running,2023-09-10,Kansas Speedway,Cup,1.5-mile,https://www.jayski.com/race-results/2023-nascar-cup-series-race-results/hollywood-casino-400/,85.0,2.9,False
Cole Custer,24,27.0,Running,2023-09-10,Kansas Speedway,Cup,1.5-mile,https://www.jayski.com/race-results/2023-nascar-cup-series-race-results/hollywood-casino-400/,85.0,2.9,False
Todd Gilliland,25,32.0,Running,2023-09-10,Kansas Speedway,Cup,1.5-mile,https://www.jayski.com/race-results/2023-nascar-cup-series-race-results/hollywood-casino-400/,85.0,2.9,False
Michael McDowell,26,7.0,Running,2023-09-10,Kansas Speedway,Cup,1.5-mile,https://www.jayski.com/race-results/2023-nascar-cup-series-race-results/hollywood-casino-400/,85.0,2.9,False
Chris Buescher,27,13.0,Running,2023-09-10,Kansas Speedway,Cup,1.5-mile,https://www.jayski.com/race-results/2023-nascar-cup-series-race-results/hollywood-casino-400/,85.0,2.9,False
Ty Dillon,28,33.0,Running,2023-09-10,Kansas Speedway,Cup,1.5-mile,https://www.jayski.com/race-results/2023-nascar-cup-series-race-results/hollywood-casino-400/,85.0,2.9,False
Sheldon Creed,29,34.0,Running,2023-09-10,Kansas Speedway,Cup,1.5-mile,https://www.jayski.com/race-results/2023-nascar-cup-series-race-results/hollywood-casino-400/,85.0,2.9,False
AJ Allmendinger,30,22.0,Running,2023-09-10,Kansas Speedway,Cup,1.5-mile,https://www.jayski.com/race-results/2023-nascar-cup-series-race-results/hollywood-casino-400/,85.0,2.9,False
Austin Cindric,31,18.0,Running,2023-09-10,Kansas Speedway,Cup,1.5-mile,https://www.jayski.com/race-results/2023-nascar-cup-series-race-results/hollywood-casino-400/,85.0,2.9,False
Bubba Wallace,32,10.0,Running,2023-09-10,Kansas Speedway,Cup,1.5-mile,https://www.jayski.com/race-results/2023-nascar-cup-series-race-results/hollywood-casino-400/,85.0,2.9,False
Austin Dillon,33,8.0,Running,2023-09-10,Kansas Speedway,Cup,1.5-mile,https://www.jayski.com/race-results/2023-nascar-cup-series-race-results/hollywood-casino-400/,85.0,2.9,False
JJ Yeley,34,31.0,DVP,2023-09-10,Kansas Speedway,Cup,1.5-mile,https://www.jayski.com/race-results/2023-nascar-cup-series-race-results/hollywood-casino-400/,85.0,2.9,False
Harrison Burton,35,29.0,DVP,2023-09-10,Kansas Speedway,Cup,1.5-mile,https://www.jayski.com/race-results/2023-nascar-cup-series-race-results/hollywood-casino-400/,85.0,2.9,False
Martin Truex Jr.,36,3.0,Accident,2023-09-10,Kansas Speedway,Cup,1.5-mile,https://www.jayski.com/race-results/2023-nascar-cup-series-race-results/hollywood-casino-400/,85.0,2.9,False
William Byron,1,18.0,Running,2023-09-24,Texas Motor Speedway,Cup,1.5-mile,https://www.jayski.com/race-results/2023-nascar-cup-series-race-results/autotrader-echopark-automotive-400/,95.5,10.2,False
Ross Chastain,2,5.0,Running,2023-09-24,Texas Motor Speedway,Cup,1.5-mile,https://www.jayski.com/race-results/2023-nascar-cup-series-race-results/autotrader-echopark-automotive-400/,95.5,10.2,False
Bubba Wallace,3,1.0,Running,2023-09-24,Texas Motor Speedway,Cup,1.5-mile,https://www.jayski.com/race-results/2023-nascar-cup-series-race-results/autotrader-echopark-automotive-400/,95.5,10.2,False
Christopher Bell,4,9.0,Running,2023-09-24,Texas Motor Speedway,Cup,1.5-mile,https://www.jayski.com/race-results/2023-nascar-cup-series-race-results/autotrader-echopark-automotive-400/,95.5,10.2,False
Denny Hamlin,5,10.0,Running,2023-09-24,Texas Motor Speedway,Cup,1.5-mile,https://www.jayski.com/race-results/2023-nascar-cup-series-race-results/autotrader-echopark-automotive-400/,95.5,10.2,False
Kevin Harvick,6,22.0,Running,2023-09-24,Texas Motor Speedway,Cup,1.5-mile,https://www.jayski.com/race-results/2023-nascar-cup-series-race-results/autotrader-echopark-automotive-400/,95.5,10.2,False
Brad Keselowski,7,3.0,Running,2023-09-24,Texas Motor Speedway,Cup,1.5-mile,https://www.jayski.com/race-results/2023-nascar-cup-series-race-results/autotrader-echopark-automotive-400/,95.5,10.2,False
Daniel Suarez,8,8.0,Running,2023-09-24,Texas Motor Speedway,Cup,1.5-mile,https://www.jayski.com/race-results/2023-nascar-cup-series-race-results/autotrader-echopark-automotive-400/,95.5,10.2,False
Ricky Stenhouse Jr.,9,24.0,Running,2023-09-24,Texas Motor Speedway,Cup,1.5-mile,https://www.jayski.com/race-results/2023-nascar-cup-series-race-results/autotrader-echopark-automotive-400/,95.5,10.2,False
Chase Briscoe,10,31.0,Running,2023-09-24,Texas Motor Speedway,Cup,1.5-mile,https://www.jayski.com/race-results/2023-nascar-cup-series-race-results/autotrader-echopark-automotive-400/,95.5,10.2,False
Chase Elliott,11,29.0,Running,2023-09-24,Texas Motor Speedway,Cup,1.5-mile,https://www.jayski.com/race-results/2023-nascar-cup-series-race-results/autotrader-echopark-automotive-400/,95.5,10.2,False
Alex Bowman,12,14.0,Running,2023-09-24,Texas Motor Speedway,Cup,1.5-mile,https://www.jayski.com/race-results/2023-nascar-cup-series-race-results/autotrader-echopark-automotive-400/,95.5,10.2,False
Justin Haley,13,28.0,Running,2023-09-24,Texas Motor Speedway,Cup,1.5-mile,https://www.jayski.com/race-results/2023-nascar-cup-series-race-results/autotrader-echopark-automotive-400/,95.5,10.2,False
Chris Buescher,14,2.0,Running,2023-09-24,Texas Motor Speedway,Cup,1.5-mile,https://www.jayski.com/race-results/2023-nascar-cup-series-race-results/autotrader-echopark-automotive-400/,95.5,10.2,False
Michael McDowell,15,17.0,Running,2023-09-24,Texas Motor Speedway,Cup,1.5-mile,https://www.jayski.com/race-results/2023-nascar-cup-series-race-results/autotrader-echopark-automotive-400/,95.5,10.2,False
Carson Hocevar,16,19.0,Running,2023-09-24,Texas Motor Speedway,Cup,1.5-mile,https://www.jayski.com/race-results/2023-nascar-cup-series-race-results/autotrader-echopark-automotive-400/,95.5,10.2,False
Martin Truex Jr.,17,16.0,Running,2023-09-24,Texas Motor Speedway,Cup,1.5-mile,https://www.jayski.com/race-results/2023-nascar-cup-series-race-results/autotrader-echopark-automotive-400/,95.5,10.2,False
Aric Almirola,18,21.0,Running,2023-09-24,Texas Motor Speedway,Cup,1.5-mile,https://www.jayski.com/race-results/2023-nascar-cup-series-race-results/autotrader-echopark-automotive-400/,95.5,10.2,False
Ty Dillon,19,26.0,Running,2023-09-24,Texas Motor Speedway,Cup,1.5-mile,https://www.jayski.com/race-results/2023-nascar-cup-series-race-results/autotrader-echopark-automotive-400/,95.5,10.2,False
Harrison Burton,20,30.0,Running,2023-09-24,Texas Motor Speedway,Cup,1.5-mile,https://www.jayski.com/race-results/2023-nascar-cup-series-race-results/autotrader-echopark-automotive-400/,95.5,10.2,False
Joey Logano,21,20.0,Running,2023-09-24,Texas Motor Speedway,Cup,1.5-mile,https://www.jayski.com/race-results/2023-nascar-cup-series-race-results/autotrader-echopark-automotive-400/,95.5,10.2,False
BJ McLeod,22,34.0,Running,2023-09-24,Texas Motor Speedway,Cup,1.5-mile,https://www.jayski.com/race-results/2023-nascar-cup-series-race-results/autotrader-echopark-automotive-400/,95.5,10.2,False
Ryan Preece,23,25.0,Running,2023-09-24,Texas Motor Speedway,Cup,1.5-mile,https://www.jayski.com/race-results/2023-nascar-cup-series-race-results/autotrader-echopark-automotive-400/,95.5,10.2,False
Zane Smith,24,33.0,Running,2023-09-24,Texas Motor Speedway,Cup,1.5-mile,https://www.jayski.com/race-results/2023-nascar-cup-series-race-results/autotrader-echopark-automotive-400/,95.5,10.2,False
Tyler Reddick,25,15.0,Running,2023-09-24,Texas Motor Speedway,Cup,1.5-mile,https://www.jayski.com/race-results/2023-nascar-cup-series-race-results/autotrader-echopark-automotive-400/,95.5,10.2,False
Corey LaJoie,26,27.0,Running,2023-09-24,Texas Motor Speedway,Cup,1.5-mile,https://www.jayski.com/race-results/2023-nascar-cup-series-race-results/autotrader-echopark-automotive-400/,95.5,10.2,False
Austin Cindric,27,32.0,Accident,2023-09-24,Texas Motor Speedway,Cup,1.5-mile,https://www.jayski.com/race-results/2023-nascar-cup-series-race-results/autotrader-echopark-automotive-400/,95.5,10.2,False
Ryan Blaney,28,23.0,Accident,2023-09-24,Texas Motor Speedway,Cup,1.5-mile,https://www.jayski.com/race-results/2023-nascar-cup-series-race-results/autotrader-echopark-automotive-400/,95.5,10.2,False
AJ Allmendinger,29,6.0,Accident,2023-09-24,Texas Motor Speedway,Cup,1.5-mile,https://www.jayski.com/race-results/2023-nascar-cup-series-race-results/autotrader-echopark-automotive-400/,95.5,10.2,False
Erik Jones,30,12.0,Accident,2023-09-24,Texas Motor Speedway,Cup,1.5-mile,https://www.jayski.com/race-results/2023-nascar-cup-series-race-results/autotrader-echopark-automotive-400/,95.5,10.2,False
Kyle Larson,31,11.0,DVP,2023-09-24,Texas Motor Speedway,Cup,1.5-mile,https://www.jayski.com/race-results/2023-nascar-cup-series-race-results/autotrader-echopark-automotive-400/,95.5,10.2,False
JJ Yeley,32,35.0,Accident,2023-09-24,Texas Motor Speedway,Cup,1.5-mile,https://www.jayski.com/race-results/2023-nascar-cup-series-race-results/autotrader-echopark-automotive-400/,95.5,10.2,False
Ty Gibbs,33,4.0,Accident,2023-09-24,Texas Motor Speedway,Cup,1.5-mile,https://www.jayski.com/race-results/2023-nascar-cup-series-race-results/autotrader-echopark-automotive-400/,95.5,10.2,False
Kyle Busch,34,7.0,DVP,2023-09-24,Texas Motor Speedway,Cup,1.5-mile,https://www.jayski.com/race-results/2023-nascar-cup-series-race-results/autotrader-echopark-automotive-400/,95.5,10.2,False
Todd Gilliland,35,36.0,Accident,2023-09-24,Texas Motor Speedway,Cup,1.5-mile,https://www.jayski.com/race-results/2023-nascar-cup-series-race-results/autotrader-echopark-automotive-400/,95.5,10.2,False
Austin Dillon,36,13.0,Accident,2023-09-24,Texas Motor Speedway,Cup,1.5-mile,https://www.jayski.com/race-results/2023-nascar-cup-series-race-results/autotrader-echopark-automotive-400/,95.5,10.2,False
Ryan Blaney,1,10.0,Running,2023-10-01,Talladega Superspeedway,Cup,superspeedway,https://www.jayski.com/race-results/2023-nascar-cup-series-race-results/yellawood-500/,81.5,4.4,False
Kevin Harvick,2,11.0,Running,2023-10-01,Talladega Superspeedway,Cup,superspeedway,https://www.jayski.com/race-results/2023-nascar-cup-series-race-results/yellawood-500/,81.5,4.4,False
William Byron,3,8.0,Running,2023-10-01,Talladega Superspeedway,Cup,superspeedway,https://www.jayski.com/race-results/2023-nascar-cup-series-race-results/yellawood-500/,81.5,4.4,False
Denny Hamlin,4,12.0,Running,2023-10-01,Talladega Superspeedway,Cup,superspeedway,https://www.jayski.com/race-results/2023-nascar-cup-series-race-results/yellawood-500/,81.5,4.4,False
Corey LaJoie,5,36.0,Running,2023-10-01,Talladega Superspeedway,Cup,superspeedway,https://www.jayski.com/race-results/2023-nascar-cup-series-race-results/yellawood-500/,81.5,4.4,False
Austin Cindric,6,7.0,Running,2023-10-01,Talladega Superspeedway,Cup,superspeedway,https://www.jayski.com/race-results/2023-nascar-cup-series-race-results/yellawood-500/,81.5,4.4,False
Justin Haley,7,30.0,Running,2023-10-01,Talladega Superspeedway,Cup,superspeedway,https://www.jayski.com/race-results/2023-nascar-cup-series-race-results/yellawood-500/,81.5,4.4,False
Chase Elliott,8,23.0,Running,2023-10-01,Talladega Superspeedway,Cup,superspeedway,https://www.jayski.com/race-results/2023-nascar-cup-series-race-results/yellawood-500/,81.5,4.4,False
Ryan Preece,9,19.0,Running,2023-10-01,Talladega Superspeedway,Cup,superspeedway,https://www.jayski.com/race-results/2023-nascar-cup-series-race-results/yellawood-500/,81.5,4.4,False
Riley Herbst,10,6.0,Running,2023-10-01,Talladega Superspeedway,Cup,superspeedway,https://www.jayski.com/race-results/2023-nascar-cup-series-race-results/yellawood-500/,81.5,4.4,False
Daniel Suarez,11,28.0,Running,2023-10-01,Talladega Superspeedway,Cup,superspeedway,https://www.jayski.com/race-results/2023-nascar-cup-series-race-results/yellawood-500/,81.5,4.4,False
Chandler Smith,12,34.0,Running,2023-10-01,Talladega Superspeedway,Cup,superspeedway,https://www.jayski.com/race-results/2023-nascar-cup-series-race-results/yellawood-500/,81.5,4.4,False
Todd Gilliland,13,17.0,Running,2023-10-01,Talladega Superspeedway,Cup,superspeedway,https://www.jayski.com/race-results/2023-nascar-cup-series-race-results/yellawood-500/,81.5,4.4,False
Chase Briscoe,14,3.0,Running,2023-10-01,Talladega Superspeedway,Cup,superspeedway,https://www.jayski.com/race-results/2023-nascar-cup-series-race-results/yellawood-500/,81.5,4.4,False
Christopher Bell,15,15.0,Running,2023-10-01,Talladega Superspeedway,Cup,superspeedway,https://www.jayski.com/race-results/2023-nascar-cup-series-race-results/yellawood-500/,81.5,4.4,False
Kyle Larson,16,4.0,Running,2023-10-01,Talladega Superspeedway,Cup,superspeedway,https://www.jayski.com/race-results/2023-nascar-cup-series-race-results/yellawood-500/,81.5,4.4,False
Tyler Reddick,17,13.0,Running,2023-10-01,Talladega Superspeedway,Cup,superspeedway,https://www.jayski.com/race-results/2023-nascar-cup-series-race-results/yellawood-500/,81.5,4.4,False
Aric Almirola,18,1.0,Running,2023-10-01,Talladega Superspeedway,Cup,superspeedway,https://www.jayski.com/race-results/2023-nascar-cup-series-race-results/yellawood-500/,81.5,4.4,False
Martin Truex Jr.,19,16.0,Running,2023-10-01,Talladega Superspeedway,Cup,superspeedway,https://www.jayski.com/race-results/2023-nascar-cup-series-race-results/yellawood-500/,81.5,4.4,False
Chris Buescher,20,24.0,Running,2023-10-01,Talladega Superspeedway,Cup,superspeedway,https://www.jayski.com/race-results/2023-nascar-cup-series-race-results/yellawood-500/,81.5,4.4,False
AJ Allmendinger,21,31.0,Running,2023-10-01,Talladega Superspeedway,Cup,superspeedway,https://www.jayski.com/race-results/2023-nascar-cup-series-race-results/yellawood-500/,81.5,4.4,False
Michael McDowell,22,18.0,Running,2023-10-01,Talladega Superspeedway,Cup,superspeedway,https://www.jayski.com/race-results/2023-nascar-cup-series-race-results/yellawood-500/,81.5,4.4,False
Ricky Stenhouse Jr.,23,35.0,Running,2023-10-01,Talladega Superspeedway,Cup,superspeedway,https://www.jayski.com/race-results/2023-nascar-cup-series-race-results/yellawood-500/,81.5,4.4,False
Bubba Wallace,24,9.0,Running,2023-10-01,Talladega Superspeedway,Cup,superspeedway,https://www.jayski.com/race-results/2023-nascar-cup-series-race-results/yellawood-500/,81.5,4.4,False
Joey Logano,25,2.0,Running,2023-10-01,Talladega Superspeedway,Cup,superspeedway,https://www.jayski.com/race-results/2023-nascar-cup-series-race-results/yellawood-500/,81.5,4.4,False
Kyle Busch,26,25.0,Running,2023-10-01,Talladega Superspeedway,Cup,superspeedway,https://www.jayski.com/race-results/2023-nascar-cup-series-race-results/yellawood-500/,81.5,4.4,False
Erik Jones,27,26.0,Running,2023-10-01,Talladega Superspeedway,Cup,superspeedway,https://www.jayski.com/race-results/2023-nascar-cup-series-race-results/yellawood-500/,81.5,4.4,False
Ty Dillon,28,33.0,Running,2023-10-01,Talladega Superspeedway,Cup,superspeedway,https://www.jayski.com/race-results/2023-nascar-cup-series-race-results/yellawood-500/,81.5,4.4,False
Alex Bowman,29,20.0,Running,2023-10-01,Talladega Superspeedway,Cup,superspeedway,https://www.jayski.com/race-results/2023-nascar-cup-series-race-results/yellawood-500/,81.5,4.4,False
BJ McLeod,30,37.0,Running,2023-10-01,Talladega Superspeedway,Cup,superspeedway,https://www.jayski.com/race-results/2023-nascar-cup-series-race-results/yellawood-500/,81.5,4.4,False
Brennan Poole,31,29.0,Running,2023-10-01,Talladega Superspeedway,Cup,superspeedway,https://www.jayski.com/race-results/2023-nascar-cup-series-race-results/yellawood-500/,81.5,4.4,False
Harrison Burton,32,21.0,Suspension,2023-10-01,Talladega Superspeedway,Cup,superspeedway,https://www.jayski.com/race-results/2023-nascar-cup-series-race-results/yellawood-500/,81.5,4.4,False
Brad Keselowski,33,5.0,Accident,2023-10-01,Talladega Superspeedway,Cup,superspeedway,https://www.jayski.com/race-results/2023-nascar-cup-series-race-results/yellawood-500/,81.5,4.4,False
Austin Dillon,34,14.0,Accident,2023-10-01,Talladega Superspeedway,Cup,superspeedway,https://www.jayski.com/race-results/2023-nascar-cup-series-race-results/yellawood-500/,81.5,4.4,False
Ty Gibbs,35,22.0,Accident,2023-10-01,Talladega Superspeedway,Cup,superspeedway,https://www.jayski.com/race-results/2023-nascar-cup-series-race-results/yellawood-500/,81.5,4.4,False
Carson Hocevar,36,38.0,Accident,2023-10-01,Talladega Superspeedway,Cup,superspeedway,https://www.jayski.com/race-results/2023-nascar-cup-series-race-results/yellawood-500/,81.5,4.4,False
JJ Yeley,37,27.0,Fuel Pump,2023-10-01,Talladega Superspeedway,Cup,superspeedway,https://www.jayski.com/race-results/2023-nascar-cup-series-race-results/yellawood-500/,81.5,4.4,False
Ross Chastain,38,32.0,Accident,2023-10-01,Talladega Superspeedway,Cup,superspeedway,https://www.jayski.com/race-results/2023-nascar-cup-series-race-results/yellawood-500/,81.5,4.4,False
Kyle Larson,1,2.0,Running,2023-10-15,Las Vegas Motor Speedway,Cup,1.5-mile,https://www.jayski.com/race-results/2023-nascar-cup-series-race-results/south-point-400/,85.1,3.0,False
Christopher Bell,2,1.0,Running,2023-10-15,Las Vegas Motor Speedway,Cup,1.5-mile,https://www.jayski.com/race-results/2023-nascar-cup-series-race-results/south-point-400/,85.1,3.0,False
Kyle Busch,3,6.0,Running,2023-10-15,Las Vegas Motor Speedway,Cup,1.5-mile,https://www.jayski.com/race-results/2023-nascar-cup-series-race-results/south-point-400/,85.1,3.0,False
Brad Keselowski,4,21.0,Running,2023-10-15,Las Vegas Motor Speedway,Cup,1.5-mile,https://www.jayski.com/race-results/2023-nascar-cup-series-race-results/south-point-400/,85.1,3.0,False
Ross Chastain,5,10.0,Running,2023-10-15,Las Vegas Motor Speedway,Cup,1.5-mile,https://www.jayski.com/race-results/2023-nascar-cup-series-race-results/south-point-400/,85.1,3.0,False
Ryan Blaney,6,12.0,Running,2023-10-15,Las Vegas Motor Speedway,Cup,1.5-mile,https://www.jayski.com/race-results/2023-nascar-cup-series-race-results/south-point-400/,85.1,3.0,False
William Byron,7,3.0,Running,2023-10-15,Las Vegas Motor Speedway,Cup,1.5-mile,https://www.jayski.com/race-results/2023-nascar-cup-series-race-results/south-point-400/,85.1,3.0,False
Tyler Reddick,8,8.0,Running,2023-10-15,Las Vegas Motor Speedway,Cup,1.5-mile,https://www.jayski.com/race-results/2023-nascar-cup-series-race-results/south-point-400/,85.1,3.0,False
Martin Truex Jr.,9,4.0,Running,2023-10-15,Las Vegas Motor Speedway,Cup,1.5-mile,https://www.jayski.com/race-results/2023-nascar-cup-series-race-results/south-point-400/,85.1,3.0,False
Denny Hamlin,10,15.0,Running,2023-10-15,Las Vegas Motor Speedway,Cup,1.5-mile,https://www.jayski.com/race-results/2023-nascar-cup-series-race-results/south-point-400/,85.1,3.0,False
Chris Buescher,11,5.0,Running,2023-10-15,Las Vegas Motor Speedway,Cup,1.5-mile,https://www.jayski.com/race-results/2023-nascar-cup-series-race-results/south-point-400/,85.1,3.0,False
Joey Logano,12,9.0,Running,2023-10-15,Las Vegas Motor Speedway,Cup,1.5-mile,https://www.jayski.com/race-results/2023-nascar-cup-series-race-results/south-point-400/,85.1,3.0,False
Bubba Wallace,13,7.0,Running,2023-10-15,Las Vegas Motor Speedway,Cup,1.5-mile,https://www.jayski.com/race-results/2023-nascar-cup-series-race-results/south-point-400/,85.1,3.0,False
Aric Almirola,14,13.0,Running,2023-10-15,Las Vegas Motor Speedway,Cup,1.5-mile,https://www.jayski.com/race-results/2023-nascar-cup-series-race-results/south-point-400/,85.1,3.0,False
Daniel Suarez,15,36.0,Running,2023-10-15,Las Vegas Motor Speedway,Cup,1.5-mile,https://www.jayski.com/race-results/2023-nascar-cup-series-race-results/south-point-400/,85.1,3.0,False
Kevin Harvick,16,24.0,Running,2023-10-15,Las Vegas Motor Speedway,Cup,1.5-mile,https://www.jayski.com/race-results/2023-nascar-cup-series-race-results/south-point-400/,85.1,3.0,False
Michael McDowell,17,18.0,Running,2023-10-15,Las Vegas Motor Speedway,Cup,1.5-mile,https://www.jayski.com/race-results/2023-nascar-cup-series-race-results/south-point-400/,85.1,3.0,False
Austin Dillon,18,16.0,Running,2023-10-15,Las Vegas Motor Speedway,Cup,1.5-mile,https://www.jayski.com/race-results/2023-nascar-cup-series-race-results/south-point-400/,85.1,3.0,False
Corey LaJoie,19,28.0,Running,2023-10-15,Las Vegas Motor Speedway,Cup,1.5-mile,https://www.jayski.com/race-results/2023-nascar-cup-series-race-results/south-point-400/,85.1,3.0,False
Harrison Burton,20,33.0,Running,2023-10-15,Las Vegas Motor Speedway,Cup,1.5-mile,https://www.jayski.com/race-results/2023-nascar-cup-series-race-results/south-point-400/,85.1,3.0,False
AJ Allmendinger,21,22.0,Running,2023-10-15,Las Vegas Motor Speedway,Cup,1.5-mile,https://www.jayski.com/race-results/2023-nascar-cup-series-race-results/south-point-400/,85.1,3.0,False
Justin Haley,22,20.0,Running,2023-10-15,Las Vegas Motor Speedway,Cup,1.5-mile,https://www.jayski.com/race-results/2023-nascar-cup-series-race-results/south-point-400/,85.1,3.0,False
Austin Cindric,23,19.0,Running,2023-10-15,Las Vegas Motor Speedway,Cup,1.5-mile,https://www.jayski.com/race-results/2023-nascar-cup-series-race-results/south-point-400/,85.1,3.0,False
Ty Dillon,24,27.0,Running,2023-10-15,Las Vegas Motor Speedway,Cup,1.5-mile,https://www.jayski.com/race-results/2023-nascar-cup-series-race-results/south-point-400/,85.1,3.0,False
Ricky Stenhouse Jr.,25,30.0,Running,2023-10-15,Las Vegas Motor Speedway,Cup,1.5-mile,https://www.jayski.com/race-results/2023-nascar-cup-series-race-results/south-point-400/,85.1,3.0,False
Ryan Preece,26,32.0,Running,2023-10-15,Las Vegas Motor Speedway,Cup,1.5-mile,https://www.jayski.com/race-results/2023-nascar-cup-series-race-results/south-point-400/,85.1,3.0,False
Todd Gilliland,27,29.0,Running,2023-10-15,Las Vegas Motor Speedway,Cup,1.5-mile,https://www.jayski.com/race-results/2023-nascar-cup-series-race-results/south-point-400/,85.1,3.0,False
Erik Jones,28,23.0,Running,2023-10-15,Las Vegas Motor Speedway,Cup,1.5-mile,https://www.jayski.com/race-results/2023-nascar-cup-series-race-results/south-point-400/,85.1,3.0,False
JJ Yeley,29,26.0,Running,2023-10-15,Las Vegas Motor Speedway,Cup,1.5-mile,https://www.jayski.com/race-results/2023-nascar-cup-series-race-results/south-point-400/,85.1,3.0,False
Brennan Poole,30,34.0,Running,2023-10-15,Las Vegas Motor Speedway,Cup,1.5-mile,https://www.jayski.com/race-results/2023-nascar-cup-series-race-results/south-point-400/,85.1,3.0,False
BJ McLeod,31,31.0,Running,2023-10-15,Las Vegas Motor Speedway,Cup,1.5-mile,https://www.jayski.com/race-results/2023-nascar-cup-series-race-results/south-point-400/,85.1,3.0,False
Chase Elliott,32,35.0,Running,2023-10-15,Las Vegas Motor Speedway,Cup,1.5-mile,https://www.jayski.com/race-results/2023-nascar-cup-series-race-results/south-point-400/,85.1,3.0,False
Chase Briscoe,33,17.0,Running,2023-10-15,Las Vegas Motor Speedway,Cup,1.5-mile,https://www.jayski.com/race-results/2023-nascar-cup-series-race-results/south-point-400/,85.1,3.0,False
Ty Gibbs,34,11.0,Running,2023-10-15,Las Vegas Motor Speedway,Cup,1.5-mile,https://www.jayski.com/race-results/2023-nascar-cup-series-race-results/south-point-400/,85.1,3.0,False
Alex Bowman,35,14.0,Accident,2023-10-15,Las Vegas Motor Speedway,Cup,1.5-mile,https://www.jayski.com/race-results/2023-nascar-cup-series-race-results/south-point-400/,85.1,3.0,False
Carson Hocevar,36,25.0,Accident,2023-10-15,Las Vegas Motor Speedway,Cup,1.5-mile,https://www.jayski.com/race-results/2023-nascar-cup-series-race-results/south-point-400/,85.1,3.0,False
Christopher Bell,1,13.0,Running,2023-10-22,Homestead-Miami Speedway,Cup,1.5-mile,https://www.jayski.com/race-results/2023-nascar-cup-series-race-results/4ever-400-presented-by-mobil-1/,82.2,4.4,False
Ryan Blaney,2,10.0,Running,2023-10-22,Homestead-Miami Speedway,Cup,1.5-mile,https://www.jayski.com/race-results/2023-nascar-cup-series-race-results/4ever-400-presented-by-mobil-1/,82.2,4.4,False
Tyler Reddick,3,3.0,Running,2023-10-22,Homestead-Miami Speedway,Cup,1.5-mile,https://www.jayski.com/race-results/2023-nascar-cup-series-race-results/4ever-400-presented-by-mobil-1/,82.2,4.4,False
William Byron,4,7.0,Running,2023-10-22,Homestead-Miami Speedway,Cup,1.5-mile,https://www.jayski.com/race-results/2023-nascar-cup-series-race-results/4ever-400-presented-by-mobil-1/,82.2,4.4,False
AJ Allmendinger,5,25.0,Running,2023-10-22,Homestead-Miami Speedway,Cup,1.5-mile,https://www.jayski.com/race-results/2023-nascar-cup-series-race-results/4ever-400-presented-by-mobil-1/,82.2,4.4,False
Bubba Wallace,6,2.0,Running,2023-10-22,Homestead-Miami Speedway,Cup,1.5-mile,https://www.jayski.com/race-results/2023-nascar-cup-series-race-results/4ever-400-presented-by-mobil-1/,82.2,4.4,False
Ty Gibbs,7,9.0,Running,2023-10-22,Homestead-Miami Speedway,Cup,1.5-mile,https://www.jayski.com/race-results/2023-nascar-cup-series-race-results/4ever-400-presented-by-mobil-1/,82.2,4.4,False
Joey Logano,8,36.0,Running,2023-10-22,Homestead-Miami Speedway,Cup,1.5-mile,https://www.jayski.com/race-results/2023-nascar-cup-series-race-results/4ever-400-presented-by-mobil-1/,82.2,4.4,False
Aric Almirola,9,30.0,Running,2023-10-22,Homestead-Miami Speedway,Cup,1.5-mile,https://www.jayski.com/race-results/2023-nascar-cup-series-race-results/4ever-400-presented-by-mobil-1/,82.2,4.4,False
Austin Dillon,10,6.0,Running,2023-10-22,Homestead-Miami Speedway,Cup,1.5-mile,https://www.jayski.com/race-results/2023-nascar-cup-series-race-results/4ever-400-presented-by-mobil-1/,82.2,4.4,False
Kevin Harvick,11,22.0,Running,2023-10-22,Homestead-Miami Speedway,Cup,1.5-mile,https://www.jayski.com/race-results/2023-nascar-cup-series-race-results/4ever-400-presented-by-mobil-1/,82.2,4.4,False
Austin Cindric,12,26.0,Running,2023-10-22,Homestead-Miami Speedway,Cup,1.5-mile,https://www.jayski.com/race-results/2023-nascar-cup-series-race-results/4ever-400-presented-by-mobil-1/,82.2,4.4,False
Ryan Preece,13,29.0,Running,2023-10-22,Homestead-Miami Speedway,Cup,1.5-mile,https://www.jayski.com/race-results/2023-nascar-cup-series-race-results/4ever-400-presented-by-mobil-1/,82.2,4.4,False
Erik Jones,14,19.0,Running,2023-10-22,Homestead-Miami Speedway,Cup,1.5-mile,https://www.jayski.com/race-results/2023-nascar-cup-series-race-results/4ever-400-presented-by-mobil-1/,82.2,4.4,False
Chase Elliott,15,16.0,Running,2023-10-22,Homestead-Miami Speedway,Cup,1.5-mile,https://www.jayski.com/race-results/2023-nascar-cup-series-race-results/4ever-400-presented-by-mobil-1/,82.2,4.4,False
Daniel Suarez,16,14.0,Running,2023-10-22,Homestead-Miami Speedway,Cup,1.5-mile,https://www.jayski.com/race-results/2023-nascar-cup-series-race-results/4ever-400-presented-by-mobil-1/,82.2,4.4,False
Chase Briscoe,17,21.0,Running,2023-10-22,Homestead-Miami Speedway,Cup,1.5-mile,https://www.jayski.com/race-results/2023-nascar-cup-series-race-results/4ever-400-presented-by-mobil-1/,82.2,4.4,False
Kyle Busch,18,18.0,Running,2023-10-22,Homestead-Miami Speedway,Cup,1.5-mile,https://www.jayski.com/race-results/2023-nascar-cup-series-race-results/4ever-400-presented-by-mobil-1/,82.2,4.4,False
Alex Bowman,19,12.0,Running,2023-10-22,Homestead-Miami Speedway,Cup,1.5-mile,https://www.jayski.com/race-results/2023-nascar-cup-series-race-results/4ever-400-presented-by-mobil-1/,82.2,4.4,False
Corey LaJoie,20,20.0,Running,2023-10-22,Homestead-Miami Speedway,Cup,1.5-mile,https://www.jayski.com/race-results/2023-nascar-cup-series-race-results/4ever-400-presented-by-mobil-1/,82.2,4.4,False
Chris Buescher,21,17.0,Running,2023-10-22,Homestead-Miami Speedway,Cup,1.5-mile,https://www.jayski.com/race-results/2023-nascar-cup-series-race-results/4ever-400-presented-by-mobil-1/,82.2,4.4,False
Michael McDowell,22,15.0,Running,2023-10-22,Homestead-Miami Speedway,Cup,1.5-mile,https://www.jayski.com/race-results/2023-nascar-cup-series-race-results/4ever-400-presented-by-mobil-1/,82.2,4.4,False
Justin Haley,23,27.0,Running,2023-10-22,Homestead-Miami Speedway,Cup,1.5-mile,https://www.jayski.com/race-results/2023-nascar-cup-series-race-results/4ever-400-presented-by-mobil-1/,82.2,4.4,False
Ty Dillon,24,33.0,Running,2023-10-22,Homestead-Miami Speedway,Cup,1.5-mile,https://www.jayski.com/race-results/2023-nascar-cup-series-race-results/4ever-400-presented-by-mobil-1/,82.2,4.4,False
Todd Gilliland,25,32.0,Running,2023-10-22,Homestead-Miami Speedway,Cup,1.5-mile,https://www.jayski.com/race-results/2023-nascar-cup-series-race-results/4ever-400-presented-by-mobil-1/,82.2,4.4,False
Ryan Newman,26,34.0,Running,2023-10-22,Homestead-Miami Speedway,Cup,1.5-mile,https://www.jayski.com/race-results/2023-nascar-cup-series-race-results/4ever-400-presented-by-mobil-1/,82.2,4.4,False
Ricky Stenhouse Jr.,27,23.0,Running,2023-10-22,Homestead-Miami Speedway,Cup,1.5-mile,https://www.jayski.com/race-results/2023-nascar-cup-series-race-results/4ever-400-presented-by-mobil-1/,82.2,4.4,False
Brad Keselowski,28,4.0,Running,2023-10-22,Homestead-Miami Speedway,Cup,1.5-mile,https://www.jayski.com/race-results/2023-nascar-cup-series-race-results/4ever-400-presented-by-mobil-1/,82.2,4.4,False
Martin Truex Jr.,29,1.0,Engine,2023-10-22,Homestead-Miami Speedway,Cup,1.5-mile,https://www.jayski.com/race-results/2023-nascar-cup-series-race-results/4ever-400-presented-by-mobil-1/,82.2,4.4,False
Denny Hamlin,30,11.0,Accident,2023-10-22,Homestead-Miami Speedway,Cup,1.5-mile,https://www.jayski.com/race-results/2023-nascar-cup-series-race-results/4ever-400-presented-by-mobil-1/,82.2,4.4,False
Ross Chastain,31,8.0,Accident,2023-10-22,Homestead-Miami Speedway,Cup,1.5-mile,https://www.jayski.com/race-results/2023-nascar-cup-series-race-results/4ever-400-presented-by-mobil-1/,82.2,4.4,False
John Hunter Nemechek,32,24.0,Accident,2023-10-22,Homestead-Miami Speedway,Cup,1.5-mile,https://www.jayski.com/race-results/2023-nascar-cup-series-race-results/4ever-400-presented-by-mobil-1/,82.2,4.4,False
JJ Yeley,33,31.0,Accident,2023-10-22,Homestead-Miami Speedway,Cup,1.5-mile,https://www.jayski.com/race-results/2023-nascar-cup-series-race-results/4ever-400-presented-by-mobil-1/,82.2,4.4,False
Kyle Larson,34,5.0,Accident,2023-10-22,Homestead-Miami Speedway,Cup,1.5-mile,https://www.jayski.com/race-results/2023-nascar-cup-series-race-results/4ever-400-presented-by-mobil-1/,82.2,4.4,False
Josh Bilicki,35,35.0,Accident,2023-10-22,Homestead-Miami Speedway,Cup,1.5-mile,https://www.jayski.com/race-results/2023-nascar-cup-series-race-results/4ever-400-presented-by-mobil-1/,82.2,4.4,False
Harrison Burton,36,28.0,Overheating,2023-10-22,Homestead-Miami Speedway,Cup,1.5-mile,https://www.jayski.com/race-results/2023-nascar-cup-series-race-results/4ever-400-presented-by-mobil-1/,82.2,4.4,False
Ryan Blaney,1,11.0,Running,2023-10-29,Martinsville Speedway,Cup,short,https://www.jayski.com/race-results/2023-nascar-cup-series-race-results/xfinity-500/,81.5,4.5,False
Aric Almirola,2,12.0,Running,2023-10-29,Martinsville Speedway,Cup,short,https://www.jayski.com/race-results/2023-nascar-cup-series-race-results/xfinity-500/,81.5,4.5,False
Denny Hamlin,3,4.0,Running,2023-10-29,Martinsville Speedway,Cup,short,https://www.jayski.com/race-results/2023-nascar-cup-series-race-results/xfinity-500/,81.5,4.5,False
Chase Briscoe,4,3.0,Running,2023-10-29,Martinsville Speedway,Cup,short,https://www.jayski.com/race-results/2023-nascar-cup-series-race-results/xfinity-500/,81.5,4.5,False
Joey Logano,5,15.0,Running,2023-10-29,Martinsville Speedway,Cup,short,https://www.jayski.com/race-results/2023-nascar-cup-series-race-results/xfinity-500/,81.5,4.5,False
Kyle Larson,6,5.0,Running,2023-10-29,Martinsville Speedway,Cup,short,https://www.jayski.com/race-results/2023-nascar-cup-series-race-results/xfinity-500/,81.5,4.5,False
Christopher Bell,7,7.0,Running,2023-10-29,Martinsville Speedway,Cup,short,https://www.jayski.com/race-results/2023-nascar-cup-series-race-results/xfinity-500/,81.5,4.5,False
Chris Buescher,8,18.0,Running,2023-10-29,Martinsville Speedway,Cup,short,https://www.jayski.com/race-results/2023-nascar-cup-series-race-results/xfinity-500/,81.5,4.5,False
Austin Cindric,9,21.0,Running,2023-10-29,Martinsville Speedway,Cup,short,https://www.jayski.com/race-results/2023-nascar-cup-series-race-results/xfinity-500/,81.5,4.5,False
Todd Gilliland,10,17.0,Running,2023-10-29,Martinsville Speedway,Cup,short,https://www.jayski.com/race-results/2023-nascar-cup-series-race-results/xfinity-500/,81.5,4.5,False
Bubba Wallace,11,6.0,Running,2023-10-29,Martinsville Speedway,Cup,short,https://www.jayski.com/race-results/2023-nascar-cup-series-race-results/xfinity-500/,81.5,4.5,False
Martin Truex Jr.,12,1.0,Running,2023-10-29,Martinsville Speedway,Cup,short,https://www.jayski.com/race-results/2023-nascar-cup-series-race-results/xfinity-500/,81.5,4.5,False
William Byron,13,16.0,Running,2023-10-29,Martinsville Speedway,Cup,short,https://www.jayski.com/race-results/2023-nascar-cup-series-race-results/xfinity-500/,81.5,4.5,False
Ross Chastain,14,13.0,Running,2023-10-29,Martinsville Speedway,Cup,short,https://www.jayski.com/race-results/2023-nascar-cup-series-race-results/xfinity-500/,81.5,4.5,False
Harrison Burton,15,28.0,Running,2023-10-29,Martinsville Speedway,Cup,short,https://www.jayski.com/race-results/2023-nascar-cup-series-race-results/xfinity-500/,81.5,4.5,False
Kevin Harvick,16,8.0,Running,2023-10-29,Martinsville Speedway,Cup,short,https://www.jayski.com/race-results/2023-nascar-cup-series-race-results/xfinity-500/,81.5,4.5,False
Chase Elliott,17,14.0,Running,2023-10-29,Martinsville Speedway,Cup,short,https://www.jayski.com/race-results/2023-nascar-cup-series-race-results/xfinity-500/,81.5,4.5,False
Ty Gibbs,18,2.0,Running,2023-10-29,Martinsville Speedway,Cup,short,https://www.jayski.com/race-results/2023-nascar-cup-series-race-results/xfinity-500/,81.5,4.5,False
Ricky Stenhouse Jr.,19,20.0,Running,2023-10-29,Martinsville Speedway,Cup,short,https://www.jayski.com/race-results/2023-nascar-cup-series-race-results/xfinity-500/,81.5,4.5,False
Ryan Preece,20,9.0,Running,2023-10-29,Martinsville Speedway,Cup,short,https://www.jayski.com/race-results/2023-nascar-cup-series-race-results/xfinity-500/,81.5,4.5,False
Erik Jones,21,29.0,Running,2023-10-29,Martinsville Speedway,Cup,short,https://www.jayski.com/race-results/2023-nascar-cup-series-race-results/xfinity-500/,81.5,4.5,False
Corey LaJoie,22,30.0,Running,2023-10-29,Martinsville Speedway,Cup,short,https://www.jayski.com/race-results/2023-nascar-cup-series-race-results/xfinity-500/,81.5,4.5,False
Austin Dillon,23,26.0,Running,2023-10-29,Martinsville Speedway,Cup,short,https://www.jayski.com/race-results/2023-nascar-cup-series-race-results/xfinity-500/,81.5,4.5,False
Ty Dillon,24,34.0,Running,2023-10-29,Martinsville Speedway,Cup,short,https://www.jayski.com/race-results/2023-nascar-cup-series-race-results/xfinity-500/,81.5,4.5,False
Michael McDowell,25,23.0,Running,2023-10-29,Martinsville Speedway,Cup,short,https://www.jayski.com/race-results/2023-nascar-cup-series-race-results/xfinity-500/,81.5,4.5,False
Tyler Reddick,26,19.0,Running,2023-10-29,Martinsville Speedway,Cup,short,https://www.jayski.com/race-results/2023-nascar-cup-series-race-results/xfinity-500/,81.5,4.5,False
Kyle Busch,27,31.0,Running,2023-10-29,Martinsville Speedway,Cup,short,https://www.jayski.com/race-results/2023-nascar-cup-series-race-results/xfinity-500/,81.5,4.5,False
AJ Allmendinger,28,25.0,Running,2023-10-29,Martinsville Speedway,Cup,short,https://www.jayski.com/race-results/2023-nascar-cup-series-race-results/xfinity-500/,81.5,4.5,False
Ryan Newman,29,33.0,Running,2023-10-29,Martinsville Speedway,Cup,short,https://www.jayski.com/race-results/2023-nascar-cup-series-race-results/xfinity-500/,81.5,4.5,False
Justin Haley,30,24.0,Running,2023-10-29,Martinsville Speedway,Cup,short,https://www.jayski.com/race-results/2023-nascar-cup-series-race-results/xfinity-500/,81.5,4.5,False
Carson Hocevar,31,32.0,Running,2023-10-29,Martinsville Speedway,Cup,short,https://www.jayski.com/race-results/2023-nascar-cup-series-race-results/xfinity-500/,81.5,4.5,False
Alex Bowman,32,22.0,Running,2023-10-29,Martinsville Speedway,Cup,short,https://www.jayski.com/race-results/2023-nascar-cup-series-race-results/xfinity-500/,81.5,4.5,False
Brad Keselowski,33,10.0,Running,2023-10-29,Martinsville Speedway,Cup,short,https://www.jayski.com/race-results/2023-nascar-cup-series-race-results/xfinity-500/,81.5,4.5,False
Daniel Suarez,34,27.0,DVP,2023-10-29,Martinsville Speedway,Cup,short,https://www.jayski.com/race-results/2023-nascar-cup-series-race-results/xfinity-500/,81.5,4.5,False
JJ Yeley,35,35.0,Accident,2023-10-29,Martinsville Speedway,Cup,short,https://www.jayski.com/race-results/2023-nascar-cup-series-race-results/xfinity-500/,81.5,4.5,False
BJ McLeod,36,36.0,Overheating,2023-10-29,Martinsville Speedway,Cup,short,https://www.jayski.com/race-results/2023-nascar-cup-series-race-results/xfinity-500/,81.5,4.5,False
Ross Chastain,1,8.0,Running,2023-11-05,Phoenix Raceway,Cup,1-mile,https://www.jayski.com/race-results/2023-nascar-cup-series-race-results/nascar-cup-series-championship/,88.2,2.5,False
Ryan Blaney,2,15.0,Running,2023-11-05,Phoenix Raceway,Cup,1-mile,https://www.jayski.com/race-results/2023-nascar-cup-series-race-results/nascar-cup-series-championship/,88.2,2.5,False
Kyle Larson,3,4.0,Running,2023-11-05,Phoenix Raceway,Cup,1-mile,https://www.jayski.com/race-results/2023-nascar-cup-series-race-results/nascar-cup-series-championship/,88.2,2.5,False
William Byron,4,1.0,Running,2023-11-05,Phoenix Raceway,Cup,1-mile,https://www.jayski.com/race-results/2023-nascar-cup-series-race-results/nascar-cup-series-championship/,88.2,2.5,False
Chris Buescher,5,9.0,Running,2023-11-05,Phoenix Raceway,Cup,1-mile,https://www.jayski.com/race-results/2023-nascar-cup-series-race-results/nascar-cup-series-championship/,88.2,2.5,False
Martin Truex Jr.,6,2.0,Running,2023-11-05,Phoenix Raceway,Cup,1-mile,https://www.jayski.com/race-results/2023-nascar-cup-series-race-results/nascar-cup-series-championship/,88.2,2.5,False
Kevin Harvick,7,3.0,Running,2023-11-05,Phoenix Raceway,Cup,1-mile,https://www.jayski.com/race-results/2023-nascar-cup-series-race-results/nascar-cup-series-championship/,88.2,2.5,False
Denny Hamlin,8,6.0,Running,2023-11-05,Phoenix Raceway,Cup,1-mile,https://www.jayski.com/race-results/2023-nascar-cup-series-race-results/nascar-cup-series-championship/,88.2,2.5,False
Michael McDowell,9,19.0,Running,2023-11-05,Phoenix Raceway,Cup,1-mile,https://www.jayski.com/race-results/2023-nascar-cup-series-race-results/nascar-cup-series-championship/,88.2,2.5,False
Bubba Wallace,10,5.0,Running,2023-11-05,Phoenix Raceway,Cup,1-mile,https://www.jayski.com/race-results/2023-nascar-cup-series-race-results/nascar-cup-series-championship/,88.2,2.5,False
Daniel Suarez,11,16.0,Running,2023-11-05,Phoenix Raceway,Cup,1-mile,https://www.jayski.com/race-results/2023-nascar-cup-series-race-results/nascar-cup-series-championship/,88.2,2.5,False
Austin Dillon,12,21.0,Running,2023-11-05,Phoenix Raceway,Cup,1-mile,https://www.jayski.com/race-results/2023-nascar-cup-series-race-results/nascar-cup-series-championship/,88.2,2.5,False
Aric Almirola,13,28.0,Running,2023-11-05,Phoenix Raceway,Cup,1-mile,https://www.jayski.com/race-results/2023-nascar-cup-series-race-results/nascar-cup-series-championship/,88.2,2.5,False
Ryan Preece,14,12.0,Running,2023-11-05,Phoenix Raceway,Cup,1-mile,https://www.jayski.com/race-results/2023-nascar-cup-series-race-results/nascar-cup-series-championship/,88.2,2.5,False
Brad Keselowski,15,31.0,Running,2023-11-05,Phoenix Raceway,Cup,1-mile,https://www.jayski.com/race-results/2023-nascar-cup-series-race-results/nascar-cup-series-championship/,88.2,2.5,False
Chase Elliott,16,20.0,Running,2023-11-05,Phoenix Raceway,Cup,1-mile,https://www.jayski.com/race-results/2023-nascar-cup-series-race-results/nascar-cup-series-championship/,88.2,2.5,False
Alex Bowman,17,23.0,Running,2023-11-05,Phoenix Raceway,Cup,1-mile,https://www.jayski.com/race-results/2023-nascar-cup-series-race-results/nascar-cup-series-championship/,88.2,2.5,False
Joey Logano,18,17.0,Running,2023-11-05,Phoenix Raceway,Cup,1-mile,https://www.jayski.com/race-results/2023-nascar-cup-series-race-results/nascar-cup-series-championship/,88.2,2.5,False
Carson Hocevar,19,22.0,Running,2023-11-05,Phoenix Raceway,Cup,1-mile,https://www.jayski.com/race-results/2023-nascar-cup-series-race-results/nascar-cup-series-championship/,88.2,2.5,False
Erik Jones,20,7.0,Running,2023-11-05,Phoenix Raceway,Cup,1-mile,https://www.jayski.com/race-results/2023-nascar-cup-series-race-results/nascar-cup-series-championship/,88.2,2.5,False
Ty Gibbs,21,11.0,Running,2023-11-05,Phoenix Raceway,Cup,1-mile,https://www.jayski.com/race-results/2023-nascar-cup-series-race-results/nascar-cup-series-championship/,88.2,2.5,False
Tyler Reddick,22,10.0,Running,2023-11-05,Phoenix Raceway,Cup,1-mile,https://www.jayski.com/race-results/2023-nascar-cup-series-race-results/nascar-cup-series-championship/,88.2,2.5,False
Ricky Stenhouse Jr.,23,24.0,Running,2023-11-05,Phoenix Raceway,Cup,1-mile,https://www.jayski.com/race-results/2023-nascar-cup-series-race-results/nascar-cup-series-championship/,88.2,2.5,False
Chase Briscoe,24,26.0,Running,2023-11-05,Phoenix Raceway,Cup,1-mile,https://www.jayski.com/race-results/2023-nascar-cup-series-race-results/nascar-cup-series-championship/,88.2,2.5,False
Kyle Busch,25,18.0,Running,2023-11-05,Phoenix Raceway,Cup,1-mile,https://www.jayski.com/race-results/2023-nascar-cup-series-race-results/nascar-cup-series-championship/,88.2,2.5,False
Harrison Burton,26,25.0,Running,2023-11-05,Phoenix Raceway,Cup,1-mile,https://www.jayski.com/race-results/2023-nascar-cup-series-race-results/nascar-cup-series-championship/,88.2,2.5,False
JJ Yeley,27,34.0,Running,2023-11-05,Phoenix Raceway,Cup,1-mile,https://www.jayski.com/race-results/2023-nascar-cup-series-race-results/nascar-cup-series-championship/,88.2,2.5,False
Ty Dillon,28,33.0,Running,2023-11-05,Phoenix Raceway,Cup,1-mile,https://www.jayski.com/race-results/2023-nascar-cup-series-race-results/nascar-cup-series-championship/,88.2,2.5,False
Justin Haley,29,35.0,Running,2023-11-05,Phoenix Raceway,Cup,1-mile,https://www.jayski.com/race-results/2023-nascar-cup-series-race-results/nascar-cup-series-championship/,88.2,2.5,False
Todd Gilliland,30,14.0,Running,2023-11-05,Phoenix Raceway,Cup,1-mile,https://www.jayski.com/race-results/2023-nascar-cup-series-race-results/nascar-cup-series-championship/,88.2,2.5,False
Corey LaJoie,31,29.0,Running,2023-11-05,Phoenix Raceway,Cup,1-mile,https://www.jayski.com/race-results/2023-nascar-cup-series-race-results/nascar-cup-series-championship/,88.2,2.5,False
AJ Allmendinger,32,32.0,Running,2023-11-05,Phoenix Raceway,Cup,1-mile,https://www.jayski.com/race-results/2023-nascar-cup-series-race-results/nascar-cup-series-championship/,88.2,2.5,False
BJ McLeod,33,36.0,Running,2023-11-05,Phoenix Raceway,Cup,1-mile,https://www.jayski.com/race-results/2023-nascar-cup-series-race-results/nascar-cup-series-championship/,88.2,2.5,False
Ryan Newman,34,30.0,Running,2023-11-05,Phoenix Raceway,Cup,1-mile,https://www.jayski.com/race-results/2023-nascar-cup-series-race-results/nascar-cup-series-championship/,88.2,2.5,False
Austin Cindric,35,27.0,Running,2023-11-05,Phoenix Raceway,Cup,1-mile,https://www.jayski.com/race-results/2023-nascar-cup-series-race-results/nascar-cup-series-championship/,88.2,2.5,False
Christopher Bell,36,13.0,Accident,2023-11-05,Phoenix Raceway,Cup,1-mile,https://www.jayski.com/race-results/2023-nascar-cup-series-race-results/nascar-cup-series-championship/,88.2,2.5,False
Kyle Larson,1,2.0,Running,2024-03-03,Las Vegas Motor Speedway,Cup,1.5-mile,https://www.jayski.com/race-results/2024-nascar-cup-series-race-results/pennzoil-400-presented-by-jiffy-lube/,62.6,22.0,False
Tyler Reddick,2,18.0,Running,2024-03-03,Las Vegas Motor Speedway,Cup,1.5-mile,https://www.jayski.com/race-results/2024-nascar-cup-series-race-results/pennzoil-400-presented-by-jiffy-lube/,62.6,22.0,False
Ryan Blaney,3,15.0,Running,2024-03-03,Las Vegas Motor Speedway,Cup,1.5-mile,https://www.jayski.com/race-results/2024-nascar-cup-series-race-results/pennzoil-400-presented-by-jiffy-lube/,62.6,22.0,False
Ross Chastain,4,20.0,Running,2024-03-03,Las Vegas Motor Speedway,Cup,1.5-mile,https://www.jayski.com/race-results/2024-nascar-cup-series-race-results/pennzoil-400-presented-by-jiffy-lube/,62.6,22.0,False
Ty Gibbs,5,8.0,Running,2024-03-03,Las Vegas Motor Speedway,Cup,1.5-mile,https://www.jayski.com/race-results/2024-nascar-cup-series-race-results/pennzoil-400-presented-by-jiffy-lube/,62.6,22.0,False
Noah Gragson,6,30.0,Running,2024-03-03,Las Vegas Motor Speedway,Cup,1.5-mile,https://www.jayski.com/race-results/2024-nascar-cup-series-race-results/pennzoil-400-presented-by-jiffy-lube/,62.6,22.0,False
Martin Truex Jr.,7,7.0,Running,2024-03-03,Las Vegas Motor Speedway,Cup,1.5-mile,https://www.jayski.com/race-results/2024-nascar-cup-series-race-results/pennzoil-400-presented-by-jiffy-lube/,62.6,22.0,False
Denny Hamlin,8,28.0,Running,2024-03-03,Las Vegas Motor Speedway,Cup,1.5-mile,https://www.jayski.com/race-results/2024-nascar-cup-series-race-results/pennzoil-400-presented-by-jiffy-lube/,62.6,22.0,False
Joey Logano,9,1.0,Running,2024-03-03,Las Vegas Motor Speedway,Cup,1.5-mile,https://www.jayski.com/race-results/2024-nascar-cup-series-race-results/pennzoil-400-presented-by-jiffy-lube/,62.6,22.0,False
William Byron,10,4.0,Running,2024-03-03,Las Vegas Motor Speedway,Cup,1.5-mile,https://www.jayski.com/race-results/2024-nascar-cup-series-race-results/pennzoil-400-presented-by-jiffy-lube/,62.6,22.0,False
Daniel Suarez,11,16.0,Running,2024-03-03,Las Vegas Motor Speedway,Cup,1.5-mile,https://www.jayski.com/race-results/2024-nascar-cup-series-race-results/pennzoil-400-presented-by-jiffy-lube/,62.6,22.0,False
Chase Elliott,12,11.0,Running,2024-03-03,Las Vegas Motor Speedway,Cup,1.5-mile,https://www.jayski.com/race-results/2024-nascar-cup-series-race-results/pennzoil-400-presented-by-jiffy-lube/,62.6,22.0,False
Brad Keselowski,13,25.0,Running,2024-03-03,Las Vegas Motor Speedway,Cup,1.5-mile,https://www.jayski.com/race-results/2024-nascar-cup-series-race-results/pennzoil-400-presented-by-jiffy-lube/,62.6,22.0,False
Erik Jones,14,22.0,Running,2024-03-03,Las Vegas Motor Speedway,Cup,1.5-mile,https://www.jayski.com/race-results/2024-nascar-cup-series-race-results/pennzoil-400-presented-by-jiffy-lube/,62.6,22.0,False
Carson Hocevar,15,14.0,Running,2024-03-03,Las Vegas Motor Speedway,Cup,1.5-mile,https://www.jayski.com/race-results/2024-nascar-cup-series-race-results/pennzoil-400-presented-by-jiffy-lube/,62.6,22.0,False
Austin Dillon,16,19.0,Running,2024-03-03,Las Vegas Motor Speedway,Cup,1.5-mile,https://www.jayski.com/race-results/2024-nascar-cup-series-race-results/pennzoil-400-presented-by-jiffy-lube/,62.6,22.0,False
Ricky Stenhouse Jr.,17,13.0,Running,2024-03-03,Las Vegas Motor Speedway,Cup,1.5-mile,https://www.jayski.com/race-results/2024-nascar-cup-series-race-results/pennzoil-400-presented-by-jiffy-lube/,62.6,22.0,False
Alex Bowman,18,23.0,Running,2024-03-03,Las Vegas Motor Speedway,Cup,1.5-mile,https://www.jayski.com/race-results/2024-nascar-cup-series-race-results/pennzoil-400-presented-by-jiffy-lube/,62.6,22.0,False
Daniel Hemric,19,34.0,Running,2024-03-03,Las Vegas Motor Speedway,Cup,1.5-mile,https://www.jayski.com/race-results/2024-nascar-cup-series-race-results/pennzoil-400-presented-by-jiffy-lube/,62.6,22.0,False
Josh Berry,20,26.0,Running,2024-03-03,Las Vegas Motor Speedway,Cup,1.5-mile,https://www.jayski.com/race-results/2024-nascar-cup-series-race-results/pennzoil-400-presented-by-jiffy-lube/,62.6,22.0,False
Chase Briscoe,21,6.0,Running,2024-03-03,Las Vegas Motor Speedway,Cup,1.5-mile,https://www.jayski.com/race-results/2024-nascar-cup-series-race-results/pennzoil-400-presented-by-jiffy-lube/,62.6,22.0,False
John Hunter Nemechek,22,27.0,Running,2024-03-03,Las Vegas Motor Speedway,Cup,1.5-mile,https://www.jayski.com/race-results/2024-nascar-cup-series-race-results/pennzoil-400-presented-by-jiffy-lube/,62.6,22.0,False
Ryan Preece,23,36.0,Running,2024-03-03,Las Vegas Motor Speedway,Cup,1.5-mile,https://www.jayski.com/race-results/2024-nascar-cup-series-race-results/pennzoil-400-presented-by-jiffy-lube/,62.6,22.0,False
Todd Gilliland,24,31.0,Running,2024-03-03,Las Vegas Motor Speedway,Cup,1.5-mile,https://www.jayski.com/race-results/2024-nascar-cup-series-race-results/pennzoil-400-presented-by-jiffy-lube/,62.6,22.0,False
Michael McDowell,25,12.0,Running,2024-03-03,Las Vegas Motor Speedway,Cup,1.5-mile,https://www.jayski.com/race-results/2024-nascar-cup-series-race-results/pennzoil-400-presented-by-jiffy-lube/,62.6,22.0,False
Kyle Busch,26,21.0,Running,2024-03-03,Las Vegas Motor Speedway,Cup,1.5-mile,https://www.jayski.com/race-results/2024-nascar-cup-series-race-results/pennzoil-400-presented-by-jiffy-lube/,62.6,22.0,False
Justin Haley,27,35.0,Running,2024-03-03,Las Vegas Motor Speedway,Cup,1.5-mile,https://www.jayski.com/race-results/2024-nascar-cup-series-race-results/pennzoil-400-presented-by-jiffy-lube/,62.6,22.0,False
Derek Kraus,28,33.0,Running,2024-03-03,Las Vegas Motor Speedway,Cup,1.5-mile,https://www.jayski.com/race-results/2024-nascar-cup-series-race-results/pennzoil-400-presented-by-jiffy-lube/,62.6,22.0,False
Austin Cindric,29,3.0,Running,2024-03-03,Las Vegas Motor Speedway,Cup,1.5-mile,https://www.jayski.com/race-results/2024-nascar-cup-series-race-results/pennzoil-400-presented-by-jiffy-lube/,62.6,22.0,False
Harrison Burton,30,29.0,Running,2024-03-03,Las Vegas Motor Speedway,Cup,1.5-mile,https://www.jayski.com/race-results/2024-nascar-cup-series-race-results/pennzoil-400-presented-by-jiffy-lube/,62.6,22.0,False
Kaz Grala,31,32.0,Running,2024-03-03,Las Vegas Motor Speedway,Cup,1.5-mile,https://www.jayski.com/race-results/2024-nascar-cup-series-race-results/pennzoil-400-presented-by-jiffy-lube/,62.6,22.0,False
Corey LaJoie,32,17.0,Running,2024-03-03,Las Vegas Motor Speedway,Cup,1.5-mile,https://www.jayski.com/race-results/2024-nascar-cup-series-race-results/pennzoil-400-presented-by-jiffy-lube/,62.6,22.0,False
Christopher Bell,33,10.0,Running,2024-03-03,Las Vegas Motor Speedway,Cup,1.5-mile,https://www.jayski.com/race-results/2024-nascar-cup-series-race-results/pennzoil-400-presented-by-jiffy-lube/,62.6,22.0,False
JJ Yeley,34,37.0,Running,2024-03-03,Las Vegas Motor Speedway,Cup,1.5-mile,https://www.jayski.com/race-results/2024-nascar-cup-series-race-results/pennzoil-400-presented-by-jiffy-lube/,62.6,22.0,False
Bubba Wallace,35,5.0,Running,2024-03-03,Las Vegas Motor Speedway,Cup,1.5-mile,https://www.jayski.com/race-results/2024-nascar-cup-series-race-results/pennzoil-400-presented-by-jiffy-lube/,62.6,22.0,False
Zane Smith,36,24.0,Running,2024-03-03,Las Vegas Motor Speedway,Cup,1.5-mile,https://www.jayski.com/race-results/2024-nascar-cup-series-race-results/pennzoil-400-presented-by-jiffy-lube/,62.6,22.0,False
Chris Buescher,37,9.0,Accident,2024-03-03,Las Vegas Motor Speedway,Cup,1.5-mile,https://www.jayski.com/race-results/2024-nascar-cup-series-race-results/pennzoil-400-presented-by-jiffy-lube/,62.6,22.0,False
Christopher Bell,1,13.0,Running,2024-03-10,Phoenix Raceway,Cup,1-mile,https://www.jayski.com/race-results/2024-nascar-cup-series-race-results/shriners-childrens-500/,77.5,6.0,False
Chris Buescher,2,14.0,Running,2024-03-10,Phoenix Raceway,Cup,1-mile,https://www.jayski.com/race-results/2024-nascar-cup-series-race-results/shriners-childrens-500/,77.5,6.0,False
Ty Gibbs,3,2.0,Running,2024-03-10,Phoenix Raceway,Cup,1-mile,https://www.jayski.com/race-results/2024-nascar-cup-series-race-results/shriners-childrens-500/,77.5,6.0,False
Brad Keselowski,4,18.0,Running,2024-03-10,Phoenix Raceway,Cup,1-mile,https://www.jayski.com/race-results/2024-nascar-cup-series-race-results/shriners-childrens-500/,77.5,6.0,False
Ryan Blaney,5,16.0,Running,2024-03-10,Phoenix Raceway,Cup,1-mile,https://www.jayski.com/race-results/2024-nascar-cup-series-race-results/shriners-childrens-500/,77.5,6.0,False
Ross Chastain,6,12.0,Running,2024-03-10,Phoenix Raceway,Cup,1-mile,https://www.jayski.com/race-results/2024-nascar-cup-series-race-results/shriners-childrens-500/,77.5,6.0,False
Martin Truex Jr.,7,11.0,Running,2024-03-10,Phoenix Raceway,Cup,1-mile,https://www.jayski.com/race-results/2024-nascar-cup-series-race-results/shriners-childrens-500/,77.5,6.0,False
Michael McDowell,8,9.0,Running,2024-03-10,Phoenix Raceway,Cup,1-mile,https://www.jayski.com/race-results/2024-nascar-cup-series-race-results/shriners-childrens-500/,77.5,6.0,False
Chase Briscoe,9,8.0,Running,2024-03-10,Phoenix Raceway,Cup,1-mile,https://www.jayski.com/race-results/2024-nascar-cup-series-race-results/shriners-childrens-500/,77.5,6.0,False
Tyler Reddick,10,6.0,Running,2024-03-10,Phoenix Raceway,Cup,1-mile,https://www.jayski.com/race-results/2024-nascar-cup-series-race-results/shriners-childrens-500/,77.5,6.0,False
Denny Hamlin,11,1.0,Running,2024-03-10,Phoenix Raceway,Cup,1-mile,https://www.jayski.com/race-results/2024-nascar-cup-series-race-results/shriners-childrens-500/,77.5,6.0,False
Noah Gragson,12,7.0,Running,2024-03-10,Phoenix Raceway,Cup,1-mile,https://www.jayski.com/race-results/2024-nascar-cup-series-race-results/shriners-childrens-500/,77.5,6.0,False
Daniel Suarez,13,15.0,Running,2024-03-10,Phoenix Raceway,Cup,1-mile,https://www.jayski.com/race-results/2024-nascar-cup-series-race-results/shriners-childrens-500/,77.5,6.0,False
Kyle Larson,14,17.0,Running,2024-03-10,Phoenix Raceway,Cup,1-mile,https://www.jayski.com/race-results/2024-nascar-cup-series-race-results/shriners-childrens-500/,77.5,6.0,False
Carson Hocevar,15,10.0,Running,2024-03-10,Phoenix Raceway,Cup,1-mile,https://www.jayski.com/race-results/2024-nascar-cup-series-race-results/shriners-childrens-500/,77.5,6.0,False
Bubba Wallace,16,22.0,Running,2024-03-10,Phoenix Raceway,Cup,1-mile,https://www.jayski.com/race-results/2024-nascar-cup-series-race-results/shriners-childrens-500/,77.5,6.0,False
Todd Gilliland,17,29.0,Running,2024-03-10,Phoenix Raceway,Cup,1-mile,https://www.jayski.com/race-results/2024-nascar-cup-series-race-results/shriners-childrens-500/,77.5,6.0,False
William Byron,18,5.0,Running,2024-03-10,Phoenix Raceway,Cup,1-mile,https://www.jayski.com/race-results/2024-nascar-cup-series-race-results/shriners-childrens-500/,77.5,6.0,False
Chase Elliott,19,3.0,Running,2024-03-10,Phoenix Raceway,Cup,1-mile,https://www.jayski.com/race-results/2024-nascar-cup-series-race-results/shriners-childrens-500/,77.5,6.0,False
Alex Bowman,20,25.0,Running,2024-03-10,Phoenix Raceway,Cup,1-mile,https://www.jayski.com/race-results/2024-nascar-cup-series-race-results/shriners-childrens-500/,77.5,6.0,False
Ricky Stenhouse Jr.,21,20.0,Running,2024-03-10,Phoenix Raceway,Cup,1-mile,https://www.jayski.com/race-results/2024-nascar-cup-series-race-results/shriners-childrens-500/,77.5,6.0,False
Kyle Busch,22,31.0,Running,2024-03-10,Phoenix Raceway,Cup,1-mile,https://www.jayski.com/race-results/2024-nascar-cup-series-race-results/shriners-childrens-500/,77.5,6.0,False
Ryan Preece,23,27.0,Running,2024-03-10,Phoenix Raceway,Cup,1-mile,https://www.jayski.com/race-results/2024-nascar-cup-series-race-results/shriners-childrens-500/,77.5,6.0,False
Justin Haley,24,33.0,Running,2024-03-10,Phoenix Raceway,Cup,1-mile,https://www.jayski.com/race-results/2024-nascar-cup-series-race-results/shriners-childrens-500/,77.5,6.0,False
John Hunter Nemechek,25,19.0,Running,2024-03-10,Phoenix Raceway,Cup,1-mile,https://www.jayski.com/race-results/2024-nascar-cup-series-race-results/shriners-childrens-500/,77.5,6.0,False
Josh Berry,26,36.0,Running,2024-03-10,Phoenix Raceway,Cup,1-mile,https://www.jayski.com/race-results/2024-nascar-cup-series-race-results/shriners-childrens-500/,77.5,6.0,False
Harrison Burton,27,24.0,Running,2024-03-10,Phoenix Raceway,Cup,1-mile,https://www.jayski.com/race-results/2024-nascar-cup-series-race-results/shriners-childrens-500/,77.5,6.0,False
Daniel Hemric,28,21.0,Running,2024-03-10,Phoenix Raceway,Cup,1-mile,https://www.jayski.com/race-results/2024-nascar-cup-series-race-results/shriners-childrens-500/,77.5,6.0,False
Zane Smith,29,28.0,Running,2024-03-10,Phoenix Raceway,Cup,1-mile,https://www.jayski.com/race-results/2024-nascar-cup-series-race-results/shriners-childrens-500/,77.5,6.0,False
Kaz Grala,30,32.0,Running,2024-03-10,Phoenix Raceway,Cup,1-mile,https://www.jayski.com/race-results/2024-nascar-cup-series-race-results/shriners-childrens-500/,77.5,6.0,False
Erik Jones,31,4.0,Running,2024-03-10,Phoenix Raceway,Cup,1-mile,https://www.jayski.com/race-results/2024-nascar-cup-series-race-results/shriners-childrens-500/,77.5,6.0,False
Austin Dillon,32,30.0,Running,2024-03-10,Phoenix Raceway,Cup,1-mile,https://www.jayski.com/race-results/2024-nascar-cup-series-race-results/shriners-childrens-500/,77.5,6.0,False
Corey LaJoie,33,35.0,Accident,2024-03-10,Phoenix Raceway,Cup,1-mile,https://www.jayski.com/race-results/2024-nascar-cup-series-race-results/shriners-childrens-500/,77.5,6.0,False
Joey Logano,34,23.0,Accident,2024-03-10,Phoenix Raceway,Cup,1-mile,https://www.jayski.com/race-results/2024-nascar-cup-series-race-results/shriners-childrens-500/,77.5,6.0,False
Derek Kraus,35,26.0,Accident,2024-03-10,Phoenix Raceway,Cup,1-mile,https://www.jayski.com/race-results/2024-nascar-cup-series-race-results/shriners-childrens-500/,77.5,6.0,False
Austin Cindric,36,34.0,Accident,2024-03-10,Phoenix Raceway,Cup,1-mile,https://www.jayski.com/race-results/2024-nascar-cup-series-race-results/shriners-childrens-500/,77.5,6.0,False
William Byron,1,18.0,Running,2024-04-07,Martinsville Speedway,Cup,short,https://www.jayski.com/race-results/2024-nascar-cup-series-race-results/cook-out-400/,61.5,2.0,False
Kyle Larson,2,1.0,Running,2024-04-07,Martinsville Speedway,Cup,short,https://www.jayski.com/race-results/2024-nascar-cup-series-race-results/cook-out-400/,61.5,2.0,False
Chase Elliott,3,3.0,Running,2024-04-07,Martinsville Speedway,Cup,short,https://www.jayski.com/race-results/2024-nascar-cup-series-race-results/cook-out-400/,61.5,2.0,False
Bubba Wallace,4,2.0,Running,2024-04-07,Martinsville Speedway,Cup,short,https://www.jayski.com/race-results/2024-nascar-cup-series-race-results/cook-out-400/,61.5,2.0,False
Ryan Blaney,5,9.0,Running,2024-04-07,Martinsville Speedway,Cup,short,https://www.jayski.com/race-results/2024-nascar-cup-series-race-results/cook-out-400/,61.5,2.0,False
Joey Logano,6,6.0,Running,2024-04-07,Martinsville Speedway,Cup,short,https://www.jayski.com/race-results/2024-nascar-cup-series-race-results/cook-out-400/,61.5,2.0,False
Tyler Reddick,7,19.0,Running,2024-04-07,Martinsville Speedway,Cup,short,https://www.jayski.com/race-results/2024-nascar-cup-series-race-results/cook-out-400/,61.5,2.0,False
Alex Bowman,8,10.0,Running,2024-04-07,Martinsville Speedway,Cup,short,https://www.jayski.com/race-results/2024-nascar-cup-series-race-results/cook-out-400/,61.5,2.0,False
Ryan Preece,9,22.0,Running,2024-04-07,Martinsville Speedway,Cup,short,https://www.jayski.com/race-results/2024-nascar-cup-series-race-results/cook-out-400/,61.5,2.0,False
Chase Briscoe,10,5.0,Running,2024-04-07,Martinsville Speedway,Cup,short,https://www.jayski.com/race-results/2024-nascar-cup-series-race-results/cook-out-400/,61.5,2.0,False
Denny Hamlin,11,8.0,Running,2024-04-07,Martinsville Speedway,Cup,short,https://www.jayski.com/race-results/2024-nascar-cup-series-race-results/cook-out-400/,61.5,2.0,False
Erik Jones,12,17.0,Running,2024-04-07,Martinsville Speedway,Cup,short,https://www.jayski.com/race-results/2024-nascar-cup-series-race-results/cook-out-400/,61.5,2.0,False
Todd Gilliland,13,16.0,Running,2024-04-07,Martinsville Speedway,Cup,short,https://www.jayski.com/race-results/2024-nascar-cup-series-race-results/cook-out-400/,61.5,2.0,False
Ross Chastain,14,12.0,Running,2024-04-07,Martinsville Speedway,Cup,short,https://www.jayski.com/race-results/2024-nascar-cup-series-race-results/cook-out-400/,61.5,2.0,False
Chris Buescher,15,30.0,Running,2024-04-07,Martinsville Speedway,Cup,short,https://www.jayski.com/race-results/2024-nascar-cup-series-race-results/cook-out-400/,61.5,2.0,False
Kyle Busch,16,11.0,Running,2024-04-07,Martinsville Speedway,Cup,short,https://www.jayski.com/race-results/2024-nascar-cup-series-race-results/cook-out-400/,61.5,2.0,False
Carson Hocevar,17,25.0,Running,2024-04-07,Martinsville Speedway,Cup,short,https://www.jayski.com/race-results/2024-nascar-cup-series-race-results/cook-out-400/,61.5,2.0,False
Martin Truex Jr.,18,4.0,Running,2024-04-07,Martinsville Speedway,Cup,short,https://www.jayski.com/race-results/2024-nascar-cup-series-race-results/cook-out-400/,61.5,2.0,False
Ty Gibbs,19,15.0,Running,2024-04-07,Martinsville Speedway,Cup,short,https://www.jayski.com/race-results/2024-nascar-cup-series-race-results/cook-out-400/,61.5,2.0,False
Noah Gragson,20,26.0,Running,2024-04-07,Martinsville Speedway,Cup,short,https://www.jayski.com/race-results/2024-nascar-cup-series-race-results/cook-out-400/,61.5,2.0,False
Michael McDowell,21,35.0,Running,2024-04-07,Martinsville Speedway,Cup,short,https://www.jayski.com/race-results/2024-nascar-cup-series-race-results/cook-out-400/,61.5,2.0,False
Daniel Suarez,22,21.0,Running,2024-04-07,Martinsville Speedway,Cup,short,https://www.jayski.com/race-results/2024-nascar-cup-series-race-results/cook-out-400/,61.5,2.0,False
Austin Cindric,23,14.0,Running,2024-04-07,Martinsville Speedway,Cup,short,https://www.jayski.com/race-results/2024-nascar-cup-series-race-results/cook-out-400/,61.5,2.0,False
Brad Keselowski,24,13.0,Running,2024-04-07,Martinsville Speedway,Cup,short,https://www.jayski.com/race-results/2024-nascar-cup-series-race-results/cook-out-400/,61.5,2.0,False
Josh Berry,25,7.0,Running,2024-04-07,Martinsville Speedway,Cup,short,https://www.jayski.com/race-results/2024-nascar-cup-series-race-results/cook-out-400/,61.5,2.0,False
Kaz Grala,26,31.0,Running,2024-04-07,Martinsville Speedway,Cup,short,https://www.jayski.com/race-results/2024-nascar-cup-series-race-results/cook-out-400/,61.5,2.0,False
Josh Williams,27,33.0,Running,2024-04-07,Martinsville Speedway,Cup,short,https://www.jayski.com/race-results/2024-nascar-cup-series-race-results/cook-out-400/,61.5,2.0,False
Daniel Hemric,28,36.0,Running,2024-04-07,Martinsville Speedway,Cup,short,https://www.jayski.com/race-results/2024-nascar-cup-series-race-results/cook-out-400/,61.5,2.0,False
Ricky Stenhouse Jr.,29,23.0,Running,2024-04-07,Martinsville Speedway,Cup,short,https://www.jayski.com/race-results/2024-nascar-cup-series-race-results/cook-out-400/,61.5,2.0,False
Justin Haley,30,27.0,Running,2024-04-07,Martinsville Speedway,Cup,short,https://www.jayski.com/race-results/2024-nascar-cup-series-race-results/cook-out-400/,61.5,2.0,False
Zane Smith,31,24.0,Running,2024-04-07,Martinsville Speedway,Cup,short,https://www.jayski.com/race-results/2024-nascar-cup-series-race-results/cook-out-400/,61.5,2.0,False
Corey LaJoie,32,32.0,Running,2024-04-07,Martinsville Speedway,Cup,short,https://www.jayski.com/race-results/2024-nascar-cup-series-race-results/cook-out-400/,61.5,2.0,False
Harrison Burton,33,34.0,Running,2024-04-07,Martinsville Speedway,Cup,short,https://www.jayski.com/race-results/2024-nascar-cup-series-race-results/cook-out-400/,61.5,2.0,False
Austin Dillon,34,28.0,Running,2024-04-07,Martinsville Speedway,Cup,short,https://www.jayski.com/race-results/2024-nascar-cup-series-race-results/cook-out-400/,61.5,2.0,False
Christopher Bell,35,20.0,Running,2024-04-07,Martinsville Speedway,Cup,short,https://www.jayski.com/race-results/2024-nascar-cup-series-race-results/cook-out-400/,61.5,2.0,False
John Hunter Nemechek,36,29.0,Accident,2024-04-07,Martinsville Speedway,Cup,short,https://www.jayski.com/race-results/2024-nascar-cup-series-race-results/cook-out-400/,61.5,2.0,False
David Starr,37,37.0,Steering,2024-04-07,Martinsville Speedway,Cup,short,https://www.jayski.com/race-results/2024-nascar-cup-series-race-results/cook-out-400/,61.5,2.0,False
Chase Elliott,1,24.0,Running,2024-04-14,Texas Motor Speedway,Cup,1.5-mile,https://www.jayski.com/race-results/2024-nascar-cup-series-race-results/autotrader-echopark-automotive-400/,82.3,14.0,False
Brad Keselowski,2,22.0,Running,2024-04-14,Texas Motor Speedway,Cup,1.5-mile,https://www.jayski.com/race-results/2024-nascar-cup-series-race-results/autotrader-echopark-automotive-400/,82.3,14.0,False
William Byron,3,6.0,Running,2024-04-14,Texas Motor Speedway,Cup,1.5-mile,https://www.jayski.com/race-results/2024-nascar-cup-series-race-results/autotrader-echopark-automotive-400/,82.3,14.0,False
Tyler Reddick,4,4.0,Running,2024-04-14,Texas Motor Speedway,Cup,1.5-mile,https://www.jayski.com/race-results/2024-nascar-cup-series-race-results/autotrader-echopark-automotive-400/,82.3,14.0,False
Daniel Suarez,5,17.0,Running,2024-04-14,Texas Motor Speedway,Cup,1.5-mile,https://www.jayski.com/race-results/2024-nascar-cup-series-race-results/autotrader-echopark-automotive-400/,82.3,14.0,False
Chase Briscoe,6,5.0,Running,2024-04-14,Texas Motor Speedway,Cup,1.5-mile,https://www.jayski.com/race-results/2024-nascar-cup-series-race-results/autotrader-echopark-automotive-400/,82.3,14.0,False
Bubba Wallace,7,10.0,Running,2024-04-14,Texas Motor Speedway,Cup,1.5-mile,https://www.jayski.com/race-results/2024-nascar-cup-series-race-results/autotrader-echopark-automotive-400/,82.3,14.0,False
Austin Dillon,8,15.0,Running,2024-04-14,Texas Motor Speedway,Cup,1.5-mile,https://www.jayski.com/race-results/2024-nascar-cup-series-race-results/autotrader-echopark-automotive-400/,82.3,14.0,False
Kyle Busch,9,35.0,Running,2024-04-14,Texas Motor Speedway,Cup,1.5-mile,https://www.jayski.com/race-results/2024-nascar-cup-series-race-results/autotrader-echopark-automotive-400/,82.3,14.0,False
Carson Hocevar,10,16.0,Running,2024-04-14,Texas Motor Speedway,Cup,1.5-mile,https://www.jayski.com/race-results/2024-nascar-cup-series-race-results/autotrader-echopark-automotive-400/,82.3,14.0,False
Joey Logano,11,20.0,Running,2024-04-14,Texas Motor Speedway,Cup,1.5-mile,https://www.jayski.com/race-results/2024-nascar-cup-series-race-results/autotrader-echopark-automotive-400/,82.3,14.0,False
Ryan Preece,12,26.0,Running,2024-04-14,Texas Motor Speedway,Cup,1.5-mile,https://www.jayski.com/race-results/2024-nascar-cup-series-race-results/autotrader-echopark-automotive-400/,82.3,14.0,False
Ty Gibbs,13,2.0,Running,2024-04-14,Texas Motor Speedway,Cup,1.5-mile,https://www.jayski.com/race-results/2024-nascar-cup-series-race-results/autotrader-echopark-automotive-400/,82.3,14.0,False
Martin Truex Jr.,14,9.0,Running,2024-04-14,Texas Motor Speedway,Cup,1.5-mile,https://www.jayski.com/race-results/2024-nascar-cup-series-race-results/autotrader-echopark-automotive-400/,82.3,14.0,False
Chris Buescher,15,19.0,Running,2024-04-14,Texas Motor Speedway,Cup,1.5-mile,https://www.jayski.com/race-results/2024-nascar-cup-series-race-results/autotrader-echopark-automotive-400/,82.3,14.0,False
Ty Dillon,16,36.0,Running,2024-04-14,Texas Motor Speedway,Cup,1.5-mile,https://www.jayski.com/race-results/2024-nascar-cup-series-race-results/autotrader-echopark-automotive-400/,82.3,14.0,False
Christopher Bell,17,3.0,Running,2024-04-14,Texas Motor Speedway,Cup,1.5-mile,https://www.jayski.com/race-results/2024-nascar-cup-series-race-results/autotrader-echopark-automotive-400/,82.3,14.0,False
Noah Gragson,18,21.0,Running,2024-04-14,Texas Motor Speedway,Cup,1.5-mile,https://www.jayski.com/race-results/2024-nascar-cup-series-race-results/autotrader-echopark-automotive-400/,82.3,14.0,False
Erik Jones,19,27.0,Running,2024-04-14,Texas Motor Speedway,Cup,1.5-mile,https://www.jayski.com/race-results/2024-nascar-cup-series-race-results/autotrader-echopark-automotive-400/,82.3,14.0,False
Daniel Hemric,20,38.0,Running,2024-04-14,Texas Motor Speedway,Cup,1.5-mile,https://www.jayski.com/race-results/2024-nascar-cup-series-race-results/autotrader-echopark-automotive-400/,82.3,14.0,False
Kyle Larson,21,1.0,Running,2024-04-14,Texas Motor Speedway,Cup,1.5-mile,https://www.jayski.com/race-results/2024-nascar-cup-series-race-results/autotrader-echopark-automotive-400/,82.3,14.0,False
Corey LaJoie,22,23.0,Running,2024-04-14,Texas Motor Speedway,Cup,1.5-mile,https://www.jayski.com/race-results/2024-nascar-cup-series-race-results/autotrader-echopark-automotive-400/,82.3,14.0,False
Ricky Stenhouse Jr.,23,31.0,Running,2024-04-14,Texas Motor Speedway,Cup,1.5-mile,https://www.jayski.com/race-results/2024-nascar-cup-series-race-results/autotrader-echopark-automotive-400/,82.3,14.0,False
Justin Haley,24,32.0,Running,2024-04-14,Texas Motor Speedway,Cup,1.5-mile,https://www.jayski.com/race-results/2024-nascar-cup-series-race-results/autotrader-echopark-automotive-400/,82.3,14.0,False
Austin Cindric,25,8.0,Running,2024-04-14,Texas Motor Speedway,Cup,1.5-mile,https://www.jayski.com/race-results/2024-nascar-cup-series-race-results/autotrader-echopark-automotive-400/,82.3,14.0,False
Zane Smith,26,18.0,Running,2024-04-14,Texas Motor Speedway,Cup,1.5-mile,https://www.jayski.com/race-results/2024-nascar-cup-series-race-results/autotrader-echopark-automotive-400/,82.3,14.0,False
Kaz Grala,27,33.0,Running,2024-04-14,Texas Motor Speedway,Cup,1.5-mile,https://www.jayski.com/race-results/2024-nascar-cup-series-race-results/autotrader-echopark-automotive-400/,82.3,14.0,False
Harrison Burton,28,29.0,Running,2024-04-14,Texas Motor Speedway,Cup,1.5-mile,https://www.jayski.com/race-results/2024-nascar-cup-series-race-results/autotrader-echopark-automotive-400/,82.3,14.0,False
Jimmie Johnson,29,37.0,Running,2024-04-14,Texas Motor Speedway,Cup,1.5-mile,https://www.jayski.com/race-results/2024-nascar-cup-series-race-results/autotrader-echopark-automotive-400/,82.3,14.0,False
Denny Hamlin,30,11.0,Running,2024-04-14,Texas Motor Speedway,Cup,1.5-mile,https://www.jayski.com/race-results/2024-nascar-cup-series-race-results/autotrader-echopark-automotive-400/,82.3,14.0,False
Todd Gilliland,31,28.0,Running,2024-04-14,Texas Motor Speedway,Cup,1.5-mile,https://www.jayski.com/race-results/2024-nascar-cup-series-race-results/autotrader-echopark-automotive-400/,82.3,14.0,False
Ross Chastain,32,12.0,Accident,2024-04-14,Texas Motor Speedway,Cup,1.5-mile,https://www.jayski.com/race-results/2024-nascar-cup-series-race-results/autotrader-echopark-automotive-400/,82.3,14.0,False
Ryan Blaney,33,7.0,Running,2024-04-14,Texas Motor Speedway,Cup,1.5-mile,https://www.jayski.com/race-results/2024-nascar-cup-series-race-results/autotrader-echopark-automotive-400/,82.3,14.0,False
John Hunter Nemechek,34,30.0,Accident,2024-04-14,Texas Motor Speedway,Cup,1.5-mile,https://www.jayski.com/race-results/2024-nascar-cup-series-race-results/autotrader-echopark-automotive-400/,82.3,14.0,False
Michael McDowell,35,13.0,Accident,2024-04-14,Texas Motor Speedway,Cup,1.5-mile,https://www.jayski.com/race-results/2024-nascar-cup-series-race-results/autotrader-echopark-automotive-400/,82.3,14.0,False
Josh Berry,36,25.0,Accident,2024-04-14,Texas Motor Speedway,Cup,1.5-mile,https://www.jayski.com/race-results/2024-nascar-cup-series-race-results/autotrader-echopark-automotive-400/,82.3,14.0,False
Alex Bowman,37,14.0,Accident,2024-04-14,Texas Motor Speedway,Cup,1.5-mile,https://www.jayski.com/race-results/2024-nascar-cup-series-race-results/autotrader-echopark-automotive-400/,82.3,14.0,False
Austin Hill,38,34.0,Steering,2024-04-14,Texas Motor Speedway,Cup,1.5-mile,https://www.jayski.com/race-results/2024-nascar-cup-series-race-results/autotrader-echopark-automotive-400/,82.3,14.0,False
Tyler Reddick,1,18.0,Running,2024-04-21,Talladega Superspeedway,Cup,superspeedway,https://www.jayski.com/race-results/2024-nascar-cup-series-race-results/geico-500/,59.2,8.8,False
Brad Keselowski,2,22.0,Running,2024-04-21,Talladega Superspeedway,Cup,superspeedway,https://www.jayski.com/race-results/2024-nascar-cup-series-race-results/geico-500/,59.2,8.8,False
Noah Gragson,3,36.0,Running,2024-04-21,Talladega Superspeedway,Cup,superspeedway,https://www.jayski.com/race-results/2024-nascar-cup-series-race-results/geico-500/,59.2,8.8,False
Ricky Stenhouse Jr.,4,33.0,Running,2024-04-21,Talladega Superspeedway,Cup,superspeedway,https://www.jayski.com/race-results/2024-nascar-cup-series-race-results/geico-500/,59.2,8.8,False
Alex Bowman,5,12.0,Running,2024-04-21,Talladega Superspeedway,Cup,superspeedway,https://www.jayski.com/race-results/2024-nascar-cup-series-race-results/geico-500/,59.2,8.8,False
Anthony Alfredo,6,24.0,Running,2024-04-21,Talladega Superspeedway,Cup,superspeedway,https://www.jayski.com/race-results/2024-nascar-cup-series-race-results/geico-500/,59.2,8.8,False
William Byron,7,13.0,Running,2024-04-21,Talladega Superspeedway,Cup,superspeedway,https://www.jayski.com/race-results/2024-nascar-cup-series-race-results/geico-500/,59.2,8.8,False
Todd Gilliland,8,3.0,Running,2024-04-21,Talladega Superspeedway,Cup,superspeedway,https://www.jayski.com/race-results/2024-nascar-cup-series-race-results/geico-500/,59.2,8.8,False
Daniel Hemric,9,19.0,Running,2024-04-21,Talladega Superspeedway,Cup,superspeedway,https://www.jayski.com/race-results/2024-nascar-cup-series-race-results/geico-500/,59.2,8.8,False
Harrison Burton,10,16.0,Running,2024-04-21,Talladega Superspeedway,Cup,superspeedway,https://www.jayski.com/race-results/2024-nascar-cup-series-race-results/geico-500/,59.2,8.8,False
Martin Truex Jr.,11,6.0,Running,2024-04-21,Talladega Superspeedway,Cup,superspeedway,https://www.jayski.com/race-results/2024-nascar-cup-series-race-results/geico-500/,59.2,8.8,False
Chase Briscoe,12,26.0,Running,2024-04-21,Talladega Superspeedway,Cup,superspeedway,https://www.jayski.com/race-results/2024-nascar-cup-series-race-results/geico-500/,59.2,8.8,False
Ross Chastain,13,32.0,Running,2024-04-21,Talladega Superspeedway,Cup,superspeedway,https://www.jayski.com/race-results/2024-nascar-cup-series-race-results/geico-500/,59.2,8.8,False
Ryan Preece,14,11.0,Running,2024-04-21,Talladega Superspeedway,Cup,superspeedway,https://www.jayski.com/race-results/2024-nascar-cup-series-race-results/geico-500/,59.2,8.8,False
Chase Elliott,15,9.0,Running,2024-04-21,Talladega Superspeedway,Cup,superspeedway,https://www.jayski.com/race-results/2024-nascar-cup-series-race-results/geico-500/,59.2,8.8,False
Josh Berry,16,29.0,Running,2024-04-21,Talladega Superspeedway,Cup,superspeedway,https://www.jayski.com/race-results/2024-nascar-cup-series-race-results/geico-500/,59.2,8.8,False
Carson Hocevar,17,35.0,Running,2024-04-21,Talladega Superspeedway,Cup,superspeedway,https://www.jayski.com/race-results/2024-nascar-cup-series-race-results/geico-500/,59.2,8.8,False
Corey LaJoie,18,31.0,Running,2024-04-21,Talladega Superspeedway,Cup,superspeedway,https://www.jayski.com/race-results/2024-nascar-cup-series-race-results/geico-500/,59.2,8.8,False
Joey Logano,19,7.0,Running,2024-04-21,Talladega Superspeedway,Cup,superspeedway,https://www.jayski.com/race-results/2024-nascar-cup-series-race-results/geico-500/,59.2,8.8,False
Ryan Blaney,20,21.0,Running,2024-04-21,Talladega Superspeedway,Cup,superspeedway,https://www.jayski.com/race-results/2024-nascar-cup-series-race-results/geico-500/,59.2,8.8,False
Kyle Larson,21,38.0,Running,2024-04-21,Talladega Superspeedway,Cup,superspeedway,https://www.jayski.com/race-results/2024-nascar-cup-series-race-results/geico-500/,59.2,8.8,False
Ty Gibbs,22,15.0,Running,2024-04-21,Talladega Superspeedway,Cup,superspeedway,https://www.jayski.com/race-results/2024-nascar-cup-series-race-results/geico-500/,59.2,8.8,False
Austin Cindric,23,2.0,Running,2024-04-21,Talladega Superspeedway,Cup,superspeedway,https://www.jayski.com/race-results/2024-nascar-cup-series-race-results/geico-500/,59.2,8.8,False
Cody Ware,24,34.0,Running,2024-04-21,Talladega Superspeedway,Cup,superspeedway,https://www.jayski.com/race-results/2024-nascar-cup-series-race-results/geico-500/,59.2,8.8,False
Chris Buescher,25,8.0,Running,2024-04-21,Talladega Superspeedway,Cup,superspeedway,https://www.jayski.com/race-results/2024-nascar-cup-series-race-results/geico-500/,59.2,8.8,False
Daniel Suarez,26,25.0,Running,2024-04-21,Talladega Superspeedway,Cup,superspeedway,https://www.jayski.com/race-results/2024-nascar-cup-series-race-results/geico-500/,59.2,8.8,False
Kyle Busch,27,4.0,Running,2024-04-21,Talladega Superspeedway,Cup,superspeedway,https://www.jayski.com/race-results/2024-nascar-cup-series-race-results/geico-500/,59.2,8.8,False
Shane Van Gisbergen,28,17.0,Running,2024-04-21,Talladega Superspeedway,Cup,superspeedway,https://www.jayski.com/race-results/2024-nascar-cup-series-race-results/geico-500/,59.2,8.8,False
Zane Smith,29,30.0,Running,2024-04-21,Talladega Superspeedway,Cup,superspeedway,https://www.jayski.com/race-results/2024-nascar-cup-series-race-results/geico-500/,59.2,8.8,False
Austin Dillon,30,5.0,Running,2024-04-21,Talladega Superspeedway,Cup,superspeedway,https://www.jayski.com/race-results/2024-nascar-cup-series-race-results/geico-500/,59.2,8.8,False
Michael McDowell,31,1.0,Accident,2024-04-21,Talladega Superspeedway,Cup,superspeedway,https://www.jayski.com/race-results/2024-nascar-cup-series-race-results/geico-500/,59.2,8.8,False
BJ McLeod,32,37.0,Running,2024-04-21,Talladega Superspeedway,Cup,superspeedway,https://www.jayski.com/race-results/2024-nascar-cup-series-race-results/geico-500/,59.2,8.8,False
John Hunter Nemechek,33,20.0,Running,2024-04-21,Talladega Superspeedway,Cup,superspeedway,https://www.jayski.com/race-results/2024-nascar-cup-series-race-results/geico-500/,59.2,8.8,False
Justin Haley,34,27.0,Running,2024-04-21,Talladega Superspeedway,Cup,superspeedway,https://www.jayski.com/race-results/2024-nascar-cup-series-race-results/geico-500/,59.2,8.8,False
Erik Jones,35,28.0,Accident,2024-04-21,Talladega Superspeedway,Cup,superspeedway,https://www.jayski.com/race-results/2024-nascar-cup-series-race-results/geico-500/,59.2,8.8,False
Bubba Wallace,36,14.0,Accident,2024-04-21,Talladega Superspeedway,Cup,superspeedway,https://www.jayski.com/race-results/2024-nascar-cup-series-race-results/geico-500/,59.2,8.8,False
Denny Hamlin,37,23.0,Accident,2024-04-21,Talladega Superspeedway,Cup,superspeedway,https://www.jayski.com/race-results/2024-nascar-cup-series-race-results/geico-500/,59.2,8.8,False
Christopher Bell,38,10.0,Accident,2024-04-21,Talladega Superspeedway,Cup,superspeedway,https://www.jayski.com/race-results/2024-nascar-cup-series-race-results/geico-500/,59.2,8.8,False
Kyle Larson,1,4.0,Running,2024-05-05,Kansas Speedway,Cup,1.5-mile,https://www.jayski.com/race-results/2024-nascar-cup-series-race-results/adventhealth-400/,64.0,7.2,False
Chris Buescher,2,12.0,Running,2024-05-05,Kansas Speedway,Cup,1.5-mile,https://www.jayski.com/race-results/2024-nascar-cup-series-race-results/adventhealth-400/,64.0,7.2,False
Chase Elliott,3,9.0,Running,2024-05-05,Kansas Speedway,Cup,1.5-mile,https://www.jayski.com/race-results/2024-nascar-cup-series-race-results/adventhealth-400/,64.0,7.2,False
Martin Truex Jr.,4,13.0,Running,2024-05-05,Kansas Speedway,Cup,1.5-mile,https://www.jayski.com/race-results/2024-nascar-cup-series-race-results/adventhealth-400/,64.0,7.2,False
Denny Hamlin,5,14.0,Running,2024-05-05,Kansas Speedway,Cup,1.5-mile,https://www.jayski.com/race-results/2024-nascar-cup-series-race-results/adventhealth-400/,64.0,7.2,False
Christopher Bell,6,1.0,Running,2024-05-05,Kansas Speedway,Cup,1.5-mile,https://www.jayski.com/race-results/2024-nascar-cup-series-race-results/adventhealth-400/,64.0,7.2,False
Alex Bowman,7,18.0,Running,2024-05-05,Kansas Speedway,Cup,1.5-mile,https://www.jayski.com/race-results/2024-nascar-cup-series-race-results/adventhealth-400/,64.0,7.2,False
Kyle Busch,8,5.0,Running,2024-05-05,Kansas Speedway,Cup,1.5-mile,https://www.jayski.com/race-results/2024-nascar-cup-series-race-results/adventhealth-400/,64.0,7.2,False
Noah Gragson,9,3.0,Running,2024-05-05,Kansas Speedway,Cup,1.5-mile,https://www.jayski.com/race-results/2024-nascar-cup-series-race-results/adventhealth-400/,64.0,7.2,False
Michael McDowell,10,8.0,Running,2024-05-05,Kansas Speedway,Cup,1.5-mile,https://www.jayski.com/race-results/2024-nascar-cup-series-race-results/adventhealth-400/,64.0,7.2,False
Brad Keselowski,11,30.0,Running,2024-05-05,Kansas Speedway,Cup,1.5-mile,https://www.jayski.com/race-results/2024-nascar-cup-series-race-results/adventhealth-400/,64.0,7.2,False
Ryan Blaney,12,26.0,Running,2024-05-05,Kansas Speedway,Cup,1.5-mile,https://www.jayski.com/race-results/2024-nascar-cup-series-race-results/adventhealth-400/,64.0,7.2,False
John Hunter Nemechek,13,29.0,Running,2024-05-05,Kansas Speedway,Cup,1.5-mile,https://www.jayski.com/race-results/2024-nascar-cup-series-race-results/adventhealth-400/,64.0,7.2,False
Todd Gilliland,14,25.0,Running,2024-05-05,Kansas Speedway,Cup,1.5-mile,https://www.jayski.com/race-results/2024-nascar-cup-series-race-results/adventhealth-400/,64.0,7.2,False
Josh Berry,15,17.0,Running,2024-05-05,Kansas Speedway,Cup,1.5-mile,https://www.jayski.com/race-results/2024-nascar-cup-series-race-results/adventhealth-400/,64.0,7.2,False
Ricky Stenhouse Jr.,16,21.0,Running,2024-05-05,Kansas Speedway,Cup,1.5-mile,https://www.jayski.com/race-results/2024-nascar-cup-series-race-results/adventhealth-400/,64.0,7.2,False
Bubba Wallace,17,23.0,Running,2024-05-05,Kansas Speedway,Cup,1.5-mile,https://www.jayski.com/race-results/2024-nascar-cup-series-race-results/adventhealth-400/,64.0,7.2,False
Justin Haley,18,35.0,Running,2024-05-05,Kansas Speedway,Cup,1.5-mile,https://www.jayski.com/race-results/2024-nascar-cup-series-race-results/adventhealth-400/,64.0,7.2,False
Ross Chastain,19,2.0,Running,2024-05-05,Kansas Speedway,Cup,1.5-mile,https://www.jayski.com/race-results/2024-nascar-cup-series-race-results/adventhealth-400/,64.0,7.2,False
Tyler Reddick,20,15.0,Running,2024-05-05,Kansas Speedway,Cup,1.5-mile,https://www.jayski.com/race-results/2024-nascar-cup-series-race-results/adventhealth-400/,64.0,7.2,False
Chase Briscoe,21,10.0,Running,2024-05-05,Kansas Speedway,Cup,1.5-mile,https://www.jayski.com/race-results/2024-nascar-cup-series-race-results/adventhealth-400/,64.0,7.2,False
Corey Heim,22,20.0,Running,2024-05-05,Kansas Speedway,Cup,1.5-mile,https://www.jayski.com/race-results/2024-nascar-cup-series-race-results/adventhealth-400/,64.0,7.2,False
William Byron,23,36.0,Running,2024-05-05,Kansas Speedway,Cup,1.5-mile,https://www.jayski.com/race-results/2024-nascar-cup-series-race-results/adventhealth-400/,64.0,7.2,False
Carson Hocevar,24,22.0,Running,2024-05-05,Kansas Speedway,Cup,1.5-mile,https://www.jayski.com/race-results/2024-nascar-cup-series-race-results/adventhealth-400/,64.0,7.2,False
Austin Dillon,25,16.0,Running,2024-05-05,Kansas Speedway,Cup,1.5-mile,https://www.jayski.com/race-results/2024-nascar-cup-series-race-results/adventhealth-400/,64.0,7.2,False
Corey LaJoie,26,28.0,Running,2024-05-05,Kansas Speedway,Cup,1.5-mile,https://www.jayski.com/race-results/2024-nascar-cup-series-race-results/adventhealth-400/,64.0,7.2,False
Daniel Suarez,27,27.0,Running,2024-05-05,Kansas Speedway,Cup,1.5-mile,https://www.jayski.com/race-results/2024-nascar-cup-series-race-results/adventhealth-400/,64.0,7.2,False
Ryan Preece,28,32.0,Running,2024-05-05,Kansas Speedway,Cup,1.5-mile,https://www.jayski.com/race-results/2024-nascar-cup-series-race-results/adventhealth-400/,64.0,7.2,False
Zane Smith,29,24.0,Running,2024-05-05,Kansas Speedway,Cup,1.5-mile,https://www.jayski.com/race-results/2024-nascar-cup-series-race-results/adventhealth-400/,64.0,7.2,False
Daniel Hemric,30,33.0,Running,2024-05-05,Kansas Speedway,Cup,1.5-mile,https://www.jayski.com/race-results/2024-nascar-cup-series-race-results/adventhealth-400/,64.0,7.2,False
Derek Kraus,31,38.0,Running,2024-05-05,Kansas Speedway,Cup,1.5-mile,https://www.jayski.com/race-results/2024-nascar-cup-series-race-results/adventhealth-400/,64.0,7.2,False
Ty Gibbs,32,6.0,Running,2024-05-05,Kansas Speedway,Cup,1.5-mile,https://www.jayski.com/race-results/2024-nascar-cup-series-race-results/adventhealth-400/,64.0,7.2,False
Austin Hill,33,34.0,Running,2024-05-05,Kansas Speedway,Cup,1.5-mile,https://www.jayski.com/race-results/2024-nascar-cup-series-race-results/adventhealth-400/,64.0,7.2,False
Joey Logano,34,11.0,Running,2024-05-05,Kansas Speedway,Cup,1.5-mile,https://www.jayski.com/race-results/2024-nascar-cup-series-race-results/adventhealth-400/,64.0,7.2,False
Riley Herbst,35,37.0,Running,2024-05-05,Kansas Speedway,Cup,1.5-mile,https://www.jayski.com/race-results/2024-nascar-cup-series-race-results/adventhealth-400/,64.0,7.2,False
Harrison Burton,36,31.0,Running,2024-05-05,Kansas Speedway,Cup,1.5-mile,https://www.jayski.com/race-results/2024-nascar-cup-series-race-results/adventhealth-400/,64.0,7.2,False
Austin Cindric,37,7.0,Accident,2024-05-05,Kansas Speedway,Cup,1.5-mile,https://www.jayski.com/race-results/2024-nascar-cup-series-race-results/adventhealth-400/,64.0,7.2,False
Jimmie Johnson,38,19.0,Accident,2024-05-05,Kansas Speedway,Cup,1.5-mile,https://www.jayski.com/race-results/2024-nascar-cup-series-race-results/adventhealth-400/,64.0,7.2,False
Christopher Bell,1,3.0,Running,2024-05-26,Charlotte Motor Speedway,Cup,1.5-mile,https://www.jayski.com/race-results/2024-nascar-cup-series-race-results/coca-cola-600/,88.4,6.1,False
Brad Keselowski,2,30.0,Running,2024-05-26,Charlotte Motor Speedway,Cup,1.5-mile,https://www.jayski.com/race-results/2024-nascar-cup-series-race-results/coca-cola-600/,88.4,6.1,False
William Byron,3,2.0,Running,2024-05-26,Charlotte Motor Speedway,Cup,1.5-mile,https://www.jayski.com/race-results/2024-nascar-cup-series-race-results/coca-cola-600/,88.4,6.1,False
Tyler Reddick,4,8.0,Running,2024-05-26,Charlotte Motor Speedway,Cup,1.5-mile,https://www.jayski.com/race-results/2024-nascar-cup-series-race-results/coca-cola-600/,88.4,6.1,False
Denny Hamlin,5,11.0,Running,2024-05-26,Charlotte Motor Speedway,Cup,1.5-mile,https://www.jayski.com/race-results/2024-nascar-cup-series-race-results/coca-cola-600/,88.4,6.1,False
Ty Gibbs,6,1.0,Running,2024-05-26,Charlotte Motor Speedway,Cup,1.5-mile,https://www.jayski.com/race-results/2024-nascar-cup-series-race-results/coca-cola-600/,88.4,6.1,False
Chase Elliott,7,5.0,Running,2024-05-26,Charlotte Motor Speedway,Cup,1.5-mile,https://www.jayski.com/race-results/2024-nascar-cup-series-race-results/coca-cola-600/,88.4,6.1,False
Ross Chastain,8,7.0,Running,2024-05-26,Charlotte Motor Speedway,Cup,1.5-mile,https://www.jayski.com/race-results/2024-nascar-cup-series-race-results/coca-cola-600/,88.4,6.1,False
Alex Bowman,9,6.0,Running,2024-05-26,Charlotte Motor Speedway,Cup,1.5-mile,https://www.jayski.com/race-results/2024-nascar-cup-series-race-results/coca-cola-600/,88.4,6.1,False
Josh Berry,10,13.0,Running,2024-05-26,Charlotte Motor Speedway,Cup,1.5-mile,https://www.jayski.com/race-results/2024-nascar-cup-series-race-results/coca-cola-600/,88.4,6.1,False
Bubba Wallace,11,12.0,Running,2024-05-26,Charlotte Motor Speedway,Cup,1.5-mile,https://www.jayski.com/race-results/2024-nascar-cup-series-race-results/coca-cola-600/,88.4,6.1,False
Martin Truex Jr.,12,4.0,Running,2024-05-26,Charlotte Motor Speedway,Cup,1.5-mile,https://www.jayski.com/race-results/2024-nascar-cup-series-race-results/coca-cola-600/,88.4,6.1,False
Justin Allgaier,13,10.0,Running,2024-05-26,Charlotte Motor Speedway,Cup,1.5-mile,https://www.jayski.com/race-results/2024-nascar-cup-series-race-results/coca-cola-600/,88.4,6.1,False
Joey Logano,14,28.0,Running,2024-05-26,Charlotte Motor Speedway,Cup,1.5-mile,https://www.jayski.com/race-results/2024-nascar-cup-series-race-results/coca-cola-600/,88.4,6.1,False
Kyle Busch,15,15.0,Running,2024-05-26,Charlotte Motor Speedway,Cup,1.5-mile,https://www.jayski.com/race-results/2024-nascar-cup-series-race-results/coca-cola-600/,88.4,6.1,False
Michael McDowell,16,9.0,Running,2024-05-26,Charlotte Motor Speedway,Cup,1.5-mile,https://www.jayski.com/race-results/2024-nascar-cup-series-race-results/coca-cola-600/,88.4,6.1,False
Todd Gilliland,17,35.0,Running,2024-05-26,Charlotte Motor Speedway,Cup,1.5-mile,https://www.jayski.com/race-results/2024-nascar-cup-series-race-results/coca-cola-600/,88.4,6.1,False
Daniel Hemric,18,24.0,Running,2024-05-26,Charlotte Motor Speedway,Cup,1.5-mile,https://www.jayski.com/race-results/2024-nascar-cup-series-race-results/coca-cola-600/,88.4,6.1,False
Erik Jones,19,34.0,Running,2024-05-26,Charlotte Motor Speedway,Cup,1.5-mile,https://www.jayski.com/race-results/2024-nascar-cup-series-race-results/coca-cola-600/,88.4,6.1,False
Austin Cindric,20,17.0,Running,2024-05-26,Charlotte Motor Speedway,Cup,1.5-mile,https://www.jayski.com/race-results/2024-nascar-cup-series-race-results/coca-cola-600/,88.4,6.1,False
Carson Hocevar,21,20.0,Running,2024-05-26,Charlotte Motor Speedway,Cup,1.5-mile,https://www.jayski.com/race-results/2024-nascar-cup-series-race-results/coca-cola-600/,88.4,6.1,False
Justin Haley,22,22.0,Running,2024-05-26,Charlotte Motor Speedway,Cup,1.5-mile,https://www.jayski.com/race-results/2024-nascar-cup-series-race-results/coca-cola-600/,88.4,6.1,False
Chris Buescher,23,39.0,Running,2024-05-26,Charlotte Motor Speedway,Cup,1.5-mile,https://www.jayski.com/race-results/2024-nascar-cup-series-race-results/coca-cola-600/,88.4,6.1,False
Daniel Suarez,24,14.0,Running,2024-05-26,Charlotte Motor Speedway,Cup,1.5-mile,https://www.jayski.com/race-results/2024-nascar-cup-series-race-results/coca-cola-600/,88.4,6.1,False
Chase Briscoe,25,18.0,Running,2024-05-26,Charlotte Motor Speedway,Cup,1.5-mile,https://www.jayski.com/race-results/2024-nascar-cup-series-race-results/coca-cola-600/,88.4,6.1,False
Ryan Preece,26,31.0,Running,2024-05-26,Charlotte Motor Speedway,Cup,1.5-mile,https://www.jayski.com/race-results/2024-nascar-cup-series-race-results/coca-cola-600/,88.4,6.1,False
Austin Dillon,27,27.0,Running,2024-05-26,Charlotte Motor Speedway,Cup,1.5-mile,https://www.jayski.com/race-results/2024-nascar-cup-series-race-results/coca-cola-600/,88.4,6.1,False
Shane Van Gisbergen,28,36.0,Running,2024-05-26,Charlotte Motor Speedway,Cup,1.5-mile,https://www.jayski.com/race-results/2024-nascar-cup-series-race-results/coca-cola-600/,88.4,6.1,False
Jimmie Johnson,29,29.0,Running,2024-05-26,Charlotte Motor Speedway,Cup,1.5-mile,https://www.jayski.com/race-results/2024-nascar-cup-series-race-results/coca-cola-600/,88.4,6.1,False
John Hunter Nemechek,30,26.0,Running,2024-05-26,Charlotte Motor Speedway,Cup,1.5-mile,https://www.jayski.com/race-results/2024-nascar-cup-series-race-results/coca-cola-600/,88.4,6.1,False
Ricky Stenhouse Jr.,31,23.0,Running,2024-05-26,Charlotte Motor Speedway,Cup,1.5-mile,https://www.jayski.com/race-results/2024-nascar-cup-series-race-results/coca-cola-600/,88.4,6.1,False
Harrison Burton,32,32.0,Running,2024-05-26,Charlotte Motor Speedway,Cup,1.5-mile,https://www.jayski.com/race-results/2024-nascar-cup-series-race-results/coca-cola-600/,88.4,6.1,False
Zane Smith,33,25.0,Running,2024-05-26,Charlotte Motor Speedway,Cup,1.5-mile,https://www.jayski.com/race-results/2024-nascar-cup-series-race-results/coca-cola-600/,88.4,6.1,False
Kaz Grala,34,33.0,Running,2024-05-26,Charlotte Motor Speedway,Cup,1.5-mile,https://www.jayski.com/race-results/2024-nascar-cup-series-race-results/coca-cola-600/,88.4,6.1,False
Corey LaJoie,35,21.0,Running,2024-05-26,Charlotte Motor Speedway,Cup,1.5-mile,https://www.jayski.com/race-results/2024-nascar-cup-series-race-results/coca-cola-600/,88.4,6.1,False
Ty Dillon,36,38.0,Running,2024-05-26,Charlotte Motor Speedway,Cup,1.5-mile,https://www.jayski.com/race-results/2024-nascar-cup-series-race-results/coca-cola-600/,88.4,6.1,False
BJ McLeod,37,37.0,Running,2024-05-26,Charlotte Motor Speedway,Cup,1.5-mile,https://www.jayski.com/race-results/2024-nascar-cup-series-race-results/coca-cola-600/,88.4,6.1,False
Noah Gragson,38,19.0,Accident,2024-05-26,Charlotte Motor Speedway,Cup,1.5-mile,https://www.jayski.com/race-results/2024-nascar-cup-series-race-results/coca-cola-600/,88.4,6.1,False
Ryan Blaney,39,16.0,Accident,2024-05-26,Charlotte Motor Speedway,Cup,1.5-mile,https://www.jayski.com/race-results/2024-nascar-cup-series-race-results/coca-cola-600/,88.4,6.1,False
JJ Yeley,40,40.0,Steering,2024-05-26,Charlotte Motor Speedway,Cup,1.5-mile,https://www.jayski.com/race-results/2024-nascar-cup-series-race-results/coca-cola-600/,88.4,6.1,False
Ross Chastain,1,20.0,Running,2024-09-29,Kansas Speedway,Cup,1.5-mile,https://www.jayski.com/race-results/2024-nascar-cup-series-race-results/hollywood-casino-400-presented-by-espn-bet/,78.9,5.0,False
William Byron,2,6.0,Running,2024-09-29,Kansas Speedway,Cup,1.5-mile,https://www.jayski.com/race-results/2024-nascar-cup-series-race-results/hollywood-casino-400-presented-by-espn-bet/,78.9,5.0,False
Martin Truex Jr.,3,19.0,Running,2024-09-29,Kansas Speedway,Cup,1.5-mile,https://www.jayski.com/race-results/2024-nascar-cup-series-race-results/hollywood-casino-400-presented-by-espn-bet/,78.9,5.0,False
Ryan Blaney,4,7.0,Running,2024-09-29,Kansas Speedway,Cup,1.5-mile,https://www.jayski.com/race-results/2024-nascar-cup-series-race-results/hollywood-casino-400-presented-by-espn-bet/,78.9,5.0,False
Ty Gibbs,5,2.0,Running,2024-09-29,Kansas Speedway,Cup,1.5-mile,https://www.jayski.com/race-results/2024-nascar-cup-series-race-results/hollywood-casino-400-presented-by-espn-bet/,78.9,5.0,False
Alex Bowman,6,12.0,Running,2024-09-29,Kansas Speedway,Cup,1.5-mile,https://www.jayski.com/race-results/2024-nascar-cup-series-race-results/hollywood-casino-400-presented-by-espn-bet/,78.9,5.0,False
Christopher Bell,7,1.0,Running,2024-09-29,Kansas Speedway,Cup,1.5-mile,https://www.jayski.com/race-results/2024-nascar-cup-series-race-results/hollywood-casino-400-presented-by-espn-bet/,78.9,5.0,False
Denny Hamlin,8,8.0,Running,2024-09-29,Kansas Speedway,Cup,1.5-mile,https://www.jayski.com/race-results/2024-nascar-cup-series-race-results/hollywood-casino-400-presented-by-espn-bet/,78.9,5.0,False
Chase Elliott,9,38.0,Running,2024-09-29,Kansas Speedway,Cup,1.5-mile,https://www.jayski.com/race-results/2024-nascar-cup-series-race-results/hollywood-casino-400-presented-by-espn-bet/,78.9,5.0,False
Zane Smith,10,15.0,Running,2024-09-29,Kansas Speedway,Cup,1.5-mile,https://www.jayski.com/race-results/2024-nascar-cup-series-race-results/hollywood-casino-400-presented-by-espn-bet/,78.9,5.0,False
Chris Buescher,11,25.0,Running,2024-09-29,Kansas Speedway,Cup,1.5-mile,https://www.jayski.com/race-results/2024-nascar-cup-series-race-results/hollywood-casino-400-presented-by-espn-bet/,78.9,5.0,False
Austin Dillon,12,22.0,Running,2024-09-29,Kansas Speedway,Cup,1.5-mile,https://www.jayski.com/race-results/2024-nascar-cup-series-race-results/hollywood-casino-400-presented-by-espn-bet/,78.9,5.0,False
Daniel Suarez,13,10.0,Running,2024-09-29,Kansas Speedway,Cup,1.5-mile,https://www.jayski.com/race-results/2024-nascar-cup-series-race-results/hollywood-casino-400-presented-by-espn-bet/,78.9,5.0,False
Joey Logano,14,5.0,Running,2024-09-29,Kansas Speedway,Cup,1.5-mile,https://www.jayski.com/race-results/2024-nascar-cup-series-race-results/hollywood-casino-400-presented-by-espn-bet/,78.9,5.0,False
Corey LaJoie,15,27.0,Running,2024-09-29,Kansas Speedway,Cup,1.5-mile,https://www.jayski.com/race-results/2024-nascar-cup-series-race-results/hollywood-casino-400-presented-by-espn-bet/,78.9,5.0,False
Ryan Preece,16,37.0,Running,2024-09-29,Kansas Speedway,Cup,1.5-mile,https://www.jayski.com/race-results/2024-nascar-cup-series-race-results/hollywood-casino-400-presented-by-espn-bet/,78.9,5.0,False
Bubba Wallace,17,13.0,Running,2024-09-29,Kansas Speedway,Cup,1.5-mile,https://www.jayski.com/race-results/2024-nascar-cup-series-race-results/hollywood-casino-400-presented-by-espn-bet/,78.9,5.0,False
Noah Gragson,18,24.0,Running,2024-09-29,Kansas Speedway,Cup,1.5-mile,https://www.jayski.com/race-results/2024-nascar-cup-series-race-results/hollywood-casino-400-presented-by-espn-bet/,78.9,5.0,False
Kyle Busch,19,3.0,Running,2024-09-29,Kansas Speedway,Cup,1.5-mile,https://www.jayski.com/race-results/2024-nascar-cup-series-race-results/hollywood-casino-400-presented-by-espn-bet/,78.9,5.0,False
Daniel Hemric,20,30.0,Running,2024-09-29,Kansas Speedway,Cup,1.5-mile,https://www.jayski.com/race-results/2024-nascar-cup-series-race-results/hollywood-casino-400-presented-by-espn-bet/,78.9,5.0,False
Ty Dillon,21,32.0,Running,2024-09-29,Kansas Speedway,Cup,1.5-mile,https://www.jayski.com/race-results/2024-nascar-cup-series-race-results/hollywood-casino-400-presented-by-espn-bet/,78.9,5.0,False
Brad Keselowski,22,26.0,Running,2024-09-29,Kansas Speedway,Cup,1.5-mile,https://www.jayski.com/race-results/2024-nascar-cup-series-race-results/hollywood-casino-400-presented-by-espn-bet/,78.9,5.0,False
Harrison Burton,23,28.0,Running,2024-09-29,Kansas Speedway,Cup,1.5-mile,https://www.jayski.com/race-results/2024-nascar-cup-series-race-results/hollywood-casino-400-presented-by-espn-bet/,78.9,5.0,False
Chase Briscoe,24,9.0,Running,2024-09-29,Kansas Speedway,Cup,1.5-mile,https://www.jayski.com/race-results/2024-nascar-cup-series-race-results/hollywood-casino-400-presented-by-espn-bet/,78.9,5.0,False
Tyler Reddick,25,4.0,Running,2024-09-29,Kansas Speedway,Cup,1.5-mile,https://www.jayski.com/race-results/2024-nascar-cup-series-race-results/hollywood-casino-400-presented-by-espn-bet/,78.9,5.0,False
Kyle Larson,26,11.0,Running,2024-09-29,Kansas Speedway,Cup,1.5-mile,https://www.jayski.com/race-results/2024-nascar-cup-series-race-results/hollywood-casino-400-presented-by-espn-bet/,78.9,5.0,False
Todd Gilliland,27,33.0,Running,2024-09-29,Kansas Speedway,Cup,1.5-mile,https://www.jayski.com/race-results/2024-nascar-cup-series-race-results/hollywood-casino-400-presented-by-espn-bet/,78.9,5.0,False
Ricky Stenhouse Jr.,28,18.0,Running,2024-09-29,Kansas Speedway,Cup,1.5-mile,https://www.jayski.com/race-results/2024-nascar-cup-series-race-results/hollywood-casino-400-presented-by-espn-bet/,78.9,5.0,False
Michael McDowell,29,21.0,Running,2024-09-29,Kansas Speedway,Cup,1.5-mile,https://www.jayski.com/race-results/2024-nascar-cup-series-race-results/hollywood-casino-400-presented-by-espn-bet/,78.9,5.0,False
John Hunter Nemechek,30,31.0,Running,2024-09-29,Kansas Speedway,Cup,1.5-mile,https://www.jayski.com/race-results/2024-nascar-cup-series-race-results/hollywood-casino-400-presented-by-espn-bet/,78.9,5.0,False
Kaz Grala,31,34.0,Running,2024-09-29,Kansas Speedway,Cup,1.5-mile,https://www.jayski.com/race-results/2024-nascar-cup-series-race-results/hollywood-casino-400-presented-by-espn-bet/,78.9,5.0,False
Carson Hocevar,32,14.0,Running,2024-09-29,Kansas Speedway,Cup,1.5-mile,https://www.jayski.com/race-results/2024-nascar-cup-series-race-results/hollywood-casino-400-presented-by-espn-bet/,78.9,5.0,False
Justin Haley,33,23.0,Running,2024-09-29,Kansas Speedway,Cup,1.5-mile,https://www.jayski.com/race-results/2024-nascar-cup-series-race-results/hollywood-casino-400-presented-by-espn-bet/,78.9,5.0,False
Austin Cindric,34,17.0,Running,2024-09-29,Kansas Speedway,Cup,1.5-mile,https://www.jayski.com/race-results/2024-nascar-cup-series-race-results/hollywood-casino-400-presented-by-espn-bet/,78.9,5.0,False
Erik Jones,35,16.0,Running,2024-09-29,Kansas Speedway,Cup,1.5-mile,https://www.jayski.com/race-results/2024-nascar-cup-series-race-results/hollywood-casino-400-presented-by-espn-bet/,78.9,5.0,False
Jimmie Johnson,36,35.0,Running,2024-09-29,Kansas Speedway,Cup,1.5-mile,https://www.jayski.com/race-results/2024-nascar-cup-series-race-results/hollywood-casino-400-presented-by-espn-bet/,78.9,5.0,False
JJ Yeley,37,36.0,Electrical,2024-09-29,Kansas Speedway,Cup,1.5-mile,https://www.jayski.com/race-results/2024-nascar-cup-series-race-results/hollywood-casino-400-presented-by-espn-bet/,78.9,5.0,False
Josh Berry,38,29.0,Accident,2024-09-29,Kansas Speedway,Cup,1.5-mile,https://www.jayski.com/race-results/2024-nascar-cup-series-race-results/hollywood-casino-400-presented-by-espn-bet/,78.9,5.0,False
Ricky Stenhouse Jr.,1,32.0,Running,2024-10-06,Talladega Superspeedway,Cup,superspeedway,https://www.jayski.com/race-results/2024-nascar-cup-series-race-results/yellawood-500/,82.1,3.7,False
Brad Keselowski,2,13.0,Running,2024-10-06,Talladega Superspeedway,Cup,superspeedway,https://www.jayski.com/race-results/2024-nascar-cup-series-race-results/yellawood-500/,82.1,3.7,False
William Byron,3,16.0,Running,2024-10-06,Talladega Superspeedway,Cup,superspeedway,https://www.jayski.com/race-results/2024-nascar-cup-series-race-results/yellawood-500/,82.1,3.7,False
Kyle Larson,4,12.0,Running,2024-10-06,Talladega Superspeedway,Cup,superspeedway,https://www.jayski.com/race-results/2024-nascar-cup-series-race-results/yellawood-500/,82.1,3.7,False
Erik Jones,5,30.0,Running,2024-10-06,Talladega Superspeedway,Cup,superspeedway,https://www.jayski.com/race-results/2024-nascar-cup-series-race-results/yellawood-500/,82.1,3.7,False
Christopher Bell,6,21.0,Running,2024-10-06,Talladega Superspeedway,Cup,superspeedway,https://www.jayski.com/race-results/2024-nascar-cup-series-race-results/yellawood-500/,82.1,3.7,False
Justin Haley,7,35.0,Running,2024-10-06,Talladega Superspeedway,Cup,superspeedway,https://www.jayski.com/race-results/2024-nascar-cup-series-race-results/yellawood-500/,82.1,3.7,False
Austin Dillon,8,7.0,Running,2024-10-06,Talladega Superspeedway,Cup,superspeedway,https://www.jayski.com/race-results/2024-nascar-cup-series-race-results/yellawood-500/,82.1,3.7,False
Bubba Wallace,9,26.0,Running,2024-10-06,Talladega Superspeedway,Cup,superspeedway,https://www.jayski.com/race-results/2024-nascar-cup-series-race-results/yellawood-500/,82.1,3.7,False
Denny Hamlin,10,8.0,Running,2024-10-06,Talladega Superspeedway,Cup,superspeedway,https://www.jayski.com/race-results/2024-nascar-cup-series-race-results/yellawood-500/,82.1,3.7,False
Martin Truex Jr.,11,24.0,Running,2024-10-06,Talladega Superspeedway,Cup,superspeedway,https://www.jayski.com/race-results/2024-nascar-cup-series-race-results/yellawood-500/,82.1,3.7,False
Cody Ware,12,34.0,Running,2024-10-06,Talladega Superspeedway,Cup,superspeedway,https://www.jayski.com/race-results/2024-nascar-cup-series-race-results/yellawood-500/,82.1,3.7,False
Ty Gibbs,13,15.0,Running,2024-10-06,Talladega Superspeedway,Cup,superspeedway,https://www.jayski.com/race-results/2024-nascar-cup-series-race-results/yellawood-500/,82.1,3.7,False
Carson Hocevar,14,37.0,Running,2024-10-06,Talladega Superspeedway,Cup,superspeedway,https://www.jayski.com/race-results/2024-nascar-cup-series-race-results/yellawood-500/,82.1,3.7,False
Shane Van Gisbergen,15,17.0,Running,2024-10-06,Talladega Superspeedway,Cup,superspeedway,https://www.jayski.com/race-results/2024-nascar-cup-series-race-results/yellawood-500/,82.1,3.7,False
Alex Bowman,16,23.0,Running,2024-10-06,Talladega Superspeedway,Cup,superspeedway,https://www.jayski.com/race-results/2024-nascar-cup-series-race-results/yellawood-500/,82.1,3.7,False
Chris Buescher,17,20.0,Running,2024-10-06,Talladega Superspeedway,Cup,superspeedway,https://www.jayski.com/race-results/2024-nascar-cup-series-race-results/yellawood-500/,82.1,3.7,False
Corey LaJoie,18,28.0,Running,2024-10-06,Talladega Superspeedway,Cup,superspeedway,https://www.jayski.com/race-results/2024-nascar-cup-series-race-results/yellawood-500/,82.1,3.7,False
Kyle Busch,19,4.0,Running,2024-10-06,Talladega Superspeedway,Cup,superspeedway,https://www.jayski.com/race-results/2024-nascar-cup-series-race-results/yellawood-500/,82.1,3.7,False
Tyler Reddick,20,14.0,Running,2024-10-06,Talladega Superspeedway,Cup,superspeedway,https://www.jayski.com/race-results/2024-nascar-cup-series-race-results/yellawood-500/,82.1,3.7,False
Zane Smith,21,39.0,Running,2024-10-06,Talladega Superspeedway,Cup,superspeedway,https://www.jayski.com/race-results/2024-nascar-cup-series-race-results/yellawood-500/,82.1,3.7,False
BJ McLeod,22,38.0,Running,2024-10-06,Talladega Superspeedway,Cup,superspeedway,https://www.jayski.com/race-results/2024-nascar-cup-series-race-results/yellawood-500/,82.1,3.7,False
Todd Gilliland,23,3.0,Running,2024-10-06,Talladega Superspeedway,Cup,superspeedway,https://www.jayski.com/race-results/2024-nascar-cup-series-race-results/yellawood-500/,82.1,3.7,False
Anthony Alfredo,24,33.0,Running,2024-10-06,Talladega Superspeedway,Cup,superspeedway,https://www.jayski.com/race-results/2024-nascar-cup-series-race-results/yellawood-500/,82.1,3.7,False
Noah Gragson,25,22.0,Running,2024-10-06,Talladega Superspeedway,Cup,superspeedway,https://www.jayski.com/race-results/2024-nascar-cup-series-race-results/yellawood-500/,82.1,3.7,False
Daniel Suarez,26,31.0,Running,2024-10-06,Talladega Superspeedway,Cup,superspeedway,https://www.jayski.com/race-results/2024-nascar-cup-series-race-results/yellawood-500/,82.1,3.7,False
JJ Yeley,27,40.0,Running,2024-10-06,Talladega Superspeedway,Cup,superspeedway,https://www.jayski.com/race-results/2024-nascar-cup-series-race-results/yellawood-500/,82.1,3.7,False
AJ Allmendinger,28,25.0,Running,2024-10-06,Talladega Superspeedway,Cup,superspeedway,https://www.jayski.com/race-results/2024-nascar-cup-series-race-results/yellawood-500/,82.1,3.7,False
Chase Elliott,29,11.0,Running,2024-10-06,Talladega Superspeedway,Cup,superspeedway,https://www.jayski.com/race-results/2024-nascar-cup-series-race-results/yellawood-500/,82.1,3.7,False
Chase Briscoe,30,36.0,Running,2024-10-06,Talladega Superspeedway,Cup,superspeedway,https://www.jayski.com/race-results/2024-nascar-cup-series-race-results/yellawood-500/,82.1,3.7,False
John Hunter Nemechek,31,29.0,Running,2024-10-06,Talladega Superspeedway,Cup,superspeedway,https://www.jayski.com/race-results/2024-nascar-cup-series-race-results/yellawood-500/,82.1,3.7,False
Austin Cindric,32,2.0,Accident,2024-10-06,Talladega Superspeedway,Cup,superspeedway,https://www.jayski.com/race-results/2024-nascar-cup-series-race-results/yellawood-500/,82.1,3.7,False
Joey Logano,33,6.0,Accident,2024-10-06,Talladega Superspeedway,Cup,superspeedway,https://www.jayski.com/race-results/2024-nascar-cup-series-race-results/yellawood-500/,82.1,3.7,False
Harrison Burton,34,9.0,Accident,2024-10-06,Talladega Superspeedway,Cup,superspeedway,https://www.jayski.com/race-results/2024-nascar-cup-series-race-results/yellawood-500/,82.1,3.7,False
Ryan Preece,35,18.0,Accident,2024-10-06,Talladega Superspeedway,Cup,superspeedway,https://www.jayski.com/race-results/2024-nascar-cup-series-race-results/yellawood-500/,82.1,3.7,False
Josh Berry,36,19.0,Accident,2024-10-06,Talladega Superspeedway,Cup,superspeedway,https://www.jayski.com/race-results/2024-nascar-cup-series-race-results/yellawood-500/,82.1,3.7,False
Michael McDowell,37,1.0,Accident,2024-10-06,Talladega Superspeedway,Cup,superspeedway,https://www.jayski.com/race-results/2024-nascar-cup-series-race-results/yellawood-500/,82.1,3.7,False
Daniel Hemric,38,10.0,Accident,2024-10-06,Talladega Superspeedway,Cup,superspeedway,https://www.jayski.com/race-results/2024-nascar-cup-series-race-results/yellawood-500/,82.1,3.7,False
Ryan Blaney,39,5.0,Accident,2024-10-06,Talladega Superspeedway,Cup,superspeedway,https://www.jayski.com/race-results/2024-nascar-cup-series-race-results/yellawood-500/,82.1,3.7,False
Ross Chastain,40,27.0,Accident,2024-10-06,Talladega Superspeedway,Cup,superspeedway,https://www.jayski.com/race-results/2024-nascar-cup-series-race-results/yellawood-500/,82.1,3.7,False
Joey Logano,1,10.0,Running,2024-10-20,Las Vegas Motor Speedway,Cup,1.5-mile,https://www.jayski.com/race-results/2024-nascar-cup-series-race-results/south-point-400/,73.4,6.2,False
Christopher Bell,2,1.0,Running,2024-10-20,Las Vegas Motor Speedway,Cup,1.5-mile,https://www.jayski.com/race-results/2024-nascar-cup-series-race-results/south-point-400/,73.4,6.2,False
Daniel Suarez,3,23.0,Running,2024-10-20,Las Vegas Motor Speedway,Cup,1.5-mile,https://www.jayski.com/race-results/2024-nascar-cup-series-race-results/south-point-400/,73.4,6.2,False
William Byron,4,9.0,Running,2024-10-20,Las Vegas Motor Speedway,Cup,1.5-mile,https://www.jayski.com/race-results/2024-nascar-cup-series-race-results/south-point-400/,73.4,6.2,False
Alex Bowman,5,3.0,Running,2024-10-20,Las Vegas Motor Speedway,Cup,1.5-mile,https://www.jayski.com/race-results/2024-nascar-cup-series-race-results/south-point-400/,73.4,6.2,False
Martin Truex Jr.,6,12.0,Running,2024-10-20,Las Vegas Motor Speedway,Cup,1.5-mile,https://www.jayski.com/race-results/2024-nascar-cup-series-race-results/south-point-400/,73.4,6.2,False
Ross Chastain,7,7.0,Running,2024-10-20,Las Vegas Motor Speedway,Cup,1.5-mile,https://www.jayski.com/race-results/2024-nascar-cup-series-race-results/south-point-400/,73.4,6.2,False
Denny Hamlin,8,4.0,Running,2024-10-20,Las Vegas Motor Speedway,Cup,1.5-mile,https://www.jayski.com/race-results/2024-nascar-cup-series-race-results/south-point-400/,73.4,6.2,False
John Hunter Nemechek,9,26.0,Running,2024-10-20,Las Vegas Motor Speedway,Cup,1.5-mile,https://www.jayski.com/race-results/2024-nascar-cup-series-race-results/south-point-400/,73.4,6.2,False
Chris Buescher,10,22.0,Running,2024-10-20,Las Vegas Motor Speedway,Cup,1.5-mile,https://www.jayski.com/race-results/2024-nascar-cup-series-race-results/south-point-400/,73.4,6.2,False
Kyle Larson,11,5.0,Running,2024-10-20,Las Vegas Motor Speedway,Cup,1.5-mile,https://www.jayski.com/race-results/2024-nascar-cup-series-race-results/south-point-400/,73.4,6.2,False
Bubba Wallace,12,19.0,Running,2024-10-20,Las Vegas Motor Speedway,Cup,1.5-mile,https://www.jayski.com/race-results/2024-nascar-cup-series-race-results/south-point-400/,73.4,6.2,False
Kyle Busch,13,20.0,Running,2024-10-20,Las Vegas Motor Speedway,Cup,1.5-mile,https://www.jayski.com/race-results/2024-nascar-cup-series-race-results/south-point-400/,73.4,6.2,False
Corey LaJoie,14,35.0,Running,2024-10-20,Las Vegas Motor Speedway,Cup,1.5-mile,https://www.jayski.com/race-results/2024-nascar-cup-series-race-results/south-point-400/,73.4,6.2,False
Harrison Burton,15,31.0,Running,2024-10-20,Las Vegas Motor Speedway,Cup,1.5-mile,https://www.jayski.com/race-results/2024-nascar-cup-series-race-results/south-point-400/,73.4,6.2,False
Zane Smith,16,14.0,Running,2024-10-20,Las Vegas Motor Speedway,Cup,1.5-mile,https://www.jayski.com/race-results/2024-nascar-cup-series-race-results/south-point-400/,73.4,6.2,False
Justin Haley,17,16.0,Running,2024-10-20,Las Vegas Motor Speedway,Cup,1.5-mile,https://www.jayski.com/race-results/2024-nascar-cup-series-race-results/south-point-400/,73.4,6.2,False
Noah Gragson,18,21.0,Running,2024-10-20,Las Vegas Motor Speedway,Cup,1.5-mile,https://www.jayski.com/race-results/2024-nascar-cup-series-race-results/south-point-400/,73.4,6.2,False
Daniel Hemric,19,33.0,Running,2024-10-20,Las Vegas Motor Speedway,Cup,1.5-mile,https://www.jayski.com/race-results/2024-nascar-cup-series-race-results/south-point-400/,73.4,6.2,False
Michael McDowell,20,15.0,Running,2024-10-20,Las Vegas Motor Speedway,Cup,1.5-mile,https://www.jayski.com/race-results/2024-nascar-cup-series-race-results/south-point-400/,73.4,6.2,False
Cody Ware,21,36.0,Running,2024-10-20,Las Vegas Motor Speedway,Cup,1.5-mile,https://www.jayski.com/race-results/2024-nascar-cup-series-race-results/south-point-400/,73.4,6.2,False
Ryan Preece,22,32.0,Running,2024-10-20,Las Vegas Motor Speedway,Cup,1.5-mile,https://www.jayski.com/race-results/2024-nascar-cup-series-race-results/south-point-400/,73.4,6.2,False
Carson Hocevar,23,6.0,Running,2024-10-20,Las Vegas Motor Speedway,Cup,1.5-mile,https://www.jayski.com/race-results/2024-nascar-cup-series-race-results/south-point-400/,73.4,6.2,False
Josh Berry,24,28.0,Running,2024-10-20,Las Vegas Motor Speedway,Cup,1.5-mile,https://www.jayski.com/race-results/2024-nascar-cup-series-race-results/south-point-400/,73.4,6.2,False
Erik Jones,25,27.0,Running,2024-10-20,Las Vegas Motor Speedway,Cup,1.5-mile,https://www.jayski.com/race-results/2024-nascar-cup-series-race-results/south-point-400/,73.4,6.2,False
Chase Briscoe,26,24.0,Running,2024-10-20,Las Vegas Motor Speedway,Cup,1.5-mile,https://www.jayski.com/race-results/2024-nascar-cup-series-race-results/south-point-400/,73.4,6.2,False
Ricky Stenhouse Jr.,27,25.0,Running,2024-10-20,Las Vegas Motor Speedway,Cup,1.5-mile,https://www.jayski.com/race-results/2024-nascar-cup-series-race-results/south-point-400/,73.4,6.2,False
Jimmie Johnson,28,29.0,Running,2024-10-20,Las Vegas Motor Speedway,Cup,1.5-mile,https://www.jayski.com/race-results/2024-nascar-cup-series-race-results/south-point-400/,73.4,6.2,False
Shane Van Gisbergen,29,34.0,Running,2024-10-20,Las Vegas Motor Speedway,Cup,1.5-mile,https://www.jayski.com/race-results/2024-nascar-cup-series-race-results/south-point-400/,73.4,6.2,False
Ty Gibbs,30,8.0,Running,2024-10-20,Las Vegas Motor Speedway,Cup,1.5-mile,https://www.jayski.com/race-results/2024-nascar-cup-series-race-results/south-point-400/,73.4,6.2,False
Todd Gilliland,31,30.0,Running,2024-10-20,Las Vegas Motor Speedway,Cup,1.5-mile,https://www.jayski.com/race-results/2024-nascar-cup-series-race-results/south-point-400/,73.4,6.2,False
Ryan Blaney,32,37.0,Running,2024-10-20,Las Vegas Motor Speedway,Cup,1.5-mile,https://www.jayski.com/race-results/2024-nascar-cup-series-race-results/south-point-400/,73.4,6.2,False
Chase Elliott,33,18.0,Suspension,2024-10-20,Las Vegas Motor Speedway,Cup,1.5-mile,https://www.jayski.com/race-results/2024-nascar-cup-series-race-results/south-point-400/,73.4,6.2,False
Austin Cindric,34,11.0,DVP,2024-10-20,Las Vegas Motor Speedway,Cup,1.5-mile,https://www.jayski.com/race-results/2024-nascar-cup-series-race-results/south-point-400/,73.4,6.2,False
Tyler Reddick,35,2.0,Accident,2024-10-20,Las Vegas Motor Speedway,Cup,1.5-mile,https://www.jayski.com/race-results/2024-nascar-cup-series-race-results/south-point-400/,73.4,6.2,False
Brad Keselowski,36,17.0,Accident,2024-10-20,Las Vegas Motor Speedway,Cup,1.5-mile,https://www.jayski.com/race-results/2024-nascar-cup-series-race-results/south-point-400/,73.4,6.2,False
Austin Dillon,37,13.0,Accident,2024-10-20,Las Vegas Motor Speedway,Cup,1.5-mile,https://www.jayski.com/race-results/2024-nascar-cup-series-race-results/south-point-400/,73.4,6.2,False
Tyler Reddick,1,1.0,Running,2024-10-27,Homestead-Miami Speedway,Cup,1.5-mile,https://www.jayski.com/race-results/2024-nascar-cup-series-race-results/straight-talk-wireless-400/,79.2,13.9,False
Ryan Blaney,2,20.0,Running,2024-10-27,Homestead-Miami Speedway,Cup,1.5-mile,https://www.jayski.com/race-results/2024-nascar-cup-series-race-results/straight-talk-wireless-400/,79.2,13.9,False
Denny Hamlin,3,4.0,Running,2024-10-27,Homestead-Miami Speedway,Cup,1.5-mile,https://www.jayski.com/race-results/2024-nascar-cup-series-race-results/straight-talk-wireless-400/,79.2,13.9,False
Christopher Bell,4,3.0,Running,2024-10-27,Homestead-Miami Speedway,Cup,1.5-mile,https://www.jayski.com/race-results/2024-nascar-cup-series-race-results/straight-talk-wireless-400/,79.2,13.9,False
Chase Elliott,5,7.0,Running,2024-10-27,Homestead-Miami Speedway,Cup,1.5-mile,https://www.jayski.com/race-results/2024-nascar-cup-series-race-results/straight-talk-wireless-400/,79.2,13.9,False
William Byron,6,25.0,Running,2024-10-27,Homestead-Miami Speedway,Cup,1.5-mile,https://www.jayski.com/race-results/2024-nascar-cup-series-race-results/straight-talk-wireless-400/,79.2,13.9,False
Alex Bowman,7,11.0,Running,2024-10-27,Homestead-Miami Speedway,Cup,1.5-mile,https://www.jayski.com/race-results/2024-nascar-cup-series-race-results/straight-talk-wireless-400/,79.2,13.9,False
AJ Allmendinger,8,32.0,Running,2024-10-27,Homestead-Miami Speedway,Cup,1.5-mile,https://www.jayski.com/race-results/2024-nascar-cup-series-race-results/straight-talk-wireless-400/,79.2,13.9,False
Carson Hocevar,9,15.0,Running,2024-10-27,Homestead-Miami Speedway,Cup,1.5-mile,https://www.jayski.com/race-results/2024-nascar-cup-series-race-results/straight-talk-wireless-400/,79.2,13.9,False
Ryan Preece,10,35.0,Running,2024-10-27,Homestead-Miami Speedway,Cup,1.5-mile,https://www.jayski.com/race-results/2024-nascar-cup-series-race-results/straight-talk-wireless-400/,79.2,13.9,False
Josh Berry,11,12.0,Running,2024-10-27,Homestead-Miami Speedway,Cup,1.5-mile,https://www.jayski.com/race-results/2024-nascar-cup-series-race-results/straight-talk-wireless-400/,79.2,13.9,False
Chase Briscoe,12,13.0,Running,2024-10-27,Homestead-Miami Speedway,Cup,1.5-mile,https://www.jayski.com/race-results/2024-nascar-cup-series-race-results/straight-talk-wireless-400/,79.2,13.9,False
Kyle Larson,13,2.0,Running,2024-10-27,Homestead-Miami Speedway,Cup,1.5-mile,https://www.jayski.com/race-results/2024-nascar-cup-series-race-results/straight-talk-wireless-400/,79.2,13.9,False
Michael McDowell,14,24.0,Running,2024-10-27,Homestead-Miami Speedway,Cup,1.5-mile,https://www.jayski.com/race-results/2024-nascar-cup-series-race-results/straight-talk-wireless-400/,79.2,13.9,False
Chris Buescher,15,21.0,Running,2024-10-27,Homestead-Miami Speedway,Cup,1.5-mile,https://www.jayski.com/race-results/2024-nascar-cup-series-race-results/straight-talk-wireless-400/,79.2,13.9,False
Daniel Suarez,16,23.0,Running,2024-10-27,Homestead-Miami Speedway,Cup,1.5-mile,https://www.jayski.com/race-results/2024-nascar-cup-series-race-results/straight-talk-wireless-400/,79.2,13.9,False
Brad Keselowski,17,18.0,Running,2024-10-27,Homestead-Miami Speedway,Cup,1.5-mile,https://www.jayski.com/race-results/2024-nascar-cup-series-race-results/straight-talk-wireless-400/,79.2,13.9,False
Bubba Wallace,18,8.0,Running,2024-10-27,Homestead-Miami Speedway,Cup,1.5-mile,https://www.jayski.com/race-results/2024-nascar-cup-series-race-results/straight-talk-wireless-400/,79.2,13.9,False
Noah Gragson,19,16.0,Running,2024-10-27,Homestead-Miami Speedway,Cup,1.5-mile,https://www.jayski.com/race-results/2024-nascar-cup-series-race-results/straight-talk-wireless-400/,79.2,13.9,False
Todd Gilliland,20,31.0,Running,2024-10-27,Homestead-Miami Speedway,Cup,1.5-mile,https://www.jayski.com/race-results/2024-nascar-cup-series-race-results/straight-talk-wireless-400/,79.2,13.9,False
Ricky Stenhouse Jr.,21,5.0,Running,2024-10-27,Homestead-Miami Speedway,Cup,1.5-mile,https://www.jayski.com/race-results/2024-nascar-cup-series-race-results/straight-talk-wireless-400/,79.2,13.9,False
Erik Jones,22,28.0,Running,2024-10-27,Homestead-Miami Speedway,Cup,1.5-mile,https://www.jayski.com/race-results/2024-nascar-cup-series-race-results/straight-talk-wireless-400/,79.2,13.9,False
Martin Truex Jr.,23,6.0,Running,2024-10-27,Homestead-Miami Speedway,Cup,1.5-mile,https://www.jayski.com/race-results/2024-nascar-cup-series-race-results/straight-talk-wireless-400/,79.2,13.9,False
Harrison Burton,24,34.0,Running,2024-10-27,Homestead-Miami Speedway,Cup,1.5-mile,https://www.jayski.com/race-results/2024-nascar-cup-series-race-results/straight-talk-wireless-400/,79.2,13.9,False
Austin Dillon,25,30.0,Running,2024-10-27,Homestead-Miami Speedway,Cup,1.5-mile,https://www.jayski.com/race-results/2024-nascar-cup-series-race-results/straight-talk-wireless-400/,79.2,13.9,False
John Hunter Nemechek,26,29.0,Running,2024-10-27,Homestead-Miami Speedway,Cup,1.5-mile,https://www.jayski.com/race-results/2024-nascar-cup-series-race-results/straight-talk-wireless-400/,79.2,13.9,False
Austin Cindric,27,36.0,Running,2024-10-27,Homestead-Miami Speedway,Cup,1.5-mile,https://www.jayski.com/race-results/2024-nascar-cup-series-race-results/straight-talk-wireless-400/,79.2,13.9,False
Joey Logano,28,26.0,Running,2024-10-27,Homestead-Miami Speedway,Cup,1.5-mile,https://www.jayski.com/race-results/2024-nascar-cup-series-race-results/straight-talk-wireless-400/,79.2,13.9,False
Daniel Hemric,29,9.0,Running,2024-10-27,Homestead-Miami Speedway,Cup,1.5-mile,https://www.jayski.com/race-results/2024-nascar-cup-series-race-results/straight-talk-wireless-400/,79.2,13.9,False
Zane Smith,30,19.0,Running,2024-10-27,Homestead-Miami Speedway,Cup,1.5-mile,https://www.jayski.com/race-results/2024-nascar-cup-series-race-results/straight-talk-wireless-400/,79.2,13.9,False
Kyle Busch,31,17.0,Running,2024-10-27,Homestead-Miami Speedway,Cup,1.5-mile,https://www.jayski.com/race-results/2024-nascar-cup-series-race-results/straight-talk-wireless-400/,79.2,13.9,False
Kaz Grala,32,27.0,Running,2024-10-27,Homestead-Miami Speedway,Cup,1.5-mile,https://www.jayski.com/race-results/2024-nascar-cup-series-race-results/straight-talk-wireless-400/,79.2,13.9,False
Ross Chastain,33,22.0,Running,2024-10-27,Homestead-Miami Speedway,Cup,1.5-mile,https://www.jayski.com/race-results/2024-nascar-cup-series-race-results/straight-talk-wireless-400/,79.2,13.9,False
Justin Haley,34,10.0,Running,2024-10-27,Homestead-Miami Speedway,Cup,1.5-mile,https://www.jayski.com/race-results/2024-nascar-cup-series-race-results/straight-talk-wireless-400/,79.2,13.9,False
Corey LaJoie,35,33.0,Running,2024-10-27,Homestead-Miami Speedway,Cup,1.5-mile,https://www.jayski.com/race-results/2024-nascar-cup-series-race-results/straight-talk-wireless-400/,79.2,13.9,False
Ty Gibbs,36,14.0,Running,2024-10-27,Homestead-Miami Speedway,Cup,1.5-mile,https://www.jayski.com/race-results/2024-nascar-cup-series-race-results/straight-talk-wireless-400/,79.2,13.9,False
Chad Finchum,37,38.0,Running,2024-10-27,Homestead-Miami Speedway,Cup,1.5-mile,https://www.jayski.com/race-results/2024-nascar-cup-series-race-results/straight-talk-wireless-400/,79.2,13.9,False
JJ Yeley,38,37.0,Accident,2024-10-27,Homestead-Miami Speedway,Cup,1.5-mile,https://www.jayski.com/race-results/2024-nascar-cup-series-race-results/straight-talk-wireless-400/,79.2,13.9,False
Ryan Blaney,1,14.0,Running,2024-11-03,Martinsville Speedway,Cup,short,https://www.jayski.com/race-results/2024-nascar-cup-series-race-results/xfinity-500/,61.8,5.0,False
Chase Elliott,2,2.0,Running,2024-11-03,Martinsville Speedway,Cup,short,https://www.jayski.com/race-results/2024-nascar-cup-series-race-results/xfinity-500/,61.8,5.0,False
Kyle Larson,3,9.0,Running,2024-11-03,Martinsville Speedway,Cup,short,https://www.jayski.com/race-results/2024-nascar-cup-series-race-results/xfinity-500/,61.8,5.0,False
Austin Cindric,4,24.0,Running,2024-11-03,Martinsville Speedway,Cup,short,https://www.jayski.com/race-results/2024-nascar-cup-series-race-results/xfinity-500/,61.8,5.0,False
Denny Hamlin,5,37.0,Running,2024-11-03,Martinsville Speedway,Cup,short,https://www.jayski.com/race-results/2024-nascar-cup-series-race-results/xfinity-500/,61.8,5.0,False
William Byron,6,3.0,Running,2024-11-03,Martinsville Speedway,Cup,short,https://www.jayski.com/race-results/2024-nascar-cup-series-race-results/xfinity-500/,61.8,5.0,False
Austin Dillon,7,10.0,Running,2024-11-03,Martinsville Speedway,Cup,short,https://www.jayski.com/race-results/2024-nascar-cup-series-race-results/xfinity-500/,61.8,5.0,False
Ross Chastain,8,22.0,Running,2024-11-03,Martinsville Speedway,Cup,short,https://www.jayski.com/race-results/2024-nascar-cup-series-race-results/xfinity-500/,61.8,5.0,False
Brad Keselowski,9,18.0,Running,2024-11-03,Martinsville Speedway,Cup,short,https://www.jayski.com/race-results/2024-nascar-cup-series-race-results/xfinity-500/,61.8,5.0,False
Joey Logano,10,12.0,Running,2024-11-03,Martinsville Speedway,Cup,short,https://www.jayski.com/race-results/2024-nascar-cup-series-race-results/xfinity-500/,61.8,5.0,False
Noah Gragson,11,25.0,Running,2024-11-03,Martinsville Speedway,Cup,short,https://www.jayski.com/race-results/2024-nascar-cup-series-race-results/xfinity-500/,61.8,5.0,False
Shane Van Gisbergen,12,29.0,Running,2024-11-03,Martinsville Speedway,Cup,short,https://www.jayski.com/race-results/2024-nascar-cup-series-race-results/xfinity-500/,61.8,5.0,False
Alex Bowman,13,7.0,Running,2024-11-03,Martinsville Speedway,Cup,short,https://www.jayski.com/race-results/2024-nascar-cup-series-race-results/xfinity-500/,61.8,5.0,False
Ryan Preece,14,8.0,Running,2024-11-03,Martinsville Speedway,Cup,short,https://www.jayski.com/race-results/2024-nascar-cup-series-race-results/xfinity-500/,61.8,5.0,False
Chase Briscoe,15,4.0,Running,2024-11-03,Martinsville Speedway,Cup,short,https://www.jayski.com/race-results/2024-nascar-cup-series-race-results/xfinity-500/,61.8,5.0,False
Josh Berry,16,11.0,Running,2024-11-03,Martinsville Speedway,Cup,short,https://www.jayski.com/race-results/2024-nascar-cup-series-race-results/xfinity-500/,61.8,5.0,False
Daniel Hemric,17,15.0,Running,2024-11-03,Martinsville Speedway,Cup,short,https://www.jayski.com/race-results/2024-nascar-cup-series-race-results/xfinity-500/,61.8,5.0,False
Bubba Wallace,18,19.0,Running,2024-11-03,Martinsville Speedway,Cup,short,https://www.jayski.com/race-results/2024-nascar-cup-series-race-results/xfinity-500/,61.8,5.0,False
Erik Jones,19,21.0,Running,2024-11-03,Martinsville Speedway,Cup,short,https://www.jayski.com/race-results/2024-nascar-cup-series-race-results/xfinity-500/,61.8,5.0,False
Ricky Stenhouse Jr.,20,28.0,Running,2024-11-03,Martinsville Speedway,Cup,short,https://www.jayski.com/race-results/2024-nascar-cup-series-race-results/xfinity-500/,61.8,5.0,False
Zane Smith,21,36.0,Running,2024-11-03,Martinsville Speedway,Cup,short,https://www.jayski.com/race-results/2024-nascar-cup-series-race-results/xfinity-500/,61.8,5.0,False
Christopher Bell,22,16.0,Running,2024-11-03,Martinsville Speedway,Cup,short,https://www.jayski.com/race-results/2024-nascar-cup-series-race-results/xfinity-500/,61.8,5.0,False
Daniel Suarez,23,20.0,Running,2024-11-03,Martinsville Speedway,Cup,short,https://www.jayski.com/race-results/2024-nascar-cup-series-race-results/xfinity-500/,61.8,5.0,False
Martin Truex Jr.,24,1.0,Running,2024-11-03,Martinsville Speedway,Cup,short,https://www.jayski.com/race-results/2024-nascar-cup-series-race-results/xfinity-500/,61.8,5.0,False
Carson Hocevar,25,27.0,Running,2024-11-03,Martinsville Speedway,Cup,short,https://www.jayski.com/race-results/2024-nascar-cup-series-race-results/xfinity-500/,61.8,5.0,False
Todd Gilliland,26,13.0,Running,2024-11-03,Martinsville Speedway,Cup,short,https://www.jayski.com/race-results/2024-nascar-cup-series-race-results/xfinity-500/,61.8,5.0,False
Kaz Grala,27,33.0,Running,2024-11-03,Martinsville Speedway,Cup,short,https://www.jayski.com/race-results/2024-nascar-cup-series-race-results/xfinity-500/,61.8,5.0,False
Kyle Busch,28,23.0,Running,2024-11-03,Martinsville Speedway,Cup,short,https://www.jayski.com/race-results/2024-nascar-cup-series-race-results/xfinity-500/,61.8,5.0,False
Justin Haley,29,30.0,Running,2024-11-03,Martinsville Speedway,Cup,short,https://www.jayski.com/race-results/2024-nascar-cup-series-race-results/xfinity-500/,61.8,5.0,False
Chris Buescher,30,26.0,Running,2024-11-03,Martinsville Speedway,Cup,short,https://www.jayski.com/race-results/2024-nascar-cup-series-race-results/xfinity-500/,61.8,5.0,False
John Hunter Nemechek,31,32.0,Running,2024-11-03,Martinsville Speedway,Cup,short,https://www.jayski.com/race-results/2024-nascar-cup-series-race-results/xfinity-500/,61.8,5.0,False
Ty Gibbs,32,5.0,Running,2024-11-03,Martinsville Speedway,Cup,short,https://www.jayski.com/race-results/2024-nascar-cup-series-race-results/xfinity-500/,61.8,5.0,False
Michael McDowell,33,17.0,Running,2024-11-03,Martinsville Speedway,Cup,short,https://www.jayski.com/race-results/2024-nascar-cup-series-race-results/xfinity-500/,61.8,5.0,False
Tyler Reddick,34,31.0,Brakes,2024-11-03,Martinsville Speedway,Cup,short,https://www.jayski.com/race-results/2024-nascar-cup-series-race-results/xfinity-500/,61.8,5.0,False
Corey LaJoie,35,34.0,Oil Pressure,2024-11-03,Martinsville Speedway,Cup,short,https://www.jayski.com/race-results/2024-nascar-cup-series-race-results/xfinity-500/,61.8,5.0,False
Harrison Burton,36,6.0,Engine,2024-11-03,Martinsville Speedway,Cup,short,https://www.jayski.com/race-results/2024-nascar-cup-series-race-results/xfinity-500/,61.8,5.0,False
Josh Bilicki,37,35.0,Brakes,2024-11-03,Martinsville Speedway,Cup,short,https://www.jayski.com/race-results/2024-nascar-cup-series-race-results/xfinity-500/,61.8,5.0,False
Joey Logano,1,2.0,Running,2024-11-10,Phoenix Raceway,Cup,1-mile,https://www.jayski.com/race-results/2024-nascar-cup-series-race-results/nascar-cup-series-championship/,77.2,3.8,False
Ryan Blaney,2,17.0,Running,2024-11-10,Phoenix Raceway,Cup,1-mile,https://www.jayski.com/race-results/2024-nascar-cup-series-race-results/nascar-cup-series-championship/,77.2,3.8,False
William Byron,3,8.0,Running,2024-11-10,Phoenix Raceway,Cup,1-mile,https://www.jayski.com/race-results/2024-nascar-cup-series-race-results/nascar-cup-series-championship/,77.2,3.8,False
Kyle Larson,4,4.0,Running,2024-11-10,Phoenix Raceway,Cup,1-mile,https://www.jayski.com/race-results/2024-nascar-cup-series-race-results/nascar-cup-series-championship/,77.2,3.8,False
Christopher Bell,5,7.0,Running,2024-11-10,Phoenix Raceway,Cup,1-mile,https://www.jayski.com/race-results/2024-nascar-cup-series-race-results/nascar-cup-series-championship/,77.2,3.8,False
Tyler Reddick,6,10.0,Running,2024-11-10,Phoenix Raceway,Cup,1-mile,https://www.jayski.com/race-results/2024-nascar-cup-series-race-results/nascar-cup-series-championship/,77.2,3.8,False
Bubba Wallace,7,29.0,Running,2024-11-10,Phoenix Raceway,Cup,1-mile,https://www.jayski.com/race-results/2024-nascar-cup-series-race-results/nascar-cup-series-championship/,77.2,3.8,False
Chase Elliott,8,5.0,Running,2024-11-10,Phoenix Raceway,Cup,1-mile,https://www.jayski.com/race-results/2024-nascar-cup-series-race-results/nascar-cup-series-championship/,77.2,3.8,False
Chris Buescher,9,24.0,Running,2024-11-10,Phoenix Raceway,Cup,1-mile,https://www.jayski.com/race-results/2024-nascar-cup-series-race-results/nascar-cup-series-championship/,77.2,3.8,False
Daniel Suarez,10,34.0,Running,2024-11-10,Phoenix Raceway,Cup,1-mile,https://www.jayski.com/race-results/2024-nascar-cup-series-race-results/nascar-cup-series-championship/,77.2,3.8,False
Denny Hamlin,11,14.0,Running,2024-11-10,Phoenix Raceway,Cup,1-mile,https://www.jayski.com/race-results/2024-nascar-cup-series-race-results/nascar-cup-series-championship/,77.2,3.8,False
Noah Gragson,12,21.0,Running,2024-11-10,Phoenix Raceway,Cup,1-mile,https://www.jayski.com/race-results/2024-nascar-cup-series-race-results/nascar-cup-series-championship/,77.2,3.8,False
Austin Cindric,13,11.0,Running,2024-11-10,Phoenix Raceway,Cup,1-mile,https://www.jayski.com/race-results/2024-nascar-cup-series-race-results/nascar-cup-series-championship/,77.2,3.8,False
Alex Bowman,14,16.0,Running,2024-11-10,Phoenix Raceway,Cup,1-mile,https://www.jayski.com/race-results/2024-nascar-cup-series-race-results/nascar-cup-series-championship/,77.2,3.8,False
Brad Keselowski,15,27.0,Running,2024-11-10,Phoenix Raceway,Cup,1-mile,https://www.jayski.com/race-results/2024-nascar-cup-series-race-results/nascar-cup-series-championship/,77.2,3.8,False
Harrison Burton,16,9.0,Running,2024-11-10,Phoenix Raceway,Cup,1-mile,https://www.jayski.com/race-results/2024-nascar-cup-series-race-results/nascar-cup-series-championship/,77.2,3.8,False
Martin Truex Jr.,17,1.0,Running,2024-11-10,Phoenix Raceway,Cup,1-mile,https://www.jayski.com/race-results/2024-nascar-cup-series-race-results/nascar-cup-series-championship/,77.2,3.8,False
Carson Hocevar,18,15.0,Running,2024-11-10,Phoenix Raceway,Cup,1-mile,https://www.jayski.com/race-results/2024-nascar-cup-series-race-results/nascar-cup-series-championship/,77.2,3.8,False
Ross Chastain,19,3.0,Running,2024-11-10,Phoenix Raceway,Cup,1-mile,https://www.jayski.com/race-results/2024-nascar-cup-series-race-results/nascar-cup-series-championship/,77.2,3.8,False
Todd Gilliland,20,32.0,Running,2024-11-10,Phoenix Raceway,Cup,1-mile,https://www.jayski.com/race-results/2024-nascar-cup-series-race-results/nascar-cup-series-championship/,77.2,3.8,False
Kyle Busch,21,25.0,Running,2024-11-10,Phoenix Raceway,Cup,1-mile,https://www.jayski.com/race-results/2024-nascar-cup-series-race-results/nascar-cup-series-championship/,77.2,3.8,False
Erik Jones,22,19.0,Running,2024-11-10,Phoenix Raceway,Cup,1-mile,https://www.jayski.com/race-results/2024-nascar-cup-series-race-results/nascar-cup-series-championship/,77.2,3.8,False
Daniel Hemric,23,22.0,Running,2024-11-10,Phoenix Raceway,Cup,1-mile,https://www.jayski.com/race-results/2024-nascar-cup-series-race-results/nascar-cup-series-championship/,77.2,3.8,False
Josh Berry,24,39.0,Running,2024-11-10,Phoenix Raceway,Cup,1-mile,https://www.jayski.com/race-results/2024-nascar-cup-series-race-results/nascar-cup-series-championship/,77.2,3.8,False
Derek Kraus,25,26.0,Running,2024-11-10,Phoenix Raceway,Cup,1-mile,https://www.jayski.com/race-results/2024-nascar-cup-series-race-results/nascar-cup-series-championship/,77.2,3.8,False
Jimmie Johnson,26,23.0,Running,2024-11-10,Phoenix Raceway,Cup,1-mile,https://www.jayski.com/race-results/2024-nascar-cup-series-race-results/nascar-cup-series-championship/,77.2,3.8,False
Austin Dillon,27,36.0,Running,2024-11-10,Phoenix Raceway,Cup,1-mile,https://www.jayski.com/race-results/2024-nascar-cup-series-race-results/nascar-cup-series-championship/,77.2,3.8,False
Justin Haley,28,13.0,Running,2024-11-10,Phoenix Raceway,Cup,1-mile,https://www.jayski.com/race-results/2024-nascar-cup-series-race-results/nascar-cup-series-championship/,77.2,3.8,False
Chase Briscoe,29,12.0,Running,2024-11-10,Phoenix Raceway,Cup,1-mile,https://www.jayski.com/race-results/2024-nascar-cup-series-race-results/nascar-cup-series-championship/,77.2,3.8,False
John Hunter Nemechek,30,18.0,Running,2024-11-10,Phoenix Raceway,Cup,1-mile,https://www.jayski.com/race-results/2024-nascar-cup-series-race-results/nascar-cup-series-championship/,77.2,3.8,False
Michael McDowell,31,35.0,Running,2024-11-10,Phoenix Raceway,Cup,1-mile,https://www.jayski.com/race-results/2024-nascar-cup-series-race-results/nascar-cup-series-championship/,77.2,3.8,False
Corey LaJoie,32,20.0,Running,2024-11-10,Phoenix Raceway,Cup,1-mile,https://www.jayski.com/race-results/2024-nascar-cup-series-race-results/nascar-cup-series-championship/,77.2,3.8,False
Ricky Stenhouse Jr.,33,30.0,Running,2024-11-10,Phoenix Raceway,Cup,1-mile,https://www.jayski.com/race-results/2024-nascar-cup-series-race-results/nascar-cup-series-championship/,77.2,3.8,False
Kaz Grala,34,31.0,Running,2024-11-10,Phoenix Raceway,Cup,1-mile,https://www.jayski.com/race-results/2024-nascar-cup-series-race-results/nascar-cup-series-championship/,77.2,3.8,False
JJ Yeley,35,37.0,Running,2024-11-10,Phoenix Raceway,Cup,1-mile,https://www.jayski.com/race-results/2024-nascar-cup-series-race-results/nascar-cup-series-championship/,77.2,3.8,False
Chad Finchum,36,38.0,Running,2024-11-10,Phoenix Raceway,Cup,1-mile,https://www.jayski.com/race-results/2024-nascar-cup-series-race-results/nascar-cup-series-championship/,77.2,3.8,False
Ryan Preece,37,33.0,Running,2024-11-10,Phoenix Raceway,Cup,1-mile,https://www.jayski.com/race-results/2024-nascar-cup-series-race-results/nascar-cup-series-championship/,77.2,3.8,False
Jeb Burton,38,40.0,Running,2024-11-10,Phoenix Raceway,Cup,1-mile,https://www.jayski.com/race-results/2024-nascar-cup-series-race-results/nascar-cup-series-championship/,77.2,3.8,False
Zane Smith,39,28.0,Accident,2024-11-10,Phoenix Raceway,Cup,1-mile,https://www.jayski.com/race-results/2024-nascar-cup-series-race-results/nascar-cup-series-championship/,77.2,3.8,False
Ty Gibbs,40,6.0,Accident,2024-11-10,Phoenix Raceway,Cup,1-mile,https://www.jayski.com/race-results/2024-nascar-cup-series-race-results/nascar-cup-series-championship/,77.2,3.8,False
Christopher Bell,1,11.0,Running,2025-03-09,Phoenix Raceway,Cup,1-mile,https://www.jayski.com/race-results/2025-nascar-cup-series-race-results/shriners-childrens-500/,71.8,3.9,False
Denny Hamlin,2,10.0,Running,2025-03-09,Phoenix Raceway,Cup,1-mile,https://www.jayski.com/race-results/2025-nascar-cup-series-race-results/shriners-childrens-500/,71.8,3.9,False
Kyle Larson,3,17.0,Running,2025-03-09,Phoenix Raceway,Cup,1-mile,https://www.jayski.com/race-results/2025-nascar-cup-series-race-results/shriners-childrens-500/,71.8,3.9,False
Josh Berry,4,4.0,Running,2025-03-09,Phoenix Raceway,Cup,1-mile,https://www.jayski.com/race-results/2025-nascar-cup-series-race-results/shriners-childrens-500/,71.8,3.9,False
Chris Buescher,5,13.0,Running,2025-03-09,Phoenix Raceway,Cup,1-mile,https://www.jayski.com/race-results/2025-nascar-cup-series-race-results/shriners-childrens-500/,71.8,3.9,False
William Byron,6,1.0,Running,2025-03-09,Phoenix Raceway,Cup,1-mile,https://www.jayski.com/race-results/2025-nascar-cup-series-race-results/shriners-childrens-500/,71.8,3.9,False
Alex Bowman,7,32.0,Running,2025-03-09,Phoenix Raceway,Cup,1-mile,https://www.jayski.com/race-results/2025-nascar-cup-series-race-results/shriners-childrens-500/,71.8,3.9,False
Kyle Busch,8,15.0,Running,2025-03-09,Phoenix Raceway,Cup,1-mile,https://www.jayski.com/race-results/2025-nascar-cup-series-race-results/shriners-childrens-500/,71.8,3.9,False
Zane Smith,9,26.0,Running,2025-03-09,Phoenix Raceway,Cup,1-mile,https://www.jayski.com/race-results/2025-nascar-cup-series-race-results/shriners-childrens-500/,71.8,3.9,False
Chase Elliott,10,6.0,Running,2025-03-09,Phoenix Raceway,Cup,1-mile,https://www.jayski.com/race-results/2025-nascar-cup-series-race-results/shriners-childrens-500/,71.8,3.9,False
Ross Chastain,11,24.0,Running,2025-03-09,Phoenix Raceway,Cup,1-mile,https://www.jayski.com/race-results/2025-nascar-cup-series-race-results/shriners-childrens-500/,71.8,3.9,False
Austin Dillon,12,21.0,Running,2025-03-09,Phoenix Raceway,Cup,1-mile,https://www.jayski.com/race-results/2025-nascar-cup-series-race-results/shriners-childrens-500/,71.8,3.9,False
Joey Logano,13,2.0,Running,2025-03-09,Phoenix Raceway,Cup,1-mile,https://www.jayski.com/race-results/2025-nascar-cup-series-race-results/shriners-childrens-500/,71.8,3.9,False
John Hunter Nemechek,14,36.0,Running,2025-03-09,Phoenix Raceway,Cup,1-mile,https://www.jayski.com/race-results/2025-nascar-cup-series-race-results/shriners-childrens-500/,71.8,3.9,False
Ryan Preece,15,28.0,Running,2025-03-09,Phoenix Raceway,Cup,1-mile,https://www.jayski.com/race-results/2025-nascar-cup-series-race-results/shriners-childrens-500/,71.8,3.9,False
Ty Dillon,16,25.0,Running,2025-03-09,Phoenix Raceway,Cup,1-mile,https://www.jayski.com/race-results/2025-nascar-cup-series-race-results/shriners-childrens-500/,71.8,3.9,False
Todd Gilliland,17,27.0,Running,2025-03-09,Phoenix Raceway,Cup,1-mile,https://www.jayski.com/race-results/2025-nascar-cup-series-race-results/shriners-childrens-500/,71.8,3.9,False
Erik Jones,18,5.0,Running,2025-03-09,Phoenix Raceway,Cup,1-mile,https://www.jayski.com/race-results/2025-nascar-cup-series-race-results/shriners-childrens-500/,71.8,3.9,False
Austin Cindric,19,14.0,Running,2025-03-09,Phoenix Raceway,Cup,1-mile,https://www.jayski.com/race-results/2025-nascar-cup-series-race-results/shriners-childrens-500/,71.8,3.9,False
Tyler Reddick,20,9.0,Running,2025-03-09,Phoenix Raceway,Cup,1-mile,https://www.jayski.com/race-results/2025-nascar-cup-series-race-results/shriners-childrens-500/,71.8,3.9,False
Ricky Stenhouse Jr.,21,22.0,Running,2025-03-09,Phoenix Raceway,Cup,1-mile,https://www.jayski.com/race-results/2025-nascar-cup-series-race-results/shriners-childrens-500/,71.8,3.9,False
AJ Allmendinger,22,16.0,Running,2025-03-09,Phoenix Raceway,Cup,1-mile,https://www.jayski.com/race-results/2025-nascar-cup-series-race-results/shriners-childrens-500/,71.8,3.9,False
Daniel Suarez,23,31.0,Running,2025-03-09,Phoenix Raceway,Cup,1-mile,https://www.jayski.com/race-results/2025-nascar-cup-series-race-results/shriners-childrens-500/,71.8,3.9,False
Cody Ware,24,35.0,Running,2025-03-09,Phoenix Raceway,Cup,1-mile,https://www.jayski.com/race-results/2025-nascar-cup-series-race-results/shriners-childrens-500/,71.8,3.9,False
Ty Gibbs,25,34.0,Accident,2025-03-09,Phoenix Raceway,Cup,1-mile,https://www.jayski.com/race-results/2025-nascar-cup-series-race-results/shriners-childrens-500/,71.8,3.9,False
Noah Gragson,26,33.0,Running,2025-03-09,Phoenix Raceway,Cup,1-mile,https://www.jayski.com/race-results/2025-nascar-cup-series-race-results/shriners-childrens-500/,71.8,3.9,False
Michael McDowell,27,7.0,Running,2025-03-09,Phoenix Raceway,Cup,1-mile,https://www.jayski.com/race-results/2025-nascar-cup-series-race-results/shriners-childrens-500/,71.8,3.9,False
Ryan Blaney,28,12.0,Engine,2025-03-09,Phoenix Raceway,Cup,1-mile,https://www.jayski.com/race-results/2025-nascar-cup-series-race-results/shriners-childrens-500/,71.8,3.9,False
Bubba Wallace,29,19.0,Accident,2025-03-09,Phoenix Raceway,Cup,1-mile,https://www.jayski.com/race-results/2025-nascar-cup-series-race-results/shriners-childrens-500/,71.8,3.9,False
Katherine Legge,30,37.0,Accident,2025-03-09,Phoenix Raceway,Cup,1-mile,https://www.jayski.com/race-results/2025-nascar-cup-series-race-results/shriners-childrens-500/,71.8,3.9,False
Shane Van Gisbergen,31,29.0,Accident,2025-03-09,Phoenix Raceway,Cup,1-mile,https://www.jayski.com/race-results/2025-nascar-cup-series-race-results/shriners-childrens-500/,71.8,3.9,False
Cole Custer,32,23.0,Accident,2025-03-09,Phoenix Raceway,Cup,1-mile,https://www.jayski.com/race-results/2025-nascar-cup-series-race-results/shriners-childrens-500/,71.8,3.9,False
Brad Keselowski,33,20.0,Accident,2025-03-09,Phoenix Raceway,Cup,1-mile,https://www.jayski.com/race-results/2025-nascar-cup-series-race-results/shriners-childrens-500/,71.8,3.9,False
Justin Haley,34,8.0,Accident,2025-03-09,Phoenix Raceway,Cup,1-mile,https://www.jayski.com/race-results/2025-nascar-cup-series-race-results/shriners-childrens-500/,71.8,3.9,False
Chase Briscoe,35,30.0,Accident,2025-03-09,Phoenix Raceway,Cup,1-mile,https://www.jayski.com/race-results/2025-nascar-cup-series-race-results/shriners-childrens-500/,71.8,3.9,False
Carson Hocevar,36,3.0,Accident,2025-03-09,Phoenix Raceway,Cup,1-mile,https://www.jayski.com/race-results/2025-nascar-cup-series-race-results/shriners-childrens-500/,71.8,3.9,False
Riley Herbst,37,18.0,Accident,2025-03-09,Phoenix Raceway,Cup,1-mile,https://www.jayski.com/race-results/2025-nascar-cup-series-race-results/shriners-childrens-500/,71.8,3.9,False
Josh Berry,1,7.0,Running,2025-03-16,Las Vegas Motor Speedway,Cup,1.5-mile,https://www.jayski.com/race-results/2025-nascar-cup-series-race-results/pennzoil-400-presented-by-jiffy-lube/,69.5,8.9,False
Daniel Suarez,2,23.0,Running,2025-03-16,Las Vegas Motor Speedway,Cup,1.5-mile,https://www.jayski.com/race-results/2025-nascar-cup-series-race-results/pennzoil-400-presented-by-jiffy-lube/,69.5,8.9,False
Ryan Preece,3,12.0,Running,2025-03-16,Las Vegas Motor Speedway,Cup,1.5-mile,https://www.jayski.com/race-results/2025-nascar-cup-series-race-results/pennzoil-400-presented-by-jiffy-lube/,69.5,8.9,False
William Byron,4,8.0,Running,2025-03-16,Las Vegas Motor Speedway,Cup,1.5-mile,https://www.jayski.com/race-results/2025-nascar-cup-series-race-results/pennzoil-400-presented-by-jiffy-lube/,69.5,8.9,False
Ross Chastain,5,19.0,Running,2025-03-16,Las Vegas Motor Speedway,Cup,1.5-mile,https://www.jayski.com/race-results/2025-nascar-cup-series-race-results/pennzoil-400-presented-by-jiffy-lube/,69.5,8.9,False
Austin Cindric,6,3.0,Running,2025-03-16,Las Vegas Motor Speedway,Cup,1.5-mile,https://www.jayski.com/race-results/2025-nascar-cup-series-race-results/pennzoil-400-presented-by-jiffy-lube/,69.5,8.9,False
Alex Bowman,7,6.0,Running,2025-03-16,Las Vegas Motor Speedway,Cup,1.5-mile,https://www.jayski.com/race-results/2025-nascar-cup-series-race-results/pennzoil-400-presented-by-jiffy-lube/,69.5,8.9,False
AJ Allmendinger,8,18.0,Running,2025-03-16,Las Vegas Motor Speedway,Cup,1.5-mile,https://www.jayski.com/race-results/2025-nascar-cup-series-race-results/pennzoil-400-presented-by-jiffy-lube/,69.5,8.9,False
Kyle Larson,9,10.0,Running,2025-03-16,Las Vegas Motor Speedway,Cup,1.5-mile,https://www.jayski.com/race-results/2025-nascar-cup-series-race-results/pennzoil-400-presented-by-jiffy-lube/,69.5,8.9,False
Chase Elliott,10,16.0,Running,2025-03-16,Las Vegas Motor Speedway,Cup,1.5-mile,https://www.jayski.com/race-results/2025-nascar-cup-series-race-results/pennzoil-400-presented-by-jiffy-lube/,69.5,8.9,False
Brad Keselowski,11,27.0,Running,2025-03-16,Las Vegas Motor Speedway,Cup,1.5-mile,https://www.jayski.com/race-results/2025-nascar-cup-series-race-results/pennzoil-400-presented-by-jiffy-lube/,69.5,8.9,False
Christopher Bell,12,13.0,Running,2025-03-16,Las Vegas Motor Speedway,Cup,1.5-mile,https://www.jayski.com/race-results/2025-nascar-cup-series-race-results/pennzoil-400-presented-by-jiffy-lube/,69.5,8.9,False
Chris Buescher,13,11.0,Running,2025-03-16,Las Vegas Motor Speedway,Cup,1.5-mile,https://www.jayski.com/race-results/2025-nascar-cup-series-race-results/pennzoil-400-presented-by-jiffy-lube/,69.5,8.9,False
Justin Haley,14,33.0,Running,2025-03-16,Las Vegas Motor Speedway,Cup,1.5-mile,https://www.jayski.com/race-results/2025-nascar-cup-series-race-results/pennzoil-400-presented-by-jiffy-lube/,69.5,8.9,False
Joey Logano,15,2.0,Running,2025-03-16,Las Vegas Motor Speedway,Cup,1.5-mile,https://www.jayski.com/race-results/2025-nascar-cup-series-race-results/pennzoil-400-presented-by-jiffy-lube/,69.5,8.9,False
Michael McDowell,16,1.0,Running,2025-03-16,Las Vegas Motor Speedway,Cup,1.5-mile,https://www.jayski.com/race-results/2025-nascar-cup-series-race-results/pennzoil-400-presented-by-jiffy-lube/,69.5,8.9,False
Chase Briscoe,17,24.0,Running,2025-03-16,Las Vegas Motor Speedway,Cup,1.5-mile,https://www.jayski.com/race-results/2025-nascar-cup-series-race-results/pennzoil-400-presented-by-jiffy-lube/,69.5,8.9,False
Ricky Stenhouse Jr.,18,31.0,Running,2025-03-16,Las Vegas Motor Speedway,Cup,1.5-mile,https://www.jayski.com/race-results/2025-nascar-cup-series-race-results/pennzoil-400-presented-by-jiffy-lube/,69.5,8.9,False
Riley Herbst,19,34.0,Running,2025-03-16,Las Vegas Motor Speedway,Cup,1.5-mile,https://www.jayski.com/race-results/2025-nascar-cup-series-race-results/pennzoil-400-presented-by-jiffy-lube/,69.5,8.9,False
John Hunter Nemechek,20,30.0,Running,2025-03-16,Las Vegas Motor Speedway,Cup,1.5-mile,https://www.jayski.com/race-results/2025-nascar-cup-series-race-results/pennzoil-400-presented-by-jiffy-lube/,69.5,8.9,False
Ty Dillon,21,17.0,Running,2025-03-16,Las Vegas Motor Speedway,Cup,1.5-mile,https://www.jayski.com/race-results/2025-nascar-cup-series-race-results/pennzoil-400-presented-by-jiffy-lube/,69.5,8.9,False
Ty Gibbs,22,29.0,Running,2025-03-16,Las Vegas Motor Speedway,Cup,1.5-mile,https://www.jayski.com/race-results/2025-nascar-cup-series-race-results/pennzoil-400-presented-by-jiffy-lube/,69.5,8.9,False
Zane Smith,23,9.0,Running,2025-03-16,Las Vegas Motor Speedway,Cup,1.5-mile,https://www.jayski.com/race-results/2025-nascar-cup-series-race-results/pennzoil-400-presented-by-jiffy-lube/,69.5,8.9,False
Tyler Reddick,24,14.0,Running,2025-03-16,Las Vegas Motor Speedway,Cup,1.5-mile,https://www.jayski.com/race-results/2025-nascar-cup-series-race-results/pennzoil-400-presented-by-jiffy-lube/,69.5,8.9,False
Denny Hamlin,25,15.0,Running,2025-03-16,Las Vegas Motor Speedway,Cup,1.5-mile,https://www.jayski.com/race-results/2025-nascar-cup-series-race-results/pennzoil-400-presented-by-jiffy-lube/,69.5,8.9,False
Cole Custer,26,26.0,Running,2025-03-16,Las Vegas Motor Speedway,Cup,1.5-mile,https://www.jayski.com/race-results/2025-nascar-cup-series-race-results/pennzoil-400-presented-by-jiffy-lube/,69.5,8.9,False
Erik Jones,27,5.0,Running,2025-03-16,Las Vegas Motor Speedway,Cup,1.5-mile,https://www.jayski.com/race-results/2025-nascar-cup-series-race-results/pennzoil-400-presented-by-jiffy-lube/,69.5,8.9,False
Bubba Wallace,28,20.0,Running,2025-03-16,Las Vegas Motor Speedway,Cup,1.5-mile,https://www.jayski.com/race-results/2025-nascar-cup-series-race-results/pennzoil-400-presented-by-jiffy-lube/,69.5,8.9,False
Todd Gilliland,29,32.0,Running,2025-03-16,Las Vegas Motor Speedway,Cup,1.5-mile,https://www.jayski.com/race-results/2025-nascar-cup-series-race-results/pennzoil-400-presented-by-jiffy-lube/,69.5,8.9,False
Carson Hocevar,30,25.0,Running,2025-03-16,Las Vegas Motor Speedway,Cup,1.5-mile,https://www.jayski.com/race-results/2025-nascar-cup-series-race-results/pennzoil-400-presented-by-jiffy-lube/,69.5,8.9,False
Noah Gragson,31,21.0,Accident,2025-03-16,Las Vegas Motor Speedway,Cup,1.5-mile,https://www.jayski.com/race-results/2025-nascar-cup-series-race-results/pennzoil-400-presented-by-jiffy-lube/,69.5,8.9,False
Austin Dillon,32,22.0,Running,2025-03-16,Las Vegas Motor Speedway,Cup,1.5-mile,https://www.jayski.com/race-results/2025-nascar-cup-series-race-results/pennzoil-400-presented-by-jiffy-lube/,69.5,8.9,False
Kyle Busch,33,4.0,Running,2025-03-16,Las Vegas Motor Speedway,Cup,1.5-mile,https://www.jayski.com/race-results/2025-nascar-cup-series-race-results/pennzoil-400-presented-by-jiffy-lube/,69.5,8.9,False
Shane Van Gisbergen,34,28.0,Accident,2025-03-16,Las Vegas Motor Speedway,Cup,1.5-mile,https://www.jayski.com/race-results/2025-nascar-cup-series-race-results/pennzoil-400-presented-by-jiffy-lube/,69.5,8.9,False
Ryan Blaney,35,36.0,Accident,2025-03-16,Las Vegas Motor Speedway,Cup,1.5-mile,https://www.jayski.com/race-results/2025-nascar-cup-series-race-results/pennzoil-400-presented-by-jiffy-lube/,69.5,8.9,False
Cody Ware,36,35.0,Accident,2025-03-16,Las Vegas Motor Speedway,Cup,1.5-mile,https://www.jayski.com/race-results/2025-nascar-cup-series-race-results/pennzoil-400-presented-by-jiffy-lube/,69.5,8.9,False
Kyle Larson,1,14.0,Running,2025-03-23,Homestead-Miami Speedway,Cup,1.5-mile,https://www.jayski.com/race-results/2025-nascar-cup-series-race-results/straight-talk-wireless-400/,77.7,8.4,False
Alex Bowman,2,1.0,Running,2025-03-23,Homestead-Miami Speedway,Cup,1.5-mile,https://www.jayski.com/race-results/2025-nascar-cup-series-race-results/straight-talk-wireless-400/,77.7,8.4,False
Bubba Wallace,3,9.0,Running,2025-03-23,Homestead-Miami Speedway,Cup,1.5-mile,https://www.jayski.com/race-results/2025-nascar-cup-series-race-results/straight-talk-wireless-400/,77.7,8.4,False
Chase Briscoe,4,4.0,Running,2025-03-23,Homestead-Miami Speedway,Cup,1.5-mile,https://www.jayski.com/race-results/2025-nascar-cup-series-race-results/straight-talk-wireless-400/,77.7,8.4,False
Denny Hamlin,5,23.0,Running,2025-03-23,Homestead-Miami Speedway,Cup,1.5-mile,https://www.jayski.com/race-results/2025-nascar-cup-series-race-results/straight-talk-wireless-400/,77.7,8.4,False
Chris Buescher,6,11.0,Running,2025-03-23,Homestead-Miami Speedway,Cup,1.5-mile,https://www.jayski.com/race-results/2025-nascar-cup-series-race-results/straight-talk-wireless-400/,77.7,8.4,False
AJ Allmendinger,7,10.0,Running,2025-03-23,Homestead-Miami Speedway,Cup,1.5-mile,https://www.jayski.com/race-results/2025-nascar-cup-series-race-results/straight-talk-wireless-400/,77.7,8.4,False
Tyler Reddick,8,20.0,Running,2025-03-23,Homestead-Miami Speedway,Cup,1.5-mile,https://www.jayski.com/race-results/2025-nascar-cup-series-race-results/straight-talk-wireless-400/,77.7,8.4,False
Ryan Preece,9,31.0,Running,2025-03-23,Homestead-Miami Speedway,Cup,1.5-mile,https://www.jayski.com/race-results/2025-nascar-cup-series-race-results/straight-talk-wireless-400/,77.7,8.4,False
Justin Haley,10,21.0,Running,2025-03-23,Homestead-Miami Speedway,Cup,1.5-mile,https://www.jayski.com/race-results/2025-nascar-cup-series-race-results/straight-talk-wireless-400/,77.7,8.4,False
Zane Smith,11,17.0,Running,2025-03-23,Homestead-Miami Speedway,Cup,1.5-mile,https://www.jayski.com/race-results/2025-nascar-cup-series-race-results/straight-talk-wireless-400/,77.7,8.4,False
William Byron,12,5.0,Running,2025-03-23,Homestead-Miami Speedway,Cup,1.5-mile,https://www.jayski.com/race-results/2025-nascar-cup-series-race-results/straight-talk-wireless-400/,77.7,8.4,False
Austin Dillon,13,30.0,Running,2025-03-23,Homestead-Miami Speedway,Cup,1.5-mile,https://www.jayski.com/race-results/2025-nascar-cup-series-race-results/straight-talk-wireless-400/,77.7,8.4,False
Joey Logano,14,12.0,Running,2025-03-23,Homestead-Miami Speedway,Cup,1.5-mile,https://www.jayski.com/race-results/2025-nascar-cup-series-race-results/straight-talk-wireless-400/,77.7,8.4,False
Erik Jones,15,28.0,Running,2025-03-23,Homestead-Miami Speedway,Cup,1.5-mile,https://www.jayski.com/race-results/2025-nascar-cup-series-race-results/straight-talk-wireless-400/,77.7,8.4,False
Noah Gragson,16,3.0,Running,2025-03-23,Homestead-Miami Speedway,Cup,1.5-mile,https://www.jayski.com/race-results/2025-nascar-cup-series-race-results/straight-talk-wireless-400/,77.7,8.4,False
Josh Berry,17,2.0,Running,2025-03-23,Homestead-Miami Speedway,Cup,1.5-mile,https://www.jayski.com/race-results/2025-nascar-cup-series-race-results/straight-talk-wireless-400/,77.7,8.4,False
Chase Elliott,18,18.0,Running,2025-03-23,Homestead-Miami Speedway,Cup,1.5-mile,https://www.jayski.com/race-results/2025-nascar-cup-series-race-results/straight-talk-wireless-400/,77.7,8.4,False
Austin Cindric,19,8.0,Running,2025-03-23,Homestead-Miami Speedway,Cup,1.5-mile,https://www.jayski.com/race-results/2025-nascar-cup-series-race-results/straight-talk-wireless-400/,77.7,8.4,False
Michael McDowell,20,26.0,Running,2025-03-23,Homestead-Miami Speedway,Cup,1.5-mile,https://www.jayski.com/race-results/2025-nascar-cup-series-race-results/straight-talk-wireless-400/,77.7,8.4,False
Kyle Busch,21,22.0,Running,2025-03-23,Homestead-Miami Speedway,Cup,1.5-mile,https://www.jayski.com/race-results/2025-nascar-cup-series-race-results/straight-talk-wireless-400/,77.7,8.4,False
Daniel Suarez,22,33.0,Running,2025-03-23,Homestead-Miami Speedway,Cup,1.5-mile,https://www.jayski.com/race-results/2025-nascar-cup-series-race-results/straight-talk-wireless-400/,77.7,8.4,False
John Hunter Nemechek,23,7.0,Running,2025-03-23,Homestead-Miami Speedway,Cup,1.5-mile,https://www.jayski.com/race-results/2025-nascar-cup-series-race-results/straight-talk-wireless-400/,77.7,8.4,False
Ricky Stenhouse Jr.,24,27.0,Running,2025-03-23,Homestead-Miami Speedway,Cup,1.5-mile,https://www.jayski.com/race-results/2025-nascar-cup-series-race-results/straight-talk-wireless-400/,77.7,8.4,False
Ty Gibbs,25,13.0,Running,2025-03-23,Homestead-Miami Speedway,Cup,1.5-mile,https://www.jayski.com/race-results/2025-nascar-cup-series-race-results/straight-talk-wireless-400/,77.7,8.4,False
Brad Keselowski,26,32.0,Running,2025-03-23,Homestead-Miami Speedway,Cup,1.5-mile,https://www.jayski.com/race-results/2025-nascar-cup-series-race-results/straight-talk-wireless-400/,77.7,8.4,False
Ty Dillon,27,34.0,Running,2025-03-23,Homestead-Miami Speedway,Cup,1.5-mile,https://www.jayski.com/race-results/2025-nascar-cup-series-race-results/straight-talk-wireless-400/,77.7,8.4,False
Cole Custer,28,24.0,Running,2025-03-23,Homestead-Miami Speedway,Cup,1.5-mile,https://www.jayski.com/race-results/2025-nascar-cup-series-race-results/straight-talk-wireless-400/,77.7,8.4,False
Christopher Bell,29,16.0,Running,2025-03-23,Homestead-Miami Speedway,Cup,1.5-mile,https://www.jayski.com/race-results/2025-nascar-cup-series-race-results/straight-talk-wireless-400/,77.7,8.4,False
Todd Gilliland,30,29.0,Running,2025-03-23,Homestead-Miami Speedway,Cup,1.5-mile,https://www.jayski.com/race-results/2025-nascar-cup-series-race-results/straight-talk-wireless-400/,77.7,8.4,False
Ross Chastain,31,25.0,Running,2025-03-23,Homestead-Miami Speedway,Cup,1.5-mile,https://www.jayski.com/race-results/2025-nascar-cup-series-race-results/straight-talk-wireless-400/,77.7,8.4,False
Shane Van Gisbergen,32,35.0,Running,2025-03-23,Homestead-Miami Speedway,Cup,1.5-mile,https://www.jayski.com/race-results/2025-nascar-cup-series-race-results/straight-talk-wireless-400/,77.7,8.4,False
Riley Herbst,33,19.0,Running,2025-03-23,Homestead-Miami Speedway,Cup,1.5-mile,https://www.jayski.com/race-results/2025-nascar-cup-series-race-results/straight-talk-wireless-400/,77.7,8.4,False
Cody Ware,34,36.0,Running,2025-03-23,Homestead-Miami Speedway,Cup,1.5-mile,https://www.jayski.com/race-results/2025-nascar-cup-series-race-results/straight-talk-wireless-400/,77.7,8.4,False
JJ Yeley,35,37.0,Running,2025-03-23,Homestead-Miami Speedway,Cup,1.5-mile,https://www.jayski.com/race-results/2025-nascar-cup-series-race-results/straight-talk-wireless-400/,77.7,8.4,False
Ryan Blaney,36,6.0,Engine,2025-03-23,Homestead-Miami Speedway,Cup,1.5-mile,https://www.jayski.com/race-results/2025-nascar-cup-series-race-results/straight-talk-wireless-400/,77.7,8.4,False
Carson Hocevar,37,15.0,Engine,2025-03-23,Homestead-Miami Speedway,Cup,1.5-mile,https://www.jayski.com/race-results/2025-nascar-cup-series-race-results/straight-talk-wireless-400/,77.7,8.4,False
Denny Hamlin,1,5.0,Running,2025-03-30,Martinsville Speedway,Cup,short,https://www.jayski.com/race-results/2025-nascar-cup-series-race-results/cook-out-400/,75.5,10.5,False
Christopher Bell,2,1.0,Running,2025-03-30,Martinsville Speedway,Cup,short,https://www.jayski.com/race-results/2025-nascar-cup-series-race-results/cook-out-400/,75.5,10.5,False
Bubba Wallace,3,8.0,Running,2025-03-30,Martinsville Speedway,Cup,short,https://www.jayski.com/race-results/2025-nascar-cup-series-race-results/cook-out-400/,75.5,10.5,False
Chase Elliott,4,2.0,Running,2025-03-30,Martinsville Speedway,Cup,short,https://www.jayski.com/race-results/2025-nascar-cup-series-race-results/cook-out-400/,75.5,10.5,False
Kyle Larson,5,4.0,Running,2025-03-30,Martinsville Speedway,Cup,short,https://www.jayski.com/race-results/2025-nascar-cup-series-race-results/cook-out-400/,75.5,10.5,False
Ross Chastain,6,17.0,Running,2025-03-30,Martinsville Speedway,Cup,short,https://www.jayski.com/race-results/2025-nascar-cup-series-race-results/cook-out-400/,75.5,10.5,False
Ryan Preece,7,21.0,Running,2025-03-30,Martinsville Speedway,Cup,short,https://www.jayski.com/race-results/2025-nascar-cup-series-race-results/cook-out-400/,75.5,10.5,False
Joey Logano,8,7.0,Running,2025-03-30,Martinsville Speedway,Cup,short,https://www.jayski.com/race-results/2025-nascar-cup-series-race-results/cook-out-400/,75.5,10.5,False
Chase Briscoe,9,11.0,Running,2025-03-30,Martinsville Speedway,Cup,short,https://www.jayski.com/race-results/2025-nascar-cup-series-race-results/cook-out-400/,75.5,10.5,False
Todd Gilliland,10,25.0,Running,2025-03-30,Martinsville Speedway,Cup,short,https://www.jayski.com/race-results/2025-nascar-cup-series-race-results/cook-out-400/,75.5,10.5,False
Ryan Blaney,11,32.0,Running,2025-03-30,Martinsville Speedway,Cup,short,https://www.jayski.com/race-results/2025-nascar-cup-series-race-results/cook-out-400/,75.5,10.5,False
Michael McDowell,12,15.0,Running,2025-03-30,Martinsville Speedway,Cup,short,https://www.jayski.com/race-results/2025-nascar-cup-series-race-results/cook-out-400/,75.5,10.5,False
Ty Gibbs,13,13.0,Running,2025-03-30,Martinsville Speedway,Cup,short,https://www.jayski.com/race-results/2025-nascar-cup-series-race-results/cook-out-400/,75.5,10.5,False
Tyler Reddick,14,9.0,Running,2025-03-30,Martinsville Speedway,Cup,short,https://www.jayski.com/race-results/2025-nascar-cup-series-race-results/cook-out-400/,75.5,10.5,False
Ty Dillon,15,28.0,Running,2025-03-30,Martinsville Speedway,Cup,short,https://www.jayski.com/race-results/2025-nascar-cup-series-race-results/cook-out-400/,75.5,10.5,False
Zane Smith,16,19.0,Running,2025-03-30,Martinsville Speedway,Cup,short,https://www.jayski.com/race-results/2025-nascar-cup-series-race-results/cook-out-400/,75.5,10.5,False
Kyle Busch,17,12.0,Running,2025-03-30,Martinsville Speedway,Cup,short,https://www.jayski.com/race-results/2025-nascar-cup-series-race-results/cook-out-400/,75.5,10.5,False
Austin Dillon,18,18.0,Running,2025-03-30,Martinsville Speedway,Cup,short,https://www.jayski.com/race-results/2025-nascar-cup-series-race-results/cook-out-400/,75.5,10.5,False
Carson Hocevar,19,29.0,Running,2025-03-30,Martinsville Speedway,Cup,short,https://www.jayski.com/race-results/2025-nascar-cup-series-race-results/cook-out-400/,75.5,10.5,False
Ricky Stenhouse Jr.,20,34.0,Running,2025-03-30,Martinsville Speedway,Cup,short,https://www.jayski.com/race-results/2025-nascar-cup-series-race-results/cook-out-400/,75.5,10.5,False
Daniel Suarez,21,26.0,Running,2025-03-30,Martinsville Speedway,Cup,short,https://www.jayski.com/race-results/2025-nascar-cup-series-race-results/cook-out-400/,75.5,10.5,False
William Byron,22,10.0,Running,2025-03-30,Martinsville Speedway,Cup,short,https://www.jayski.com/race-results/2025-nascar-cup-series-race-results/cook-out-400/,75.5,10.5,False
AJ Allmendinger,23,23.0,Running,2025-03-30,Martinsville Speedway,Cup,short,https://www.jayski.com/race-results/2025-nascar-cup-series-race-results/cook-out-400/,75.5,10.5,False
Chris Buescher,24,6.0,Running,2025-03-30,Martinsville Speedway,Cup,short,https://www.jayski.com/race-results/2025-nascar-cup-series-race-results/cook-out-400/,75.5,10.5,False
John Hunter Nemechek,25,16.0,Running,2025-03-30,Martinsville Speedway,Cup,short,https://www.jayski.com/race-results/2025-nascar-cup-series-race-results/cook-out-400/,75.5,10.5,False
Brad Keselowski,26,27.0,Running,2025-03-30,Martinsville Speedway,Cup,short,https://www.jayski.com/race-results/2025-nascar-cup-series-race-results/cook-out-400/,75.5,10.5,False
Alex Bowman,27,3.0,Running,2025-03-30,Martinsville Speedway,Cup,short,https://www.jayski.com/race-results/2025-nascar-cup-series-race-results/cook-out-400/,75.5,10.5,False
Justin Haley,28,30.0,Running,2025-03-30,Martinsville Speedway,Cup,short,https://www.jayski.com/race-results/2025-nascar-cup-series-race-results/cook-out-400/,75.5,10.5,False
Noah Gragson,29,24.0,Running,2025-03-30,Martinsville Speedway,Cup,short,https://www.jayski.com/race-results/2025-nascar-cup-series-race-results/cook-out-400/,75.5,10.5,False
Cody Ware,30,36.0,Running,2025-03-30,Martinsville Speedway,Cup,short,https://www.jayski.com/race-results/2025-nascar-cup-series-race-results/cook-out-400/,75.5,10.5,False
Riley Herbst,31,35.0,Running,2025-03-30,Martinsville Speedway,Cup,short,https://www.jayski.com/race-results/2025-nascar-cup-series-race-results/cook-out-400/,75.5,10.5,False
Josh Berry,32,14.0,Running,2025-03-30,Martinsville Speedway,Cup,short,https://www.jayski.com/race-results/2025-nascar-cup-series-race-results/cook-out-400/,75.5,10.5,False
Cole Custer,33,22.0,Running,2025-03-30,Martinsville Speedway,Cup,short,https://www.jayski.com/race-results/2025-nascar-cup-series-race-results/cook-out-400/,75.5,10.5,False
Shane Van Gisbergen,34,33.0,Running,2025-03-30,Martinsville Speedway,Cup,short,https://www.jayski.com/race-results/2025-nascar-cup-series-race-results/cook-out-400/,75.5,10.5,False
Casey Mears,35,37.0,Running,2025-03-30,Martinsville Speedway,Cup,short,https://www.jayski.com/race-results/2025-nascar-cup-series-race-results/cook-out-400/,75.5,10.5,False
Burt Myers,36,38.0,Running,2025-03-30,Martinsville Speedway,Cup,short,https://www.jayski.com/race-results/2025-nascar-cup-series-race-results/cook-out-400/,75.5,10.5,False
Austin Cindric,37,20.0,Electrical,2025-03-30,Martinsville Speedway,Cup,short,https://www.jayski.com/race-results/2025-nascar-cup-series-race-results/cook-out-400/,75.5,10.5,False
Erik Jones,38,31.0,Running,2025-03-30,Martinsville Speedway,Cup,short,https://www.jayski.com/race-results/2025-nascar-cup-series-race-results/cook-out-400/,75.5,10.5,False
Austin Cindric,1,7.0,Running,2025-04-27,Talladega Superspeedway,Cup,superspeedway,https://www.jayski.com/race-results/2025-nascar-cup-series-race-results/jack-links-500/,79.1,3.8,False
Kyle Larson,2,25.0,Running,2025-04-27,Talladega Superspeedway,Cup,superspeedway,https://www.jayski.com/race-results/2025-nascar-cup-series-race-results/jack-links-500/,79.1,3.8,False
William Byron,3,16.0,Running,2025-04-27,Talladega Superspeedway,Cup,superspeedway,https://www.jayski.com/race-results/2025-nascar-cup-series-race-results/jack-links-500/,79.1,3.8,False
Noah Gragson,4,27.0,Running,2025-04-27,Talladega Superspeedway,Cup,superspeedway,https://www.jayski.com/race-results/2025-nascar-cup-series-race-results/jack-links-500/,79.1,3.8,False
Chase Elliott,5,30.0,Running,2025-04-27,Talladega Superspeedway,Cup,superspeedway,https://www.jayski.com/race-results/2025-nascar-cup-series-race-results/jack-links-500/,79.1,3.8,False
Carson Hocevar,6,28.0,Running,2025-04-27,Talladega Superspeedway,Cup,superspeedway,https://www.jayski.com/race-results/2025-nascar-cup-series-race-results/jack-links-500/,79.1,3.8,False
Alex Bowman,7,18.0,Running,2025-04-27,Talladega Superspeedway,Cup,superspeedway,https://www.jayski.com/race-results/2025-nascar-cup-series-race-results/jack-links-500/,79.1,3.8,False
Bubba Wallace,8,20.0,Running,2025-04-27,Talladega Superspeedway,Cup,superspeedway,https://www.jayski.com/race-results/2025-nascar-cup-series-race-results/jack-links-500/,79.1,3.8,False
Daniel Suarez,9,24.0,Running,2025-04-27,Talladega Superspeedway,Cup,superspeedway,https://www.jayski.com/race-results/2025-nascar-cup-series-race-results/jack-links-500/,79.1,3.8,False
Austin Dillon,10,5.0,Running,2025-04-27,Talladega Superspeedway,Cup,superspeedway,https://www.jayski.com/race-results/2025-nascar-cup-series-race-results/jack-links-500/,79.1,3.8,False
Michael McDowell,11,14.0,Running,2025-04-27,Talladega Superspeedway,Cup,superspeedway,https://www.jayski.com/race-results/2025-nascar-cup-series-race-results/jack-links-500/,79.1,3.8,False
Ricky Stenhouse Jr.,12,35.0,Running,2025-04-27,Talladega Superspeedway,Cup,superspeedway,https://www.jayski.com/race-results/2025-nascar-cup-series-race-results/jack-links-500/,79.1,3.8,False
Cole Custer,13,12.0,Running,2025-04-27,Talladega Superspeedway,Cup,superspeedway,https://www.jayski.com/race-results/2025-nascar-cup-series-race-results/jack-links-500/,79.1,3.8,False
Tyler Reddick,14,26.0,Running,2025-04-27,Talladega Superspeedway,Cup,superspeedway,https://www.jayski.com/race-results/2025-nascar-cup-series-race-results/jack-links-500/,79.1,3.8,False
Chase Briscoe,15,17.0,Running,2025-04-27,Talladega Superspeedway,Cup,superspeedway,https://www.jayski.com/race-results/2025-nascar-cup-series-race-results/jack-links-500/,79.1,3.8,False
Todd Gilliland,16,15.0,Running,2025-04-27,Talladega Superspeedway,Cup,superspeedway,https://www.jayski.com/race-results/2025-nascar-cup-series-race-results/jack-links-500/,79.1,3.8,False
Ty Gibbs,17,10.0,Running,2025-04-27,Talladega Superspeedway,Cup,superspeedway,https://www.jayski.com/race-results/2025-nascar-cup-series-race-results/jack-links-500/,79.1,3.8,False
Erik Jones,18,34.0,Running,2025-04-27,Talladega Superspeedway,Cup,superspeedway,https://www.jayski.com/race-results/2025-nascar-cup-series-race-results/jack-links-500/,79.1,3.8,False
Zane Smith,19,1.0,Running,2025-04-27,Talladega Superspeedway,Cup,superspeedway,https://www.jayski.com/race-results/2025-nascar-cup-series-race-results/jack-links-500/,79.1,3.8,False
Ross Chastain,20,32.0,Running,2025-04-27,Talladega Superspeedway,Cup,superspeedway,https://www.jayski.com/race-results/2025-nascar-cup-series-race-results/jack-links-500/,79.1,3.8,False
Denny Hamlin,21,13.0,Running,2025-04-27,Talladega Superspeedway,Cup,superspeedway,https://www.jayski.com/race-results/2025-nascar-cup-series-race-results/jack-links-500/,79.1,3.8,False
Riley Herbst,22,23.0,Running,2025-04-27,Talladega Superspeedway,Cup,superspeedway,https://www.jayski.com/race-results/2025-nascar-cup-series-race-results/jack-links-500/,79.1,3.8,False
Ty Dillon,23,21.0,Running,2025-04-27,Talladega Superspeedway,Cup,superspeedway,https://www.jayski.com/race-results/2025-nascar-cup-series-race-results/jack-links-500/,79.1,3.8,False
AJ Allmendinger,24,19.0,Running,2025-04-27,Talladega Superspeedway,Cup,superspeedway,https://www.jayski.com/race-results/2025-nascar-cup-series-race-results/jack-links-500/,79.1,3.8,False
Justin Haley,25,37.0,Running,2025-04-27,Talladega Superspeedway,Cup,superspeedway,https://www.jayski.com/race-results/2025-nascar-cup-series-race-results/jack-links-500/,79.1,3.8,False
Josh Berry,26,8.0,Running,2025-04-27,Talladega Superspeedway,Cup,superspeedway,https://www.jayski.com/race-results/2025-nascar-cup-series-race-results/jack-links-500/,79.1,3.8,False
Kyle Busch,27,2.0,Running,2025-04-27,Talladega Superspeedway,Cup,superspeedway,https://www.jayski.com/race-results/2025-nascar-cup-series-race-results/jack-links-500/,79.1,3.8,False
Anthony Alfredo,28,31.0,Running,2025-04-27,Talladega Superspeedway,Cup,superspeedway,https://www.jayski.com/race-results/2025-nascar-cup-series-race-results/jack-links-500/,79.1,3.8,False
Shane Van Gisbergen,29,36.0,Running,2025-04-27,Talladega Superspeedway,Cup,superspeedway,https://www.jayski.com/race-results/2025-nascar-cup-series-race-results/jack-links-500/,79.1,3.8,False
John Hunter Nemechek,30,29.0,Running,2025-04-27,Talladega Superspeedway,Cup,superspeedway,https://www.jayski.com/race-results/2025-nascar-cup-series-race-results/jack-links-500/,79.1,3.8,False
Cody Ware,31,33.0,Running,2025-04-27,Talladega Superspeedway,Cup,superspeedway,https://www.jayski.com/race-results/2025-nascar-cup-series-race-results/jack-links-500/,79.1,3.8,False
JJ Yeley,32,39.0,Running,2025-04-27,Talladega Superspeedway,Cup,superspeedway,https://www.jayski.com/race-results/2025-nascar-cup-series-race-results/jack-links-500/,79.1,3.8,False
BJ McLeod,33,38.0,Overheating,2025-04-27,Talladega Superspeedway,Cup,superspeedway,https://www.jayski.com/race-results/2025-nascar-cup-series-race-results/jack-links-500/,79.1,3.8,False
Chris Buescher,34,6.0,Accident,2025-04-27,Talladega Superspeedway,Cup,superspeedway,https://www.jayski.com/race-results/2025-nascar-cup-series-race-results/jack-links-500/,79.1,3.8,False
Christopher Bell,35,11.0,Accident,2025-04-27,Talladega Superspeedway,Cup,superspeedway,https://www.jayski.com/race-results/2025-nascar-cup-series-race-results/jack-links-500/,79.1,3.8,False
Brad Keselowski,36,22.0,Accident,2025-04-27,Talladega Superspeedway,Cup,superspeedway,https://www.jayski.com/race-results/2025-nascar-cup-series-race-results/jack-links-500/,79.1,3.8,False
Ryan Blaney,37,9.0,Accident,2025-04-27,Talladega Superspeedway,Cup,superspeedway,https://www.jayski.com/race-results/2025-nascar-cup-series-race-results/jack-links-500/,79.1,3.8,False
Ryan Preece,38,4.0,Running,2025-04-27,Talladega Superspeedway,Cup,superspeedway,https://www.jayski.com/race-results/2025-nascar-cup-series-race-results/jack-links-500/,79.1,3.8,False
Joey Logano,39,3.0,Running,2025-04-27,Talladega Superspeedway,Cup,superspeedway,https://www.jayski.com/race-results/2025-nascar-cup-series-race-results/jack-links-500/,79.1,3.8,False
Joey Logano,1,27.0,Running,2025-05-04,Texas Motor Speedway,Cup,1.5-mile,https://www.jayski.com/race-results/2025-nascar-cup-series-race-results/w-rth-400-presented-by-liqui-moly/,72.2,5.7,False
Ross Chastain,2,31.0,Running,2025-05-04,Texas Motor Speedway,Cup,1.5-mile,https://www.jayski.com/race-results/2025-nascar-cup-series-race-results/w-rth-400-presented-by-liqui-moly/,72.2,5.7,False
Ryan Blaney,3,24.0,Running,2025-05-04,Texas Motor Speedway,Cup,1.5-mile,https://www.jayski.com/race-results/2025-nascar-cup-series-race-results/w-rth-400-presented-by-liqui-moly/,72.2,5.7,False
Kyle Larson,4,4.0,Running,2025-05-04,Texas Motor Speedway,Cup,1.5-mile,https://www.jayski.com/race-results/2025-nascar-cup-series-race-results/w-rth-400-presented-by-liqui-moly/,72.2,5.7,False
Erik Jones,5,14.0,Running,2025-05-04,Texas Motor Speedway,Cup,1.5-mile,https://www.jayski.com/race-results/2025-nascar-cup-series-race-results/w-rth-400-presented-by-liqui-moly/,72.2,5.7,False
Ricky Stenhouse Jr.,6,34.0,Running,2025-05-04,Texas Motor Speedway,Cup,1.5-mile,https://www.jayski.com/race-results/2025-nascar-cup-series-race-results/w-rth-400-presented-by-liqui-moly/,72.2,5.7,False
Austin Dillon,7,19.0,Running,2025-05-04,Texas Motor Speedway,Cup,1.5-mile,https://www.jayski.com/race-results/2025-nascar-cup-series-race-results/w-rth-400-presented-by-liqui-moly/,72.2,5.7,False
John Hunter Nemechek,8,28.0,Running,2025-05-04,Texas Motor Speedway,Cup,1.5-mile,https://www.jayski.com/race-results/2025-nascar-cup-series-race-results/w-rth-400-presented-by-liqui-moly/,72.2,5.7,False
Christopher Bell,9,16.0,Running,2025-05-04,Texas Motor Speedway,Cup,1.5-mile,https://www.jayski.com/race-results/2025-nascar-cup-series-race-results/w-rth-400-presented-by-liqui-moly/,72.2,5.7,False
Daniel Suarez,10,25.0,Running,2025-05-04,Texas Motor Speedway,Cup,1.5-mile,https://www.jayski.com/race-results/2025-nascar-cup-series-race-results/w-rth-400-presented-by-liqui-moly/,72.2,5.7,False
Todd Gilliland,11,32.0,Running,2025-05-04,Texas Motor Speedway,Cup,1.5-mile,https://www.jayski.com/race-results/2025-nascar-cup-series-race-results/w-rth-400-presented-by-liqui-moly/,72.2,5.7,False
Ty Dillon,12,23.0,Running,2025-05-04,Texas Motor Speedway,Cup,1.5-mile,https://www.jayski.com/race-results/2025-nascar-cup-series-race-results/w-rth-400-presented-by-liqui-moly/,72.2,5.7,False
William Byron,13,2.0,Running,2025-05-04,Texas Motor Speedway,Cup,1.5-mile,https://www.jayski.com/race-results/2025-nascar-cup-series-race-results/w-rth-400-presented-by-liqui-moly/,72.2,5.7,False
Riley Herbst,14,21.0,Running,2025-05-04,Texas Motor Speedway,Cup,1.5-mile,https://www.jayski.com/race-results/2025-nascar-cup-series-race-results/w-rth-400-presented-by-liqui-moly/,72.2,5.7,False
Justin Haley,15,15.0,Running,2025-05-04,Texas Motor Speedway,Cup,1.5-mile,https://www.jayski.com/race-results/2025-nascar-cup-series-race-results/w-rth-400-presented-by-liqui-moly/,72.2,5.7,False
Chase Elliott,16,29.0,Running,2025-05-04,Texas Motor Speedway,Cup,1.5-mile,https://www.jayski.com/race-results/2025-nascar-cup-series-race-results/w-rth-400-presented-by-liqui-moly/,72.2,5.7,False
Zane Smith,17,13.0,Running,2025-05-04,Texas Motor Speedway,Cup,1.5-mile,https://www.jayski.com/race-results/2025-nascar-cup-series-race-results/w-rth-400-presented-by-liqui-moly/,72.2,5.7,False
Chris Buescher,18,12.0,Running,2025-05-04,Texas Motor Speedway,Cup,1.5-mile,https://www.jayski.com/race-results/2025-nascar-cup-series-race-results/w-rth-400-presented-by-liqui-moly/,72.2,5.7,False
Cole Custer,19,20.0,Running,2025-05-04,Texas Motor Speedway,Cup,1.5-mile,https://www.jayski.com/race-results/2025-nascar-cup-series-race-results/w-rth-400-presented-by-liqui-moly/,72.2,5.7,False
Kyle Busch,20,26.0,Running,2025-05-04,Texas Motor Speedway,Cup,1.5-mile,https://www.jayski.com/race-results/2025-nascar-cup-series-race-results/w-rth-400-presented-by-liqui-moly/,72.2,5.7,False
Tyler Reddick,21,17.0,Running,2025-05-04,Texas Motor Speedway,Cup,1.5-mile,https://www.jayski.com/race-results/2025-nascar-cup-series-race-results/w-rth-400-presented-by-liqui-moly/,72.2,5.7,False
Shane Van Gisbergen,22,37.0,Running,2025-05-04,Texas Motor Speedway,Cup,1.5-mile,https://www.jayski.com/race-results/2025-nascar-cup-series-race-results/w-rth-400-presented-by-liqui-moly/,72.2,5.7,False
Ty Gibbs,23,6.0,Running,2025-05-04,Texas Motor Speedway,Cup,1.5-mile,https://www.jayski.com/race-results/2025-nascar-cup-series-race-results/w-rth-400-presented-by-liqui-moly/,72.2,5.7,False
Carson Hocevar,24,1.0,Running,2025-05-04,Texas Motor Speedway,Cup,1.5-mile,https://www.jayski.com/race-results/2025-nascar-cup-series-race-results/w-rth-400-presented-by-liqui-moly/,72.2,5.7,False
Austin Cindric,25,3.0,Running,2025-05-04,Texas Motor Speedway,Cup,1.5-mile,https://www.jayski.com/race-results/2025-nascar-cup-series-race-results/w-rth-400-presented-by-liqui-moly/,72.2,5.7,False
Michael McDowell,26,5.0,Accident,2025-05-04,Texas Motor Speedway,Cup,1.5-mile,https://www.jayski.com/race-results/2025-nascar-cup-series-race-results/w-rth-400-presented-by-liqui-moly/,72.2,5.7,False
Chase Briscoe,27,22.0,Suspension,2025-05-04,Texas Motor Speedway,Cup,1.5-mile,https://www.jayski.com/race-results/2025-nascar-cup-series-race-results/w-rth-400-presented-by-liqui-moly/,72.2,5.7,False
Brad Keselowski,28,30.0,Accident,2025-05-04,Texas Motor Speedway,Cup,1.5-mile,https://www.jayski.com/race-results/2025-nascar-cup-series-race-results/w-rth-400-presented-by-liqui-moly/,72.2,5.7,False
Ryan Preece,29,33.0,Accident,2025-05-04,Texas Motor Speedway,Cup,1.5-mile,https://www.jayski.com/race-results/2025-nascar-cup-series-race-results/w-rth-400-presented-by-liqui-moly/,72.2,5.7,False
Cody Ware,30,36.0,Accident,2025-05-04,Texas Motor Speedway,Cup,1.5-mile,https://www.jayski.com/race-results/2025-nascar-cup-series-race-results/w-rth-400-presented-by-liqui-moly/,72.2,5.7,False
Jesse Love,31,35.0,Accident,2025-05-04,Texas Motor Speedway,Cup,1.5-mile,https://www.jayski.com/race-results/2025-nascar-cup-series-race-results/w-rth-400-presented-by-liqui-moly/,72.2,5.7,False
Josh Berry,32,7.0,Running,2025-05-04,Texas Motor Speedway,Cup,1.5-mile,https://www.jayski.com/race-results/2025-nascar-cup-series-race-results/w-rth-400-presented-by-liqui-moly/,72.2,5.7,False
Bubba Wallace,33,9.0,Accident,2025-05-04,Texas Motor Speedway,Cup,1.5-mile,https://www.jayski.com/race-results/2025-nascar-cup-series-race-results/w-rth-400-presented-by-liqui-moly/,72.2,5.7,False
Noah Gragson,34,18.0,Accident,2025-05-04,Texas Motor Speedway,Cup,1.5-mile,https://www.jayski.com/race-results/2025-nascar-cup-series-race-results/w-rth-400-presented-by-liqui-moly/,72.2,5.7,False
Alex Bowman,35,11.0,Accident,2025-05-04,Texas Motor Speedway,Cup,1.5-mile,https://www.jayski.com/race-results/2025-nascar-cup-series-race-results/w-rth-400-presented-by-liqui-moly/,72.2,5.7,False
AJ Allmendinger,36,10.0,Accident,2025-05-04,Texas Motor Speedway,Cup,1.5-mile,https://www.jayski.com/race-results/2025-nascar-cup-series-race-results/w-rth-400-presented-by-liqui-moly/,72.2,5.7,False
Chad Finchum,37,38.0,Accident,2025-05-04,Texas Motor Speedway,Cup,1.5-mile,https://www.jayski.com/race-results/2025-nascar-cup-series-race-results/w-rth-400-presented-by-liqui-moly/,72.2,5.7,False
Denny Hamlin,38,8.0,Engine,2025-05-04,Texas Motor Speedway,Cup,1.5-mile,https://www.jayski.com/race-results/2025-nascar-cup-series-race-results/w-rth-400-presented-by-liqui-moly/,72.2,5.7,False
Kyle Larson,1,1.0,Running,2025-05-11,Kansas Speedway,Cup,1.5-mile,https://www.jayski.com/race-results/2025-nascar-cup-series-race-results/adventhealth-400/,83.2,8.5,False
Christopher Bell,2,3.0,Running,2025-05-11,Kansas Speedway,Cup,1.5-mile,https://www.jayski.com/race-results/2025-nascar-cup-series-race-results/adventhealth-400/,83.2,8.5,False
Ryan Blaney,3,10.0,Running,2025-05-11,Kansas Speedway,Cup,1.5-mile,https://www.jayski.com/race-results/2025-nascar-cup-series-race-results/adventhealth-400/,83.2,8.5,False
Chase Briscoe,4,19.0,Running,2025-05-11,Kansas Speedway,Cup,1.5-mile,https://www.jayski.com/race-results/2025-nascar-cup-series-race-results/adventhealth-400/,83.2,8.5,False
Alex Bowman,5,21.0,Running,2025-05-11,Kansas Speedway,Cup,1.5-mile,https://www.jayski.com/race-results/2025-nascar-cup-series-race-results/adventhealth-400/,83.2,8.5,False
Josh Berry,6,38.0,Running,2025-05-11,Kansas Speedway,Cup,1.5-mile,https://www.jayski.com/race-results/2025-nascar-cup-series-race-results/adventhealth-400/,83.2,8.5,False
Ryan Preece,7,30.0,Running,2025-05-11,Kansas Speedway,Cup,1.5-mile,https://www.jayski.com/race-results/2025-nascar-cup-series-race-results/adventhealth-400/,83.2,8.5,False
Chris Buescher,8,2.0,Running,2025-05-11,Kansas Speedway,Cup,1.5-mile,https://www.jayski.com/race-results/2025-nascar-cup-series-race-results/adventhealth-400/,83.2,8.5,False
Joey Logano,9,5.0,Running,2025-05-11,Kansas Speedway,Cup,1.5-mile,https://www.jayski.com/race-results/2025-nascar-cup-series-race-results/adventhealth-400/,83.2,8.5,False
John Hunter Nemechek,10,17.0,Running,2025-05-11,Kansas Speedway,Cup,1.5-mile,https://www.jayski.com/race-results/2025-nascar-cup-series-race-results/adventhealth-400/,83.2,8.5,False
Austin Cindric,11,13.0,Running,2025-05-11,Kansas Speedway,Cup,1.5-mile,https://www.jayski.com/race-results/2025-nascar-cup-series-race-results/adventhealth-400/,83.2,8.5,False
Todd Gilliland,12,23.0,Running,2025-05-11,Kansas Speedway,Cup,1.5-mile,https://www.jayski.com/race-results/2025-nascar-cup-series-race-results/adventhealth-400/,83.2,8.5,False
Corey Heim,13,28.0,Running,2025-05-11,Kansas Speedway,Cup,1.5-mile,https://www.jayski.com/race-results/2025-nascar-cup-series-race-results/adventhealth-400/,83.2,8.5,False
Noah Gragson,14,24.0,Running,2025-05-11,Kansas Speedway,Cup,1.5-mile,https://www.jayski.com/race-results/2025-nascar-cup-series-race-results/adventhealth-400/,83.2,8.5,False
Chase Elliott,15,9.0,Running,2025-05-11,Kansas Speedway,Cup,1.5-mile,https://www.jayski.com/race-results/2025-nascar-cup-series-race-results/adventhealth-400/,83.2,8.5,False
Zane Smith,16,18.0,Running,2025-05-11,Kansas Speedway,Cup,1.5-mile,https://www.jayski.com/race-results/2025-nascar-cup-series-race-results/adventhealth-400/,83.2,8.5,False
Tyler Reddick,17,4.0,Running,2025-05-11,Kansas Speedway,Cup,1.5-mile,https://www.jayski.com/race-results/2025-nascar-cup-series-race-results/adventhealth-400/,83.2,8.5,False
Ross Chastain,18,26.0,Running,2025-05-11,Kansas Speedway,Cup,1.5-mile,https://www.jayski.com/race-results/2025-nascar-cup-series-race-results/adventhealth-400/,83.2,8.5,False
Ricky Stenhouse Jr.,19,27.0,Running,2025-05-11,Kansas Speedway,Cup,1.5-mile,https://www.jayski.com/race-results/2025-nascar-cup-series-race-results/adventhealth-400/,83.2,8.5,False
Shane Van Gisbergen,20,34.0,Running,2025-05-11,Kansas Speedway,Cup,1.5-mile,https://www.jayski.com/race-results/2025-nascar-cup-series-race-results/adventhealth-400/,83.2,8.5,False
Kyle Busch,21,35.0,Running,2025-05-11,Kansas Speedway,Cup,1.5-mile,https://www.jayski.com/race-results/2025-nascar-cup-series-race-results/adventhealth-400/,83.2,8.5,False
Austin Dillon,22,20.0,Running,2025-05-11,Kansas Speedway,Cup,1.5-mile,https://www.jayski.com/race-results/2025-nascar-cup-series-race-results/adventhealth-400/,83.2,8.5,False
Michael McDowell,23,11.0,Running,2025-05-11,Kansas Speedway,Cup,1.5-mile,https://www.jayski.com/race-results/2025-nascar-cup-series-race-results/adventhealth-400/,83.2,8.5,False
William Byron,24,7.0,Running,2025-05-11,Kansas Speedway,Cup,1.5-mile,https://www.jayski.com/race-results/2025-nascar-cup-series-race-results/adventhealth-400/,83.2,8.5,False
Cole Custer,25,31.0,Running,2025-05-11,Kansas Speedway,Cup,1.5-mile,https://www.jayski.com/race-results/2025-nascar-cup-series-race-results/adventhealth-400/,83.2,8.5,False
Carson Hocevar,26,22.0,Running,2025-05-11,Kansas Speedway,Cup,1.5-mile,https://www.jayski.com/race-results/2025-nascar-cup-series-race-results/adventhealth-400/,83.2,8.5,False
Riley Herbst,27,25.0,Running,2025-05-11,Kansas Speedway,Cup,1.5-mile,https://www.jayski.com/race-results/2025-nascar-cup-series-race-results/adventhealth-400/,83.2,8.5,False
Ty Gibbs,28,6.0,Running,2025-05-11,Kansas Speedway,Cup,1.5-mile,https://www.jayski.com/race-results/2025-nascar-cup-series-race-results/adventhealth-400/,83.2,8.5,False
Jesse Love,29,32.0,Running,2025-05-11,Kansas Speedway,Cup,1.5-mile,https://www.jayski.com/race-results/2025-nascar-cup-series-race-results/adventhealth-400/,83.2,8.5,False
Cody Ware,30,37.0,Running,2025-05-11,Kansas Speedway,Cup,1.5-mile,https://www.jayski.com/race-results/2025-nascar-cup-series-race-results/adventhealth-400/,83.2,8.5,False
Justin Haley,31,12.0,Running,2025-05-11,Kansas Speedway,Cup,1.5-mile,https://www.jayski.com/race-results/2025-nascar-cup-series-race-results/adventhealth-400/,83.2,8.5,False
Erik Jones,32,16.0,DVP,2025-05-11,Kansas Speedway,Cup,1.5-mile,https://www.jayski.com/race-results/2025-nascar-cup-series-race-results/adventhealth-400/,83.2,8.5,False
Bubba Wallace,33,15.0,Accident,2025-05-11,Kansas Speedway,Cup,1.5-mile,https://www.jayski.com/race-results/2025-nascar-cup-series-race-results/adventhealth-400/,83.2,8.5,False
Daniel Suarez,34,8.0,Accident,2025-05-11,Kansas Speedway,Cup,1.5-mile,https://www.jayski.com/race-results/2025-nascar-cup-series-race-results/adventhealth-400/,83.2,8.5,False
Ty Dillon,35,29.0,Accident,2025-05-11,Kansas Speedway,Cup,1.5-mile,https://www.jayski.com/race-results/2025-nascar-cup-series-race-results/adventhealth-400/,83.2,8.5,False
Denny Hamlin,36,14.0,Drivetrain,2025-05-11,Kansas Speedway,Cup,1.5-mile,https://www.jayski.com/race-results/2025-nascar-cup-series-race-results/adventhealth-400/,83.2,8.5,False
Brad Keselowski,37,36.0,Accident,2025-05-11,Kansas Speedway,Cup,1.5-mile,https://www.jayski.com/race-results/2025-nascar-cup-series-race-results/adventhealth-400/,83.2,8.5,False
AJ Allmendinger,38,33.0,Engine,2025-05-11,Kansas Speedway,Cup,1.5-mile,https://www.jayski.com/race-results/2025-nascar-cup-series-race-results/adventhealth-400/,83.2,8.5,False
Ross Chastain,1,40.0,Running,2025-05-25,Charlotte Motor Speedway,Cup,1.5-mile,https://www.jayski.com/race-results/2025-nascar-cup-series-race-results/coca-cola-600/,74.1,2.6,False
William Byron,2,3.0,Running,2025-05-25,Charlotte Motor Speedway,Cup,1.5-mile,https://www.jayski.com/race-results/2025-nascar-cup-series-race-results/coca-cola-600/,74.1,2.6,False
Chase Briscoe,3,1.0,Running,2025-05-25,Charlotte Motor Speedway,Cup,1.5-mile,https://www.jayski.com/race-results/2025-nascar-cup-series-race-results/coca-cola-600/,74.1,2.6,False
AJ Allmendinger,4,5.0,Running,2025-05-25,Charlotte Motor Speedway,Cup,1.5-mile,https://www.jayski.com/race-results/2025-nascar-cup-series-race-results/coca-cola-600/,74.1,2.6,False
Brad Keselowski,5,35.0,Running,2025-05-25,Charlotte Motor Speedway,Cup,1.5-mile,https://www.jayski.com/race-results/2025-nascar-cup-series-race-results/coca-cola-600/,74.1,2.6,False
Chase Elliott,6,22.0,Running,2025-05-25,Charlotte Motor Speedway,Cup,1.5-mile,https://www.jayski.com/race-results/2025-nascar-cup-series-race-results/coca-cola-600/,74.1,2.6,False
Michael McDowell,7,15.0,Running,2025-05-25,Charlotte Motor Speedway,Cup,1.5-mile,https://www.jayski.com/race-results/2025-nascar-cup-series-race-results/coca-cola-600/,74.1,2.6,False
Christopher Bell,8,10.0,Running,2025-05-25,Charlotte Motor Speedway,Cup,1.5-mile,https://www.jayski.com/race-results/2025-nascar-cup-series-race-results/coca-cola-600/,74.1,2.6,False
Ryan Preece,9,28.0,Running,2025-05-25,Charlotte Motor Speedway,Cup,1.5-mile,https://www.jayski.com/race-results/2025-nascar-cup-series-race-results/coca-cola-600/,74.1,2.6,False
Noah Gragson,10,8.0,Running,2025-05-25,Charlotte Motor Speedway,Cup,1.5-mile,https://www.jayski.com/race-results/2025-nascar-cup-series-race-results/coca-cola-600/,74.1,2.6,False
Ricky Stenhouse Jr.,11,11.0,Running,2025-05-25,Charlotte Motor Speedway,Cup,1.5-mile,https://www.jayski.com/race-results/2025-nascar-cup-series-race-results/coca-cola-600/,74.1,2.6,False
Josh Berry,12,18.0,Running,2025-05-25,Charlotte Motor Speedway,Cup,1.5-mile,https://www.jayski.com/race-results/2025-nascar-cup-series-race-results/coca-cola-600/,74.1,2.6,False
Erik Jones,13,27.0,Running,2025-05-25,Charlotte Motor Speedway,Cup,1.5-mile,https://www.jayski.com/race-results/2025-nascar-cup-series-race-results/coca-cola-600/,74.1,2.6,False
Shane Van Gisbergen,14,30.0,Running,2025-05-25,Charlotte Motor Speedway,Cup,1.5-mile,https://www.jayski.com/race-results/2025-nascar-cup-series-race-results/coca-cola-600/,74.1,2.6,False
Kyle Busch,15,24.0,Running,2025-05-25,Charlotte Motor Speedway,Cup,1.5-mile,https://www.jayski.com/race-results/2025-nascar-cup-series-race-results/coca-cola-600/,74.1,2.6,False
Denny Hamlin,16,20.0,Running,2025-05-25,Charlotte Motor Speedway,Cup,1.5-mile,https://www.jayski.com/race-results/2025-nascar-cup-series-race-results/coca-cola-600/,74.1,2.6,False
Joey Logano,17,16.0,Running,2025-05-25,Charlotte Motor Speedway,Cup,1.5-mile,https://www.jayski.com/race-results/2025-nascar-cup-series-race-results/coca-cola-600/,74.1,2.6,False
Todd Gilliland,18,34.0,Running,2025-05-25,Charlotte Motor Speedway,Cup,1.5-mile,https://www.jayski.com/race-results/2025-nascar-cup-series-race-results/coca-cola-600/,74.1,2.6,False
Ty Dillon,19,19.0,Running,2025-05-25,Charlotte Motor Speedway,Cup,1.5-mile,https://www.jayski.com/race-results/2025-nascar-cup-series-race-results/coca-cola-600/,74.1,2.6,False
Austin Dillon,20,26.0,Running,2025-05-25,Charlotte Motor Speedway,Cup,1.5-mile,https://www.jayski.com/race-results/2025-nascar-cup-series-race-results/coca-cola-600/,74.1,2.6,False
Cole Custer,21,29.0,Running,2025-05-25,Charlotte Motor Speedway,Cup,1.5-mile,https://www.jayski.com/race-results/2025-nascar-cup-series-race-results/coca-cola-600/,74.1,2.6,False
Chris Buescher,22,4.0,Running,2025-05-25,Charlotte Motor Speedway,Cup,1.5-mile,https://www.jayski.com/race-results/2025-nascar-cup-series-race-results/coca-cola-600/,74.1,2.6,False
Connor Zilisch,23,33.0,Running,2025-05-25,Charlotte Motor Speedway,Cup,1.5-mile,https://www.jayski.com/race-results/2025-nascar-cup-series-race-results/coca-cola-600/,74.1,2.6,False
Ty Gibbs,24,7.0,Running,2025-05-25,Charlotte Motor Speedway,Cup,1.5-mile,https://www.jayski.com/race-results/2025-nascar-cup-series-race-results/coca-cola-600/,74.1,2.6,False
Cody Ware,25,36.0,Running,2025-05-25,Charlotte Motor Speedway,Cup,1.5-mile,https://www.jayski.com/race-results/2025-nascar-cup-series-race-results/coca-cola-600/,74.1,2.6,False
Tyler Reddick,26,12.0,Running,2025-05-25,Charlotte Motor Speedway,Cup,1.5-mile,https://www.jayski.com/race-results/2025-nascar-cup-series-race-results/coca-cola-600/,74.1,2.6,False
John Hunter Nemechek,27,6.0,Running,2025-05-25,Charlotte Motor Speedway,Cup,1.5-mile,https://www.jayski.com/race-results/2025-nascar-cup-series-race-results/coca-cola-600/,74.1,2.6,False
Riley Herbst,28,31.0,Running,2025-05-25,Charlotte Motor Speedway,Cup,1.5-mile,https://www.jayski.com/race-results/2025-nascar-cup-series-race-results/coca-cola-600/,74.1,2.6,False
Alex Bowman,29,9.0,Running,2025-05-25,Charlotte Motor Speedway,Cup,1.5-mile,https://www.jayski.com/race-results/2025-nascar-cup-series-race-results/coca-cola-600/,74.1,2.6,False
Justin Haley,30,13.0,Running,2025-05-25,Charlotte Motor Speedway,Cup,1.5-mile,https://www.jayski.com/race-results/2025-nascar-cup-series-race-results/coca-cola-600/,74.1,2.6,False
Austin Cindric,31,14.0,Running,2025-05-25,Charlotte Motor Speedway,Cup,1.5-mile,https://www.jayski.com/race-results/2025-nascar-cup-series-race-results/coca-cola-600/,74.1,2.6,False
Derek Kraus,32,37.0,Running,2025-05-25,Charlotte Motor Speedway,Cup,1.5-mile,https://www.jayski.com/race-results/2025-nascar-cup-series-race-results/coca-cola-600/,74.1,2.6,False
Josh Bilicki,33,38.0,Fuel Pressure,2025-05-25,Charlotte Motor Speedway,Cup,1.5-mile,https://www.jayski.com/race-results/2025-nascar-cup-series-race-results/coca-cola-600/,74.1,2.6,False
Carson Hocevar,34,39.0,Engine,2025-05-25,Charlotte Motor Speedway,Cup,1.5-mile,https://www.jayski.com/race-results/2025-nascar-cup-series-race-results/coca-cola-600/,74.1,2.6,False
Bubba Wallace,35,32.0,Accident,2025-05-25,Charlotte Motor Speedway,Cup,1.5-mile,https://www.jayski.com/race-results/2025-nascar-cup-series-race-results/coca-cola-600/,74.1,2.6,False
Daniel Suarez,36,25.0,Accident,2025-05-25,Charlotte Motor Speedway,Cup,1.5-mile,https://www.jayski.com/race-results/2025-nascar-cup-series-race-results/coca-cola-600/,74.1,2.6,False
Kyle Larson,37,2.0,Accident,2025-05-25,Charlotte Motor Speedway,Cup,1.5-mile,https://www.jayski.com/race-results/2025-nascar-cup-series-race-results/coca-cola-600/,74.1,2.6,False
Ryan Blaney,38,21.0,Accident,2025-05-25,Charlotte Motor Speedway,Cup,1.5-mile,https://www.jayski.com/race-results/2025-nascar-cup-series-race-results/coca-cola-600/,74.1,2.6,False
Zane Smith,39,23.0,Accident,2025-05-25,Charlotte Motor Speedway,Cup,1.5-mile,https://www.jayski.com/race-results/2025-nascar-cup-series-race-results/coca-cola-600/,74.1,2.6,False
Jimmie Johnson,40,17.0,Accident,2025-05-25,Charlotte Motor Speedway,Cup,1.5-mile,https://www.jayski.com/race-results/2025-nascar-cup-series-race-results/coca-cola-600/,74.1,2.6,False
Chase Elliott,1,4.0,Running,2025-09-28,Kansas Speedway,Cup,1.5-mile,https://www.jayski.com/race-results/2025-nascar-cup-series-race-results/hollywood-casino-400-presented-by-espn-bet/,83.8,3.1,False
Denny Hamlin,2,2.0,Running,2025-09-28,Kansas Speedway,Cup,1.5-mile,https://www.jayski.com/race-results/2025-nascar-cup-series-race-results/hollywood-casino-400-presented-by-espn-bet/,83.8,3.1,False
Christopher Bell,3,5.0,Running,2025-09-28,Kansas Speedway,Cup,1.5-mile,https://www.jayski.com/race-results/2025-nascar-cup-series-race-results/hollywood-casino-400-presented-by-espn-bet/,83.8,3.1,False
Chase Briscoe,4,1.0,Running,2025-09-28,Kansas Speedway,Cup,1.5-mile,https://www.jayski.com/race-results/2025-nascar-cup-series-race-results/hollywood-casino-400-presented-by-espn-bet/,83.8,3.1,False
Bubba Wallace,5,7.0,Running,2025-09-28,Kansas Speedway,Cup,1.5-mile,https://www.jayski.com/race-results/2025-nascar-cup-series-race-results/hollywood-casino-400-presented-by-espn-bet/,83.8,3.1,False
Kyle Larson,6,3.0,Running,2025-09-28,Kansas Speedway,Cup,1.5-mile,https://www.jayski.com/race-results/2025-nascar-cup-series-race-results/hollywood-casino-400-presented-by-espn-bet/,83.8,3.1,False
Tyler Reddick,7,12.0,Running,2025-09-28,Kansas Speedway,Cup,1.5-mile,https://www.jayski.com/race-results/2025-nascar-cup-series-race-results/hollywood-casino-400-presented-by-espn-bet/,83.8,3.1,False
Brad Keselowski,8,31.0,Running,2025-09-28,Kansas Speedway,Cup,1.5-mile,https://www.jayski.com/race-results/2025-nascar-cup-series-race-results/hollywood-casino-400-presented-by-espn-bet/,83.8,3.1,False
William Byron,9,11.0,Running,2025-09-28,Kansas Speedway,Cup,1.5-mile,https://www.jayski.com/race-results/2025-nascar-cup-series-race-results/hollywood-casino-400-presented-by-espn-bet/,83.8,3.1,False
Shane Van Gisbergen,10,24.0,Running,2025-09-28,Kansas Speedway,Cup,1.5-mile,https://www.jayski.com/race-results/2025-nascar-cup-series-race-results/hollywood-casino-400-presented-by-espn-bet/,83.8,3.1,False
Ross Chastain,11,9.0,Running,2025-09-28,Kansas Speedway,Cup,1.5-mile,https://www.jayski.com/race-results/2025-nascar-cup-series-race-results/hollywood-casino-400-presented-by-espn-bet/,83.8,3.1,False
Todd Gilliland,12,23.0,Running,2025-09-28,Kansas Speedway,Cup,1.5-mile,https://www.jayski.com/race-results/2025-nascar-cup-series-race-results/hollywood-casino-400-presented-by-espn-bet/,83.8,3.1,False
Ty Dillon,13,33.0,Running,2025-09-28,Kansas Speedway,Cup,1.5-mile,https://www.jayski.com/race-results/2025-nascar-cup-series-race-results/hollywood-casino-400-presented-by-espn-bet/,83.8,3.1,False
Michael McDowell,14,21.0,Running,2025-09-28,Kansas Speedway,Cup,1.5-mile,https://www.jayski.com/race-results/2025-nascar-cup-series-race-results/hollywood-casino-400-presented-by-espn-bet/,83.8,3.1,False
Chris Buescher,15,15.0,Running,2025-09-28,Kansas Speedway,Cup,1.5-mile,https://www.jayski.com/race-results/2025-nascar-cup-series-race-results/hollywood-casino-400-presented-by-espn-bet/,83.8,3.1,False
Erik Jones,16,10.0,Running,2025-09-28,Kansas Speedway,Cup,1.5-mile,https://www.jayski.com/race-results/2025-nascar-cup-series-race-results/hollywood-casino-400-presented-by-espn-bet/,83.8,3.1,False
Daniel Suarez,17,30.0,Running,2025-09-28,Kansas Speedway,Cup,1.5-mile,https://www.jayski.com/race-results/2025-nascar-cup-series-race-results/hollywood-casino-400-presented-by-espn-bet/,83.8,3.1,False
Justin Haley,18,22.0,Running,2025-09-28,Kansas Speedway,Cup,1.5-mile,https://www.jayski.com/race-results/2025-nascar-cup-series-race-results/hollywood-casino-400-presented-by-espn-bet/,83.8,3.1,False
Kyle Busch,19,29.0,Running,2025-09-28,Kansas Speedway,Cup,1.5-mile,https://www.jayski.com/race-results/2025-nascar-cup-series-race-results/hollywood-casino-400-presented-by-espn-bet/,83.8,3.1,False
Cole Custer,20,27.0,Running,2025-09-28,Kansas Speedway,Cup,1.5-mile,https://www.jayski.com/race-results/2025-nascar-cup-series-race-results/hollywood-casino-400-presented-by-espn-bet/,83.8,3.1,False
Joey Logano,21,35.0,Running,2025-09-28,Kansas Speedway,Cup,1.5-mile,https://www.jayski.com/race-results/2025-nascar-cup-series-race-results/hollywood-casino-400-presented-by-espn-bet/,83.8,3.1,False
Riley Herbst,22,32.0,Running,2025-09-28,Kansas Speedway,Cup,1.5-mile,https://www.jayski.com/race-results/2025-nascar-cup-series-race-results/hollywood-casino-400-presented-by-espn-bet/,83.8,3.1,False
Noah Gragson,23,14.0,Running,2025-09-28,Kansas Speedway,Cup,1.5-mile,https://www.jayski.com/race-results/2025-nascar-cup-series-race-results/hollywood-casino-400-presented-by-espn-bet/,83.8,3.1,False
Ryan Blaney,24,37.0,Running,2025-09-28,Kansas Speedway,Cup,1.5-mile,https://www.jayski.com/race-results/2025-nascar-cup-series-race-results/hollywood-casino-400-presented-by-espn-bet/,83.8,3.1,False
Ty Gibbs,25,8.0,Running,2025-09-28,Kansas Speedway,Cup,1.5-mile,https://www.jayski.com/race-results/2025-nascar-cup-series-race-results/hollywood-casino-400-presented-by-espn-bet/,83.8,3.1,False
Ryan Preece,26,19.0,Running,2025-09-28,Kansas Speedway,Cup,1.5-mile,https://www.jayski.com/race-results/2025-nascar-cup-series-race-results/hollywood-casino-400-presented-by-espn-bet/,83.8,3.1,False
Austin Dillon,27,16.0,Running,2025-09-28,Kansas Speedway,Cup,1.5-mile,https://www.jayski.com/race-results/2025-nascar-cup-series-race-results/hollywood-casino-400-presented-by-espn-bet/,83.8,3.1,False
Alex Bowman,28,17.0,Running,2025-09-28,Kansas Speedway,Cup,1.5-mile,https://www.jayski.com/race-results/2025-nascar-cup-series-race-results/hollywood-casino-400-presented-by-espn-bet/,83.8,3.1,False
Carson Hocevar,29,6.0,Running,2025-09-28,Kansas Speedway,Cup,1.5-mile,https://www.jayski.com/race-results/2025-nascar-cup-series-race-results/hollywood-casino-400-presented-by-espn-bet/,83.8,3.1,False
Austin Cindric,30,26.0,Running,2025-09-28,Kansas Speedway,Cup,1.5-mile,https://www.jayski.com/race-results/2025-nascar-cup-series-race-results/hollywood-casino-400-presented-by-espn-bet/,83.8,3.1,False
Zane Smith,31,28.0,Accident,2025-09-28,Kansas Speedway,Cup,1.5-mile,https://www.jayski.com/race-results/2025-nascar-cup-series-race-results/hollywood-casino-400-presented-by-espn-bet/,83.8,3.1,False
John Hunter Nemechek,32,25.0,Accident,2025-09-28,Kansas Speedway,Cup,1.5-mile,https://www.jayski.com/race-results/2025-nascar-cup-series-race-results/hollywood-casino-400-presented-by-espn-bet/,83.8,3.1,False
Josh Berry,33,13.0,Accident,2025-09-28,Kansas Speedway,Cup,1.5-mile,https://www.jayski.com/race-results/2025-nascar-cup-series-race-results/hollywood-casino-400-presented-by-espn-bet/,83.8,3.1,False
JJ Yeley,34,36.0,Running,2025-09-28,Kansas Speedway,Cup,1.5-mile,https://www.jayski.com/race-results/2025-nascar-cup-series-race-results/hollywood-casino-400-presented-by-espn-bet/,83.8,3.1,False
Ricky Stenhouse Jr.,35,18.0,Running,2025-09-28,Kansas Speedway,Cup,1.5-mile,https://www.jayski.com/race-results/2025-nascar-cup-series-race-results/hollywood-casino-400-presented-by-espn-bet/,83.8,3.1,False
AJ Allmendinger,36,20.0,Accident,2025-09-28,Kansas Speedway,Cup,1.5-mile,https://www.jayski.com/race-results/2025-nascar-cup-series-race-results/hollywood-casino-400-presented-by-espn-bet/,83.8,3.1,False
Cody Ware,37,34.0,Accident,2025-09-28,Kansas Speedway,Cup,1.5-mile,https://www.jayski.com/race-results/2025-nascar-cup-series-race-results/hollywood-casino-400-presented-by-espn-bet/,83.8,3.1,False
Denny Hamlin,1,1.0,Running,2025-10-12,Las Vegas Motor Speedway,Cup,1.5-mile,https://www.jayski.com/race-results/2025-nascar-cup-series-race-results/south-point-400/,73.1,2.9,False
Kyle Larson,2,6.0,Running,2025-10-12,Las Vegas Motor Speedway,Cup,1.5-mile,https://www.jayski.com/race-results/2025-nascar-cup-series-race-results/south-point-400/,73.1,2.9,False
Christopher Bell,3,3.0,Running,2025-10-12,Las Vegas Motor Speedway,Cup,1.5-mile,https://www.jayski.com/race-results/2025-nascar-cup-series-race-results/south-point-400/,73.1,2.9,False
Chase Briscoe,4,2.0,Running,2025-10-12,Las Vegas Motor Speedway,Cup,1.5-mile,https://www.jayski.com/race-results/2025-nascar-cup-series-race-results/south-point-400/,73.1,2.9,False
Tyler Reddick,5,8.0,Running,2025-10-12,Las Vegas Motor Speedway,Cup,1.5-mile,https://www.jayski.com/race-results/2025-nascar-cup-series-race-results/south-point-400/,73.1,2.9,False
Joey Logano,6,9.0,Running,2025-10-12,Las Vegas Motor Speedway,Cup,1.5-mile,https://www.jayski.com/race-results/2025-nascar-cup-series-race-results/south-point-400/,73.1,2.9,False
Alex Bowman,7,12.0,Running,2025-10-12,Las Vegas Motor Speedway,Cup,1.5-mile,https://www.jayski.com/race-results/2025-nascar-cup-series-race-results/south-point-400/,73.1,2.9,False
Kyle Busch,8,32.0,Running,2025-10-12,Las Vegas Motor Speedway,Cup,1.5-mile,https://www.jayski.com/race-results/2025-nascar-cup-series-race-results/south-point-400/,73.1,2.9,False
Ryan Preece,9,16.0,Running,2025-10-12,Las Vegas Motor Speedway,Cup,1.5-mile,https://www.jayski.com/race-results/2025-nascar-cup-series-race-results/south-point-400/,73.1,2.9,False
Brad Keselowski,10,34.0,Running,2025-10-12,Las Vegas Motor Speedway,Cup,1.5-mile,https://www.jayski.com/race-results/2025-nascar-cup-series-race-results/south-point-400/,73.1,2.9,False
Austin Cindric,11,31.0,Running,2025-10-12,Las Vegas Motor Speedway,Cup,1.5-mile,https://www.jayski.com/race-results/2025-nascar-cup-series-race-results/south-point-400/,73.1,2.9,False
Chris Buescher,12,11.0,Running,2025-10-12,Las Vegas Motor Speedway,Cup,1.5-mile,https://www.jayski.com/race-results/2025-nascar-cup-series-race-results/south-point-400/,73.1,2.9,False
Noah Gragson,13,28.0,Running,2025-10-12,Las Vegas Motor Speedway,Cup,1.5-mile,https://www.jayski.com/race-results/2025-nascar-cup-series-race-results/south-point-400/,73.1,2.9,False
Ricky Stenhouse Jr.,14,24.0,Running,2025-10-12,Las Vegas Motor Speedway,Cup,1.5-mile,https://www.jayski.com/race-results/2025-nascar-cup-series-race-results/south-point-400/,73.1,2.9,False
Erik Jones,15,19.0,Running,2025-10-12,Las Vegas Motor Speedway,Cup,1.5-mile,https://www.jayski.com/race-results/2025-nascar-cup-series-race-results/south-point-400/,73.1,2.9,False
Michael McDowell,16,18.0,Running,2025-10-12,Las Vegas Motor Speedway,Cup,1.5-mile,https://www.jayski.com/race-results/2025-nascar-cup-series-race-results/south-point-400/,73.1,2.9,False
Riley Herbst,17,33.0,Running,2025-10-12,Las Vegas Motor Speedway,Cup,1.5-mile,https://www.jayski.com/race-results/2025-nascar-cup-series-race-results/south-point-400/,73.1,2.9,False
Chase Elliott,18,4.0,Running,2025-10-12,Las Vegas Motor Speedway,Cup,1.5-mile,https://www.jayski.com/race-results/2025-nascar-cup-series-race-results/south-point-400/,73.1,2.9,False
AJ Allmendinger,19,20.0,Running,2025-10-12,Las Vegas Motor Speedway,Cup,1.5-mile,https://www.jayski.com/race-results/2025-nascar-cup-series-race-results/south-point-400/,73.1,2.9,False
Daniel Suarez,20,17.0,Running,2025-10-12,Las Vegas Motor Speedway,Cup,1.5-mile,https://www.jayski.com/race-results/2025-nascar-cup-series-race-results/south-point-400/,73.1,2.9,False
Todd Gilliland,21,30.0,Running,2025-10-12,Las Vegas Motor Speedway,Cup,1.5-mile,https://www.jayski.com/race-results/2025-nascar-cup-series-race-results/south-point-400/,73.1,2.9,False
Bubba Wallace,22,7.0,Running,2025-10-12,Las Vegas Motor Speedway,Cup,1.5-mile,https://www.jayski.com/race-results/2025-nascar-cup-series-race-results/south-point-400/,73.1,2.9,False
Ross Chastain,23,15.0,Running,2025-10-12,Las Vegas Motor Speedway,Cup,1.5-mile,https://www.jayski.com/race-results/2025-nascar-cup-series-race-results/south-point-400/,73.1,2.9,False
Zane Smith,24,23.0,Running,2025-10-12,Las Vegas Motor Speedway,Cup,1.5-mile,https://www.jayski.com/race-results/2025-nascar-cup-series-race-results/south-point-400/,73.1,2.9,False
Austin Dillon,25,25.0,Running,2025-10-12,Las Vegas Motor Speedway,Cup,1.5-mile,https://www.jayski.com/race-results/2025-nascar-cup-series-race-results/south-point-400/,73.1,2.9,False
Josh Berry,26,29.0,Running,2025-10-12,Las Vegas Motor Speedway,Cup,1.5-mile,https://www.jayski.com/race-results/2025-nascar-cup-series-race-results/south-point-400/,73.1,2.9,False
Justin Haley,27,27.0,Running,2025-10-12,Las Vegas Motor Speedway,Cup,1.5-mile,https://www.jayski.com/race-results/2025-nascar-cup-series-race-results/south-point-400/,73.1,2.9,False
Cole Custer,28,21.0,Running,2025-10-12,Las Vegas Motor Speedway,Cup,1.5-mile,https://www.jayski.com/race-results/2025-nascar-cup-series-race-results/south-point-400/,73.1,2.9,False
John Hunter Nemechek,29,26.0,Running,2025-10-12,Las Vegas Motor Speedway,Cup,1.5-mile,https://www.jayski.com/race-results/2025-nascar-cup-series-race-results/south-point-400/,73.1,2.9,False
JJ Yeley,30,37.0,Running,2025-10-12,Las Vegas Motor Speedway,Cup,1.5-mile,https://www.jayski.com/race-results/2025-nascar-cup-series-race-results/south-point-400/,73.1,2.9,False
Katherine Legge,31,38.0,Running,2025-10-12,Las Vegas Motor Speedway,Cup,1.5-mile,https://www.jayski.com/race-results/2025-nascar-cup-series-race-results/south-point-400/,73.1,2.9,False
Carson Hocevar,32,22.0,Accident,2025-10-12,Las Vegas Motor Speedway,Cup,1.5-mile,https://www.jayski.com/race-results/2025-nascar-cup-series-race-results/south-point-400/,73.1,2.9,False
Shane Van Gisbergen,33,13.0,Accident,2025-10-12,Las Vegas Motor Speedway,Cup,1.5-mile,https://www.jayski.com/race-results/2025-nascar-cup-series-race-results/south-point-400/,73.1,2.9,False
Ty Gibbs,34,10.0,Accident,2025-10-12,Las Vegas Motor Speedway,Cup,1.5-mile,https://www.jayski.com/race-results/2025-nascar-cup-series-race-results/south-point-400/,73.1,2.9,False
Cody Ware,35,36.0,Accident,2025-10-12,Las Vegas Motor Speedway,Cup,1.5-mile,https://www.jayski.com/race-results/2025-nascar-cup-series-race-results/south-point-400/,73.1,2.9,False
William Byron,36,5.0,Accident,2025-10-12,Las Vegas Motor Speedway,Cup,1.5-mile,https://www.jayski.com/race-results/2025-nascar-cup-series-race-results/south-point-400/,73.1,2.9,False
Ty Dillon,37,35.0,Accident,2025-10-12,Las Vegas Motor Speedway,Cup,1.5-mile,https://www.jayski.com/race-results/2025-nascar-cup-series-race-results/south-point-400/,73.1,2.9,False
Ryan Blaney,38,14.0,Accident,2025-10-12,Las Vegas Motor Speedway,Cup,1.5-mile,https://www.jayski.com/race-results/2025-nascar-cup-series-race-results/south-point-400/,73.1,2.9,False
Chase Briscoe,1,2.0,Running,2025-10-19,Talladega Superspeedway,Cup,superspeedway,https://www.jayski.com/race-results/2025-nascar-cup-series-race-results/yellawood-500/,71.4,12.8,False
Todd Gilliland,2,27.0,Running,2025-10-19,Talladega Superspeedway,Cup,superspeedway,https://www.jayski.com/race-results/2025-nascar-cup-series-race-results/yellawood-500/,71.4,12.8,False
Ty Gibbs,3,18.0,Running,2025-10-19,Talladega Superspeedway,Cup,superspeedway,https://www.jayski.com/race-results/2025-nascar-cup-series-race-results/yellawood-500/,71.4,12.8,False
Bubba Wallace,4,10.0,Running,2025-10-19,Talladega Superspeedway,Cup,superspeedway,https://www.jayski.com/race-results/2025-nascar-cup-series-race-results/yellawood-500/,71.4,12.8,False
Cole Custer,5,12.0,Running,2025-10-19,Talladega Superspeedway,Cup,superspeedway,https://www.jayski.com/race-results/2025-nascar-cup-series-race-results/yellawood-500/,71.4,12.8,False
Carson Hocevar,6,32.0,Running,2025-10-19,Talladega Superspeedway,Cup,superspeedway,https://www.jayski.com/race-results/2025-nascar-cup-series-race-results/yellawood-500/,71.4,12.8,False
Tyler Reddick,7,15.0,Running,2025-10-19,Talladega Superspeedway,Cup,superspeedway,https://www.jayski.com/race-results/2025-nascar-cup-series-race-results/yellawood-500/,71.4,12.8,False
Christopher Bell,8,7.0,Running,2025-10-19,Talladega Superspeedway,Cup,superspeedway,https://www.jayski.com/race-results/2025-nascar-cup-series-race-results/yellawood-500/,71.4,12.8,False
Zane Smith,9,23.0,Running,2025-10-19,Talladega Superspeedway,Cup,superspeedway,https://www.jayski.com/race-results/2025-nascar-cup-series-race-results/yellawood-500/,71.4,12.8,False
Brad Keselowski,10,20.0,Running,2025-10-19,Talladega Superspeedway,Cup,superspeedway,https://www.jayski.com/race-results/2025-nascar-cup-series-race-results/yellawood-500/,71.4,12.8,False
Shane Van Gisbergen,11,31.0,Running,2025-10-19,Talladega Superspeedway,Cup,superspeedway,https://www.jayski.com/race-results/2025-nascar-cup-series-race-results/yellawood-500/,71.4,12.8,False
Daniel Suarez,12,26.0,Running,2025-10-19,Talladega Superspeedway,Cup,superspeedway,https://www.jayski.com/race-results/2025-nascar-cup-series-race-results/yellawood-500/,71.4,12.8,False
Ross Chastain,13,24.0,Running,2025-10-19,Talladega Superspeedway,Cup,superspeedway,https://www.jayski.com/race-results/2025-nascar-cup-series-race-results/yellawood-500/,71.4,12.8,False
John Hunter Nemechek,14,28.0,Running,2025-10-19,Talladega Superspeedway,Cup,superspeedway,https://www.jayski.com/race-results/2025-nascar-cup-series-race-results/yellawood-500/,71.4,12.8,False
Ryan Preece,15,5.0,Running,2025-10-19,Talladega Superspeedway,Cup,superspeedway,https://www.jayski.com/race-results/2025-nascar-cup-series-race-results/yellawood-500/,71.4,12.8,False
Joey Logano,16,16.0,Running,2025-10-19,Talladega Superspeedway,Cup,superspeedway,https://www.jayski.com/race-results/2025-nascar-cup-series-race-results/yellawood-500/,71.4,12.8,False
Michael McDowell,17,1.0,Running,2025-10-19,Talladega Superspeedway,Cup,superspeedway,https://www.jayski.com/race-results/2025-nascar-cup-series-race-results/yellawood-500/,71.4,12.8,False
Casey Mears,18,40.0,Running,2025-10-19,Talladega Superspeedway,Cup,superspeedway,https://www.jayski.com/race-results/2025-nascar-cup-series-race-results/yellawood-500/,71.4,12.8,False
Kyle Busch,19,3.0,Running,2025-10-19,Talladega Superspeedway,Cup,superspeedway,https://www.jayski.com/race-results/2025-nascar-cup-series-race-results/yellawood-500/,71.4,12.8,False
Ty Dillon,20,29.0,Running,2025-10-19,Talladega Superspeedway,Cup,superspeedway,https://www.jayski.com/race-results/2025-nascar-cup-series-race-results/yellawood-500/,71.4,12.8,False
Anthony Alfredo,21,38.0,Running,2025-10-19,Talladega Superspeedway,Cup,superspeedway,https://www.jayski.com/race-results/2025-nascar-cup-series-race-results/yellawood-500/,71.4,12.8,False
Austin Hill,22,33.0,Running,2025-10-19,Talladega Superspeedway,Cup,superspeedway,https://www.jayski.com/race-results/2025-nascar-cup-series-race-results/yellawood-500/,71.4,12.8,False
Ryan Blaney,23,8.0,Running,2025-10-19,Talladega Superspeedway,Cup,superspeedway,https://www.jayski.com/race-results/2025-nascar-cup-series-race-results/yellawood-500/,71.4,12.8,False
Denny Hamlin,24,17.0,Running,2025-10-19,Talladega Superspeedway,Cup,superspeedway,https://www.jayski.com/race-results/2025-nascar-cup-series-race-results/yellawood-500/,71.4,12.8,False
William Byron,25,13.0,Running,2025-10-19,Talladega Superspeedway,Cup,superspeedway,https://www.jayski.com/race-results/2025-nascar-cup-series-race-results/yellawood-500/,71.4,12.8,False
Kyle Larson,26,19.0,Running,2025-10-19,Talladega Superspeedway,Cup,superspeedway,https://www.jayski.com/race-results/2025-nascar-cup-series-race-results/yellawood-500/,71.4,12.8,False
Austin Dillon,27,21.0,Running,2025-10-19,Talladega Superspeedway,Cup,superspeedway,https://www.jayski.com/race-results/2025-nascar-cup-series-race-results/yellawood-500/,71.4,12.8,False
BJ McLeod,28,39.0,Running,2025-10-19,Talladega Superspeedway,Cup,superspeedway,https://www.jayski.com/race-results/2025-nascar-cup-series-race-results/yellawood-500/,71.4,12.8,False
Alex Bowman,29,11.0,Running,2025-10-19,Talladega Superspeedway,Cup,superspeedway,https://www.jayski.com/race-results/2025-nascar-cup-series-race-results/yellawood-500/,71.4,12.8,False
Chris Buescher,30,14.0,Accident,2025-10-19,Talladega Superspeedway,Cup,superspeedway,https://www.jayski.com/race-results/2025-nascar-cup-series-race-results/yellawood-500/,71.4,12.8,False
Cody Ware,31,35.0,Engine,2025-10-19,Talladega Superspeedway,Cup,superspeedway,https://www.jayski.com/race-results/2025-nascar-cup-series-race-results/yellawood-500/,71.4,12.8,False
Riley Herbst,32,9.0,Engine,2025-10-19,Talladega Superspeedway,Cup,superspeedway,https://www.jayski.com/race-results/2025-nascar-cup-series-race-results/yellawood-500/,71.4,12.8,False
Josh Berry,33,6.0,Drivetrain,2025-10-19,Talladega Superspeedway,Cup,superspeedway,https://www.jayski.com/race-results/2025-nascar-cup-series-race-results/yellawood-500/,71.4,12.8,False
Austin Cindric,34,4.0,Running,2025-10-19,Talladega Superspeedway,Cup,superspeedway,https://www.jayski.com/race-results/2025-nascar-cup-series-race-results/yellawood-500/,71.4,12.8,False
Erik Jones,35,30.0,Accident,2025-10-19,Talladega Superspeedway,Cup,superspeedway,https://www.jayski.com/race-results/2025-nascar-cup-series-race-results/yellawood-500/,71.4,12.8,False
Noah Gragson,36,36.0,Accident,2025-10-19,Talladega Superspeedway,Cup,superspeedway,https://www.jayski.com/race-results/2025-nascar-cup-series-race-results/yellawood-500/,71.4,12.8,False
AJ Allmendinger,37,34.0,Accident,2025-10-19,Talladega Superspeedway,Cup,superspeedway,https://www.jayski.com/race-results/2025-nascar-cup-series-race-results/yellawood-500/,71.4,12.8,False
Ricky Stenhouse Jr.,38,37.0,Accident,2025-10-19,Talladega Superspeedway,Cup,superspeedway,https://www.jayski.com/race-results/2025-nascar-cup-series-race-results/yellawood-500/,71.4,12.8,False
Justin Haley,39,22.0,Accident,2025-10-19,Talladega Superspeedway,Cup,superspeedway,https://www.jayski.com/race-results/2025-nascar-cup-series-race-results/yellawood-500/,71.4,12.8,False
Chase Elliott,40,25.0,Accident,2025-10-19,Talladega Superspeedway,Cup,superspeedway,https://www.jayski.com/race-results/2025-nascar-cup-series-race-results/yellawood-500/,71.4,12.8,False
William Byron,1,1.0,Running,2025-10-26,Martinsville Speedway,Cup,short,https://www.jayski.com/race-results/2025-nascar-cup-series-race-results/xfinity-500/,55.9,3.3,False
Ryan Blaney,2,31.0,Running,2025-10-26,Martinsville Speedway,Cup,short,https://www.jayski.com/race-results/2025-nascar-cup-series-race-results/xfinity-500/,55.9,3.3,False
Chase Elliott,3,8.0,Running,2025-10-26,Martinsville Speedway,Cup,short,https://www.jayski.com/race-results/2025-nascar-cup-series-race-results/xfinity-500/,55.9,3.3,False
Ross Chastain,4,13.0,Running,2025-10-26,Martinsville Speedway,Cup,short,https://www.jayski.com/race-results/2025-nascar-cup-series-race-results/xfinity-500/,55.9,3.3,False
Kyle Larson,5,3.0,Running,2025-10-26,Martinsville Speedway,Cup,short,https://www.jayski.com/race-results/2025-nascar-cup-series-race-results/xfinity-500/,55.9,3.3,False
Ryan Preece,6,18.0,Running,2025-10-26,Martinsville Speedway,Cup,short,https://www.jayski.com/race-results/2025-nascar-cup-series-race-results/xfinity-500/,55.9,3.3,False
Christopher Bell,7,12.0,Running,2025-10-26,Martinsville Speedway,Cup,short,https://www.jayski.com/race-results/2025-nascar-cup-series-race-results/xfinity-500/,55.9,3.3,False
Joey Logano,8,4.0,Running,2025-10-26,Martinsville Speedway,Cup,short,https://www.jayski.com/race-results/2025-nascar-cup-series-race-results/xfinity-500/,55.9,3.3,False
Todd Gilliland,9,16.0,Running,2025-10-26,Martinsville Speedway,Cup,short,https://www.jayski.com/race-results/2025-nascar-cup-series-race-results/xfinity-500/,55.9,3.3,False
Josh Berry,10,27.0,Running,2025-10-26,Martinsville Speedway,Cup,short,https://www.jayski.com/race-results/2025-nascar-cup-series-race-results/xfinity-500/,55.9,3.3,False
Tyler Reddick,11,14.0,Running,2025-10-26,Martinsville Speedway,Cup,short,https://www.jayski.com/race-results/2025-nascar-cup-series-race-results/xfinity-500/,55.9,3.3,False
Ty Gibbs,12,2.0,Running,2025-10-26,Martinsville Speedway,Cup,short,https://www.jayski.com/race-results/2025-nascar-cup-series-race-results/xfinity-500/,55.9,3.3,False
Kyle Busch,13,7.0,Running,2025-10-26,Martinsville Speedway,Cup,short,https://www.jayski.com/race-results/2025-nascar-cup-series-race-results/xfinity-500/,55.9,3.3,False
Shane Van Gisbergen,14,22.0,Running,2025-10-26,Martinsville Speedway,Cup,short,https://www.jayski.com/race-results/2025-nascar-cup-series-race-results/xfinity-500/,55.9,3.3,False
Austin Cindric,15,10.0,Running,2025-10-26,Martinsville Speedway,Cup,short,https://www.jayski.com/race-results/2025-nascar-cup-series-race-results/xfinity-500/,55.9,3.3,False
Austin Dillon,16,20.0,Running,2025-10-26,Martinsville Speedway,Cup,short,https://www.jayski.com/race-results/2025-nascar-cup-series-race-results/xfinity-500/,55.9,3.3,False
Cole Custer,17,6.0,Running,2025-10-26,Martinsville Speedway,Cup,short,https://www.jayski.com/race-results/2025-nascar-cup-series-race-results/xfinity-500/,55.9,3.3,False
Bubba Wallace,18,21.0,Running,2025-10-26,Martinsville Speedway,Cup,short,https://www.jayski.com/race-results/2025-nascar-cup-series-race-results/xfinity-500/,55.9,3.3,False
Justin Haley,19,34.0,Running,2025-10-26,Martinsville Speedway,Cup,short,https://www.jayski.com/race-results/2025-nascar-cup-series-race-results/xfinity-500/,55.9,3.3,False
Brad Keselowski,20,19.0,Running,2025-10-26,Martinsville Speedway,Cup,short,https://www.jayski.com/race-results/2025-nascar-cup-series-race-results/xfinity-500/,55.9,3.3,False
John Hunter Nemechek,21,24.0,Running,2025-10-26,Martinsville Speedway,Cup,short,https://www.jayski.com/race-results/2025-nascar-cup-series-race-results/xfinity-500/,55.9,3.3,False
Daniel Suarez,22,30.0,Running,2025-10-26,Martinsville Speedway,Cup,short,https://www.jayski.com/race-results/2025-nascar-cup-series-race-results/xfinity-500/,55.9,3.3,False
Alex Bowman,23,17.0,Running,2025-10-26,Martinsville Speedway,Cup,short,https://www.jayski.com/race-results/2025-nascar-cup-series-race-results/xfinity-500/,55.9,3.3,False
Michael McDowell,24,11.0,Running,2025-10-26,Martinsville Speedway,Cup,short,https://www.jayski.com/race-results/2025-nascar-cup-series-race-results/xfinity-500/,55.9,3.3,False
Zane Smith,25,23.0,Running,2025-10-26,Martinsville Speedway,Cup,short,https://www.jayski.com/race-results/2025-nascar-cup-series-race-results/xfinity-500/,55.9,3.3,False
Ty Dillon,26,26.0,Running,2025-10-26,Martinsville Speedway,Cup,short,https://www.jayski.com/race-results/2025-nascar-cup-series-race-results/xfinity-500/,55.9,3.3,False
Ricky Stenhouse Jr.,27,32.0,Running,2025-10-26,Martinsville Speedway,Cup,short,https://www.jayski.com/race-results/2025-nascar-cup-series-race-results/xfinity-500/,55.9,3.3,False
AJ Allmendinger,28,33.0,Running,2025-10-26,Martinsville Speedway,Cup,short,https://www.jayski.com/race-results/2025-nascar-cup-series-race-results/xfinity-500/,55.9,3.3,False
Chris Buescher,29,29.0,Running,2025-10-26,Martinsville Speedway,Cup,short,https://www.jayski.com/race-results/2025-nascar-cup-series-race-results/xfinity-500/,55.9,3.3,False
Noah Gragson,30,35.0,Running,2025-10-26,Martinsville Speedway,Cup,short,https://www.jayski.com/race-results/2025-nascar-cup-series-race-results/xfinity-500/,55.9,3.3,False
Carson Hocevar,31,15.0,Running,2025-10-26,Martinsville Speedway,Cup,short,https://www.jayski.com/race-results/2025-nascar-cup-series-race-results/xfinity-500/,55.9,3.3,False
Cody Ware,32,36.0,Running,2025-10-26,Martinsville Speedway,Cup,short,https://www.jayski.com/race-results/2025-nascar-cup-series-race-results/xfinity-500/,55.9,3.3,False
Casey Mears,33,37.0,Electrical,2025-10-26,Martinsville Speedway,Cup,short,https://www.jayski.com/race-results/2025-nascar-cup-series-race-results/xfinity-500/,55.9,3.3,False
Erik Jones,34,28.0,Accident,2025-10-26,Martinsville Speedway,Cup,short,https://www.jayski.com/race-results/2025-nascar-cup-series-race-results/xfinity-500/,55.9,3.3,False
Denny Hamlin,35,5.0,Engine,2025-10-26,Martinsville Speedway,Cup,short,https://www.jayski.com/race-results/2025-nascar-cup-series-race-results/xfinity-500/,55.9,3.3,False
Riley Herbst,36,25.0,Engine,2025-10-26,Martinsville Speedway,Cup,short,https://www.jayski.com/race-results/2025-nascar-cup-series-race-results/xfinity-500/,55.9,3.3,False
Chase Briscoe,37,9.0,Engine,2025-10-26,Martinsville Speedway,Cup,short,https://www.jayski.com/race-results/2025-nascar-cup-series-race-results/xfinity-500/,55.9,3.3,False
Ryan Blaney,1,5.0,Running,2025-11-02,Phoenix Raceway,Cup,1-mile,https://www.jayski.com/race-results/2025-nascar-cup-series-race-results/nascar-cup-series-championship/,85.7,2.3,False
Brad Keselowski,2,19.0,Running,2025-11-02,Phoenix Raceway,Cup,1-mile,https://www.jayski.com/race-results/2025-nascar-cup-series-race-results/nascar-cup-series-championship/,85.7,2.3,False
Kyle Larson,3,3.0,Running,2025-11-02,Phoenix Raceway,Cup,1-mile,https://www.jayski.com/race-results/2025-nascar-cup-series-race-results/nascar-cup-series-championship/,85.7,2.3,False
Joey Logano,4,10.0,Running,2025-11-02,Phoenix Raceway,Cup,1-mile,https://www.jayski.com/race-results/2025-nascar-cup-series-race-results/nascar-cup-series-championship/,85.7,2.3,False
Kyle Busch,5,11.0,Running,2025-11-02,Phoenix Raceway,Cup,1-mile,https://www.jayski.com/race-results/2025-nascar-cup-series-race-results/nascar-cup-series-championship/,85.7,2.3,False
Denny Hamlin,6,1.0,Running,2025-11-02,Phoenix Raceway,Cup,1-mile,https://www.jayski.com/race-results/2025-nascar-cup-series-race-results/nascar-cup-series-championship/,85.7,2.3,False
Josh Berry,7,7.0,Running,2025-11-02,Phoenix Raceway,Cup,1-mile,https://www.jayski.com/race-results/2025-nascar-cup-series-race-results/nascar-cup-series-championship/,85.7,2.3,False
Michael McDowell,8,37.0,Running,2025-11-02,Phoenix Raceway,Cup,1-mile,https://www.jayski.com/race-results/2025-nascar-cup-series-race-results/nascar-cup-series-championship/,85.7,2.3,False
Ryan Preece,9,21.0,Running,2025-11-02,Phoenix Raceway,Cup,1-mile,https://www.jayski.com/race-results/2025-nascar-cup-series-race-results/nascar-cup-series-championship/,85.7,2.3,False
Chase Elliott,10,17.0,Running,2025-11-02,Phoenix Raceway,Cup,1-mile,https://www.jayski.com/race-results/2025-nascar-cup-series-race-results/nascar-cup-series-championship/,85.7,2.3,False
Christopher Bell,11,20.0,Running,2025-11-02,Phoenix Raceway,Cup,1-mile,https://www.jayski.com/race-results/2025-nascar-cup-series-race-results/nascar-cup-series-championship/,85.7,2.3,False
Chris Buescher,12,9.0,Running,2025-11-02,Phoenix Raceway,Cup,1-mile,https://www.jayski.com/race-results/2025-nascar-cup-series-race-results/nascar-cup-series-championship/,85.7,2.3,False
Ross Chastain,13,13.0,Running,2025-11-02,Phoenix Raceway,Cup,1-mile,https://www.jayski.com/race-results/2025-nascar-cup-series-race-results/nascar-cup-series-championship/,85.7,2.3,False
Justin Haley,14,29.0,Running,2025-11-02,Phoenix Raceway,Cup,1-mile,https://www.jayski.com/race-results/2025-nascar-cup-series-race-results/nascar-cup-series-championship/,85.7,2.3,False
Alex Bowman,15,8.0,Running,2025-11-02,Phoenix Raceway,Cup,1-mile,https://www.jayski.com/race-results/2025-nascar-cup-series-race-results/nascar-cup-series-championship/,85.7,2.3,False
Erik Jones,16,15.0,Running,2025-11-02,Phoenix Raceway,Cup,1-mile,https://www.jayski.com/race-results/2025-nascar-cup-series-race-results/nascar-cup-series-championship/,85.7,2.3,False
Ricky Stenhouse Jr.,17,16.0,Running,2025-11-02,Phoenix Raceway,Cup,1-mile,https://www.jayski.com/race-results/2025-nascar-cup-series-race-results/nascar-cup-series-championship/,85.7,2.3,False
Chase Briscoe,18,12.0,Running,2025-11-02,Phoenix Raceway,Cup,1-mile,https://www.jayski.com/race-results/2025-nascar-cup-series-race-results/nascar-cup-series-championship/,85.7,2.3,False
Daniel Suarez,19,14.0,Running,2025-11-02,Phoenix Raceway,Cup,1-mile,https://www.jayski.com/race-results/2025-nascar-cup-series-race-results/nascar-cup-series-championship/,85.7,2.3,False
Austin Dillon,20,26.0,Running,2025-11-02,Phoenix Raceway,Cup,1-mile,https://www.jayski.com/race-results/2025-nascar-cup-series-race-results/nascar-cup-series-championship/,85.7,2.3,False
Ty Gibbs,21,25.0,Running,2025-11-02,Phoenix Raceway,Cup,1-mile,https://www.jayski.com/race-results/2025-nascar-cup-series-race-results/nascar-cup-series-championship/,85.7,2.3,False
Todd Gilliland,22,30.0,Running,2025-11-02,Phoenix Raceway,Cup,1-mile,https://www.jayski.com/race-results/2025-nascar-cup-series-race-results/nascar-cup-series-championship/,85.7,2.3,False
Riley Herbst,23,32.0,Running,2025-11-02,Phoenix Raceway,Cup,1-mile,https://www.jayski.com/race-results/2025-nascar-cup-series-race-results/nascar-cup-series-championship/,85.7,2.3,False
Shane Van Gisbergen,24,31.0,Running,2025-11-02,Phoenix Raceway,Cup,1-mile,https://www.jayski.com/race-results/2025-nascar-cup-series-race-results/nascar-cup-series-championship/,85.7,2.3,False
Cole Custer,25,27.0,Running,2025-11-02,Phoenix Raceway,Cup,1-mile,https://www.jayski.com/race-results/2025-nascar-cup-series-race-results/nascar-cup-series-championship/,85.7,2.3,False
Tyler Reddick,26,24.0,Running,2025-11-02,Phoenix Raceway,Cup,1-mile,https://www.jayski.com/race-results/2025-nascar-cup-series-race-results/nascar-cup-series-championship/,85.7,2.3,False
Noah Gragson,27,18.0,Running,2025-11-02,Phoenix Raceway,Cup,1-mile,https://www.jayski.com/race-results/2025-nascar-cup-series-race-results/nascar-cup-series-championship/,85.7,2.3,False
Carson Hocevar,28,6.0,Running,2025-11-02,Phoenix Raceway,Cup,1-mile,https://www.jayski.com/race-results/2025-nascar-cup-series-race-results/nascar-cup-series-championship/,85.7,2.3,False
Zane Smith,29,22.0,Running,2025-11-02,Phoenix Raceway,Cup,1-mile,https://www.jayski.com/race-results/2025-nascar-cup-series-race-results/nascar-cup-series-championship/,85.7,2.3,False
Cody Ware,30,33.0,Running,2025-11-02,Phoenix Raceway,Cup,1-mile,https://www.jayski.com/race-results/2025-nascar-cup-series-race-results/nascar-cup-series-championship/,85.7,2.3,False
John Hunter Nemechek,31,28.0,Running,2025-11-02,Phoenix Raceway,Cup,1-mile,https://www.jayski.com/race-results/2025-nascar-cup-series-race-results/nascar-cup-series-championship/,85.7,2.3,False
JJ Yeley,32,35.0,Running,2025-11-02,Phoenix Raceway,Cup,1-mile,https://www.jayski.com/race-results/2025-nascar-cup-series-race-results/nascar-cup-series-championship/,85.7,2.3,False
William Byron,33,2.0,Running,2025-11-02,Phoenix Raceway,Cup,1-mile,https://www.jayski.com/race-results/2025-nascar-cup-series-race-results/nascar-cup-series-championship/,85.7,2.3,False
Austin Cindric,34,4.0,Running,2025-11-02,Phoenix Raceway,Cup,1-mile,https://www.jayski.com/race-results/2025-nascar-cup-series-race-results/nascar-cup-series-championship/,85.7,2.3,False
Ty Dillon,35,34.0,Running,2025-11-02,Phoenix Raceway,Cup,1-mile,https://www.jayski.com/race-results/2025-nascar-cup-series-race-results/nascar-cup-series-championship/,85.7,2.3,False
Casey Mears,36,36.0,Running,2025-11-02,Phoenix Raceway,Cup,1-mile,https://www.jayski.com/race-results/2025-nascar-cup-series-race-results/nascar-cup-series-championship/,85.7,2.3,False
Bubba Wallace,37,23.0,Brakes,2025-11-02,Phoenix Raceway,Cup,1-mile,https://www.jayski.com/race-results/2025-nascar-cup-series-race-results/nascar-cup-series-championship/,85.7,2.3,False
AJ Allmendinger,38,38.0,Accident,2025-11-02,Phoenix Raceway,Cup,1-mile,https://www.jayski.com/race-results/2025-nascar-cup-series-race-results/nascar-cup-series-championship/,85.7,2.3,False
Ryan Blaney,1,5.0,,2026-03-08,Phoenix Raceway,Cup,1-mile,nascaR.data:2026:4,85.3,4.8,False
Christopher Bell,2,12.0,,2026-03-08,Phoenix Raceway,Cup,1-mile,nascaR.data:2026:4,85.3,4.8,False
Kyle Larson,3,2.0,,2026-03-08,Phoenix Raceway,Cup,1-mile,nascaR.data:2026:4,85.3,4.8,False
Ty Gibbs,4,14.0,,2026-03-08,Phoenix Raceway,Cup,1-mile,nascaR.data:2026:4,85.3,4.8,False
Denny Hamlin,5,11.0,,2026-03-08,Phoenix Raceway,Cup,1-mile,nascaR.data:2026:4,85.3,4.8,False
Bubba Wallace,6,28.0,,2026-03-08,Phoenix Raceway,Cup,1-mile,nascaR.data:2026:4,85.3,4.8,False
William Byron,7,9.0,,2026-03-08,Phoenix Raceway,Cup,1-mile,nascaR.data:2026:4,85.3,4.8,False
Tyler Reddick,8,8.0,,2026-03-08,Phoenix Raceway,Cup,1-mile,nascaR.data:2026:4,85.3,4.8,False
Michael McDowell,9,16.0,,2026-03-08,Phoenix Raceway,Cup,1-mile,nascaR.data:2026:4,85.3,4.8,False
Erik Jones,10,32.0,,2026-03-08,Phoenix Raceway,Cup,1-mile,nascaR.data:2026:4,85.3,4.8,False
Shane van Gisbergen,11,18.0,,2026-03-08,Phoenix Raceway,Cup,1-mile,nascaR.data:2026:4,85.3,4.8,False
Todd Gilliland,12,30.0,,2026-03-08,Phoenix Raceway,Cup,1-mile,nascaR.data:2026:4,85.3,4.8,False
Ryan Preece,13,13.0,,2026-03-08,Phoenix Raceway,Cup,1-mile,nascaR.data:2026:4,85.3,4.8,False
Chris Buescher,14,17.0,,2026-03-08,Phoenix Raceway,Cup,1-mile,nascaR.data:2026:4,85.3,4.8,False
Brad Keselowski,15,37.0,,2026-03-08,Phoenix Raceway,Cup,1-mile,nascaR.data:2026:4,85.3,4.8,False
Austin Dillon,16,25.0,,2026-03-08,Phoenix Raceway,Cup,1-mile,nascaR.data:2026:4,85.3,4.8,False
Kyle Busch,17,29.0,,2026-03-08,Phoenix Raceway,Cup,1-mile,nascaR.data:2026:4,85.3,4.8,False
Riley Herbst,18,22.0,,2026-03-08,Phoenix Raceway,Cup,1-mile,nascaR.data:2026:4,85.3,4.8,False
A.J. Allmendinger,19,23.0,,2026-03-08,Phoenix Raceway,Cup,1-mile,nascaR.data:2026:4,85.3,4.8,False
Carson Hocevar,20,7.0,,2026-03-08,Phoenix Raceway,Cup,1-mile,nascaR.data:2026:4,85.3,4.8,False
Austin Hill,21,27.0,,2026-03-08,Phoenix Raceway,Cup,1-mile,nascaR.data:2026:4,85.3,4.8,False
Ricky Stenhouse Jr.,22,21.0,,2026-03-08,Phoenix Raceway,Cup,1-mile,nascaR.data:2026:4,85.3,4.8,False
Chase Elliott,23,26.0,,2026-03-08,Phoenix Raceway,Cup,1-mile,nascaR.data:2026:4,85.3,4.8,False
Cody Ware,24,34.0,,2026-03-08,Phoenix Raceway,Cup,1-mile,nascaR.data:2026:4,85.3,4.8,False
John Hunter Nemechek,25,15.0,,2026-03-08,Phoenix Raceway,Cup,1-mile,nascaR.data:2026:4,85.3,4.8,False
Ty Dillon,26,33.0,,2026-03-08,Phoenix Raceway,Cup,1-mile,nascaR.data:2026:4,85.3,4.8,False
Zane Smith,27,24.0,,2026-03-08,Phoenix Raceway,Cup,1-mile,nascaR.data:2026:4,85.3,4.8,False
Ross Chastain,28,6.0,,2026-03-08,Phoenix Raceway,Cup,1-mile,nascaR.data:2026:4,85.3,4.8,False
Connor Zilisch,29,19.0,,2026-03-08,Phoenix Raceway,Cup,1-mile,nascaR.data:2026:4,85.3,4.8,False
Daniel Suarez,30,4.0,,2026-03-08,Phoenix Raceway,Cup,1-mile,nascaR.data:2026:4,85.3,4.8,False
Joey Logano,31,1.0,,2026-03-08,Phoenix Raceway,Cup,1-mile,nascaR.data:2026:4,85.3,4.8,False
Josh Berry,32,10.0,,2026-03-08,Phoenix Raceway,Cup,1-mile,nascaR.data:2026:4,85.3,4.8,False
Anthony Alfredo,33,31.0,,2026-03-08,Phoenix Raceway,Cup,1-mile,nascaR.data:2026:4,85.3,4.8,False
Austin Cindric,34,3.0,,2026-03-08,Phoenix Raceway,Cup,1-mile,nascaR.data:2026:4,85.3,4.8,False
Cole Custer,35,36.0,,2026-03-08,Phoenix Raceway,Cup,1-mile,nascaR.data:2026:4,85.3,4.8,False
Noah Gragson,36,35.0,,2026-03-08,Phoenix Raceway,Cup,1-mile,nascaR.data:2026:4,85.3,4.8,False
Chase Briscoe,37,20.0,,2026-03-08,Phoenix Raceway,Cup,1-mile,nascaR.data:2026:4,85.3,4.8,False
Denny Hamlin,1,2.0,,2026-03-15,Las Vegas Motor Speedway,Cup,1.5-mile,nascaR.data:2026:5,80.0,4.7,False
Chase Elliott,2,15.0,,2026-03-15,Las Vegas Motor Speedway,Cup,1.5-mile,nascaR.data:2026:5,80.0,4.7,False
William Byron,3,9.0,,2026-03-15,Las Vegas Motor Speedway,Cup,1.5-mile,nascaR.data:2026:5,80.0,4.7,False
Christopher Bell,4,1.0,,2026-03-15,Las Vegas Motor Speedway,Cup,1.5-mile,nascaR.data:2026:5,80.0,4.7,False
Ty Gibbs,5,3.0,,2026-03-15,Las Vegas Motor Speedway,Cup,1.5-mile,nascaR.data:2026:5,80.0,4.7,False
Chris Buescher,6,10.0,,2026-03-15,Las Vegas Motor Speedway,Cup,1.5-mile,nascaR.data:2026:5,80.0,4.7,False
Kyle Larson,7,5.0,,2026-03-15,Las Vegas Motor Speedway,Cup,1.5-mile,nascaR.data:2026:5,80.0,4.7,False
Chase Briscoe,8,18.0,,2026-03-15,Las Vegas Motor Speedway,Cup,1.5-mile,nascaR.data:2026:5,80.0,4.7,False
Bubba Wallace,9,4.0,,2026-03-15,Las Vegas Motor Speedway,Cup,1.5-mile,nascaR.data:2026:5,80.0,4.7,False
Brad Keselowski,10,28.0,,2026-03-15,Las Vegas Motor Speedway,Cup,1.5-mile,nascaR.data:2026:5,80.0,4.7,False
Ryan Preece,11,8.0,,2026-03-15,Las Vegas Motor Speedway,Cup,1.5-mile,nascaR.data:2026:5,80.0,4.7,False
Austin Dillon,12,11.0,,2026-03-15,Las Vegas Motor Speedway,Cup,1.5-mile,nascaR.data:2026:5,80.0,4.7,False
Tyler Reddick,13,7.0,,2026-03-15,Las Vegas Motor Speedway,Cup,1.5-mile,nascaR.data:2026:5,80.0,4.7,False
Zane Smith,14,12.0,,2026-03-15,Las Vegas Motor Speedway,Cup,1.5-mile,nascaR.data:2026:5,80.0,4.7,False
Joey Logano,15,21.0,,2026-03-15,Las Vegas Motor Speedway,Cup,1.5-mile,nascaR.data:2026:5,80.0,4.7,False
Ryan Blaney,16,6.0,,2026-03-15,Las Vegas Motor Speedway,Cup,1.5-mile,nascaR.data:2026:5,80.0,4.7,False
Ross Chastain,17,17.0,,2026-03-15,Las Vegas Motor Speedway,Cup,1.5-mile,nascaR.data:2026:5,80.0,4.7,False
Daniel Suarez,18,13.0,,2026-03-15,Las Vegas Motor Speedway,Cup,1.5-mile,nascaR.data:2026:5,80.0,4.7,False
Austin Cindric,19,31.0,,2026-03-15,Las Vegas Motor Speedway,Cup,1.5-mile,nascaR.data:2026:5,80.0,4.7,False
Erik Jones,20,14.0,,2026-03-15,Las Vegas Motor Speedway,Cup,1.5-mile,nascaR.data:2026:5,80.0,4.7,False
John Hunter Nemechek,21,26.0,,2026-03-15,Las Vegas Motor Speedway,Cup,1.5-mile,nascaR.data:2026:5,80.0,4.7,False
Carson Hocevar,22,19.0,,2026-03-15,Las Vegas Motor Speedway,Cup,1.5-mile,nascaR.data:2026:5,80.0,4.7,False
Riley Herbst,23,20.0,,2026-03-15,Las Vegas Motor Speedway,Cup,1.5-mile,nascaR.data:2026:5,80.0,4.7,False
A.J. Allmendinger,24,29.0,,2026-03-15,Las Vegas Motor Speedway,Cup,1.5-mile,nascaR.data:2026:5,80.0,4.7,False
Justin Allgaier,25,22.0,,2026-03-15,Las Vegas Motor Speedway,Cup,1.5-mile,nascaR.data:2026:5,80.0,4.7,False
Michael McDowell,26,30.0,,2026-03-15,Las Vegas Motor Speedway,Cup,1.5-mile,nascaR.data:2026:5,80.0,4.7,False
Cole Custer,27,35.0,,2026-03-15,Las Vegas Motor Speedway,Cup,1.5-mile,nascaR.data:2026:5,80.0,4.7,False
Kyle Busch,28,24.0,,2026-03-15,Las Vegas Motor Speedway,Cup,1.5-mile,nascaR.data:2026:5,80.0,4.7,False
Ricky Stenhouse Jr.,29,23.0,,2026-03-15,Las Vegas Motor Speedway,Cup,1.5-mile,nascaR.data:2026:5,80.0,4.7,False
Noah Gragson,30,34.0,,2026-03-15,Las Vegas Motor Speedway,Cup,1.5-mile,nascaR.data:2026:5,80.0,4.7,False
Josh Berry,31,32.0,,2026-03-15,Las Vegas Motor Speedway,Cup,1.5-mile,nascaR.data:2026:5,80.0,4.7,False
Connor Zilisch,32,25.0,,2026-03-15,Las Vegas Motor Speedway,Cup,1.5-mile,nascaR.data:2026:5,80.0,4.7,False
Ty Dillon,33,36.0,,2026-03-15,Las Vegas Motor Speedway,Cup,1.5-mile,nascaR.data:2026:5,80.0,4.7,False
Todd Gilliland,34,27.0,,2026-03-15,Las Vegas Motor Speedway,Cup,1.5-mile,nascaR.data:2026:5,80.0,4.7,False
Cody Ware,35,33.0,,2026-03-15,Las Vegas Motor Speedway,Cup,1.5-mile,nascaR.data:2026:5,80.0,4.7,False
Shane van Gisbergen,36,16.0,,2026-03-15,Las Vegas Motor Speedway,Cup,1.5-mile,nascaR.data:2026:5,80.0,4.7,False
Chase Elliott,1,10.0,,2026-03-29,Martinsville Speedway,Cup,short,nascaR.data:2026:7,59.1,11.5,False
Denny Hamlin,2,1.0,,2026-03-29,Martinsville Speedway,Cup,short,nascaR.data:2026:7,59.1,11.5,False
Joey Logano,3,9.0,,2026-03-29,Martinsville Speedway,Cup,short,nascaR.data:2026:7,59.1,11.5,False
Ty Gibbs,4,4.0,,2026-03-29,Martinsville Speedway,Cup,short,nascaR.data:2026:7,59.1,11.5,False
William Byron,5,2.0,,2026-03-29,Martinsville Speedway,Cup,short,nascaR.data:2026:7,59.1,11.5,False
Ryan Blaney,6,12.0,,2026-03-29,Martinsville Speedway,Cup,short,nascaR.data:2026:7,59.1,11.5,False
Christopher Bell,7,11.0,,2026-03-29,Martinsville Speedway,Cup,short,nascaR.data:2026:7,59.1,11.5,False
Austin Cindric,8,6.0,,2026-03-29,Martinsville Speedway,Cup,short,nascaR.data:2026:7,59.1,11.5,False
Kyle Larson,9,13.0,,2026-03-29,Martinsville Speedway,Cup,short,nascaR.data:2026:7,59.1,11.5,False
Josh Berry,10,3.0,,2026-03-29,Martinsville Speedway,Cup,short,nascaR.data:2026:7,59.1,11.5,False
Shane van Gisbergen,11,5.0,,2026-03-29,Martinsville Speedway,Cup,short,nascaR.data:2026:7,59.1,11.5,False
Ryan Preece,12,17.0,,2026-03-29,Martinsville Speedway,Cup,short,nascaR.data:2026:7,59.1,11.5,False
Brad Keselowski,13,23.0,,2026-03-29,Martinsville Speedway,Cup,short,nascaR.data:2026:7,59.1,11.5,False
Chase Briscoe,14,27.0,,2026-03-29,Martinsville Speedway,Cup,short,nascaR.data:2026:7,59.1,11.5,False
Tyler Reddick,15,8.0,,2026-03-29,Martinsville Speedway,Cup,short,nascaR.data:2026:7,59.1,11.5,False
Ross Chastain,16,18.0,,2026-03-29,Martinsville Speedway,Cup,short,nascaR.data:2026:7,59.1,11.5,False
Carson Hocevar,17,7.0,,2026-03-29,Martinsville Speedway,Cup,short,nascaR.data:2026:7,59.1,11.5,False
Michael McDowell,18,20.0,,2026-03-29,Martinsville Speedway,Cup,short,nascaR.data:2026:7,59.1,11.5,False
Chris Buescher,19,16.0,,2026-03-29,Martinsville Speedway,Cup,short,nascaR.data:2026:7,59.1,11.5,False
Daniel Suarez,20,22.0,,2026-03-29,Martinsville Speedway,Cup,short,nascaR.data:2026:7,59.1,11.5,False
Erik Jones,21,19.0,,2026-03-29,Martinsville Speedway,Cup,short,nascaR.data:2026:7,59.1,11.5,False
Justin Allgaier,22,21.0,,2026-03-29,Martinsville Speedway,Cup,short,nascaR.data:2026:7,59.1,11.5,False
Todd Gilliland,23,29.0,,2026-03-29,Martinsville Speedway,Cup,short,nascaR.data:2026:7,59.1,11.5,False
Kyle Busch,24,34.0,,2026-03-29,Martinsville Speedway,Cup,short,nascaR.data:2026:7,59.1,11.5,False
Austin Dillon,25,30.0,,2026-03-29,Martinsville Speedway,Cup,short,nascaR.data:2026:7,59.1,11.5,False
Connor Zilisch,26,25.0,,2026-03-29,Martinsville Speedway,Cup,short,nascaR.data:2026:7,59.1,11.5,False
A.J. Allmendinger,27,28.0,,2026-03-29,Martinsville Speedway,Cup,short,nascaR.data:2026:7,59.1,11.5,False
Noah Gragson,28,31.0,,2026-03-29,Martinsville Speedway,Cup,short,nascaR.data:2026:7,59.1,11.5,False
John Hunter Nemechek,29,32.0,,2026-03-29,Martinsville Speedway,Cup,short,nascaR.data:2026:7,59.1,11.5,False
Ricky Stenhouse Jr.,30,33.0,,2026-03-29,Martinsville Speedway,Cup,short,nascaR.data:2026:7,59.1,11.5,False
Cole Custer,31,24.0,,2026-03-29,Martinsville Speedway,Cup,short,nascaR.data:2026:7,59.1,11.5,False
Cody Ware,32,35.0,,2026-03-29,Martinsville Speedway,Cup,short,nascaR.data:2026:7,59.1,11.5,False
Austin Hill,33,37.0,,2026-03-29,Martinsville Speedway,Cup,short,nascaR.data:2026:7,59.1,11.5,False
Zane Smith,34,14.0,,2026-03-29,Martinsville Speedway,Cup,short,nascaR.data:2026:7,59.1,11.5,False
Riley Herbst,35,26.0,,2026-03-29,Martinsville Speedway,Cup,short,nascaR.data:2026:7,59.1,11.5,False
Bubba Wallace,36,15.0,,2026-03-29,Martinsville Speedway,Cup,short,nascaR.data:2026:7,59.1,11.5,False
Ty Dillon,37,36.0,,2026-03-29,Martinsville Speedway,Cup,short,nascaR.data:2026:7,59.1,11.5,False
Tyler Reddick,1,1.0,,2026-04-19,Kansas Speedway,Cup,1.5-mile,nascaR.data:2026:9,68.5,6.6,False
Kyle Larson,2,4.0,,2026-04-19,Kansas Speedway,Cup,1.5-mile,nascaR.data:2026:9,68.5,6.6,False
Chase Briscoe,3,5.0,,2026-04-19,Kansas Speedway,Cup,1.5-mile,nascaR.data:2026:9,68.5,6.6,False
Denny Hamlin,4,2.0,,2026-04-19,Kansas Speedway,Cup,1.5-mile,nascaR.data:2026:9,68.5,6.6,False
Bubba Wallace,5,10.0,,2026-04-19,Kansas Speedway,Cup,1.5-mile,nascaR.data:2026:9,68.5,6.6,False
Brad Keselowski,6,21.0,,2026-04-19,Kansas Speedway,Cup,1.5-mile,nascaR.data:2026:9,68.5,6.6,False
William Byron,7,14.0,,2026-04-19,Kansas Speedway,Cup,1.5-mile,nascaR.data:2026:9,68.5,6.6,False
Chase Elliott,8,13.0,,2026-04-19,Kansas Speedway,Cup,1.5-mile,nascaR.data:2026:9,68.5,6.6,False
Ty Gibbs,9,3.0,,2026-04-19,Kansas Speedway,Cup,1.5-mile,nascaR.data:2026:9,68.5,6.6,False
Chris Buescher,10,7.0,,2026-04-19,Kansas Speedway,Cup,1.5-mile,nascaR.data:2026:9,68.5,6.6,False
Ryan Preece,11,12.0,,2026-04-19,Kansas Speedway,Cup,1.5-mile,nascaR.data:2026:9,68.5,6.6,False
Austin Cindric,12,34.0,,2026-04-19,Kansas Speedway,Cup,1.5-mile,nascaR.data:2026:9,68.5,6.6,False
Carson Hocevar,13,6.0,,2026-04-19,Kansas Speedway,Cup,1.5-mile,nascaR.data:2026:9,68.5,6.6,False
Riley Herbst,14,22.0,,2026-04-19,Kansas Speedway,Cup,1.5-mile,nascaR.data:2026:9,68.5,6.6,False
Corey Heim,15,24.0,,2026-04-19,Kansas Speedway,Cup,1.5-mile,nascaR.data:2026:9,68.5,6.6,False
Austin Dillon,16,20.0,,2026-04-19,Kansas Speedway,Cup,1.5-mile,nascaR.data:2026:9,68.5,6.6,False
Todd Gilliland,17,26.0,,2026-04-19,Kansas Speedway,Cup,1.5-mile,nascaR.data:2026:9,68.5,6.6,False
Alex Bowman,18,33.0,,2026-04-19,Kansas Speedway,Cup,1.5-mile,nascaR.data:2026:9,68.5,6.6,False
Daniel Suarez,19,8.0,,2026-04-19,Kansas Speedway,Cup,1.5-mile,nascaR.data:2026:9,68.5,6.6,False
Christopher Bell,20,11.0,,2026-04-19,Kansas Speedway,Cup,1.5-mile,nascaR.data:2026:9,68.5,6.6,False
Ricky Stenhouse Jr.,21,16.0,,2026-04-19,Kansas Speedway,Cup,1.5-mile,nascaR.data:2026:9,68.5,6.6,False
John Hunter Nemechek,22,32.0,,2026-04-19,Kansas Speedway,Cup,1.5-mile,nascaR.data:2026:9,68.5,6.6,False
Erik Jones,23,19.0,,2026-04-19,Kansas Speedway,Cup,1.5-mile,nascaR.data:2026:9,68.5,6.6,False
Ryan Blaney,24,9.0,,2026-04-19,Kansas Speedway,Cup,1.5-mile,nascaR.data:2026:9,68.5,6.6,False
Cole Custer,25,29.0,,2026-04-19,Kansas Speedway,Cup,1.5-mile,nascaR.data:2026:9,68.5,6.6,False
Ross Chastain,26,31.0,,2026-04-19,Kansas Speedway,Cup,1.5-mile,nascaR.data:2026:9,68.5,6.6,False
Josh Berry,27,30.0,,2026-04-19,Kansas Speedway,Cup,1.5-mile,nascaR.data:2026:9,68.5,6.6,False
Noah Gragson,28,28.0,,2026-04-19,Kansas Speedway,Cup,1.5-mile,nascaR.data:2026:9,68.5,6.6,False
Connor Zilisch,29,36.0,,2026-04-19,Kansas Speedway,Cup,1.5-mile,nascaR.data:2026:9,68.5,6.6,False
Joey Logano,30,15.0,,2026-04-19,Kansas Speedway,Cup,1.5-mile,nascaR.data:2026:9,68.5,6.6,False
A.J. Allmendinger,31,27.0,,2026-04-19,Kansas Speedway,Cup,1.5-mile,nascaR.data:2026:9,68.5,6.6,False
Zane Smith,32,25.0,,2026-04-19,Kansas Speedway,Cup,1.5-mile,nascaR.data:2026:9,68.5,6.6,False
Ty Dillon,33,37.0,,2026-04-19,Kansas Speedway,Cup,1.5-mile,nascaR.data:2026:9,68.5,6.6,False
Michael McDowell,34,18.0,,2026-04-19,Kansas Speedway,Cup,1.5-mile,nascaR.data:2026:9,68.5,6.6,False
Kyle Busch,35,23.0,,2026-04-19,Kansas Speedway,Cup,1.5-mile,nascaR.data:2026:9,68.5,6.6,False
Shane van Gisbergen,36,17.0,,2026-04-19,Kansas Speedway,Cup,1.5-mile,nascaR.data:2026:9,68.5,6.6,False
Cody Ware,37,35.0,,2026-04-19,Kansas Speedway,Cup,1.5-mile,nascaR.data:2026:9,68.5,6.6,False
Carson Hocevar,1,12.0,,2026-04-26,Talladega Superspeedway,Cup,superspeedway,nascaR.data:2026:10,78.3,2.6,False
Chris Buescher,2,10.0,,2026-04-26,Talladega Superspeedway,Cup,superspeedway,nascaR.data:2026:10,78.3,2.6,False
Alex Bowman,3,20.0,,2026-04-26,Talladega Superspeedway,Cup,superspeedway,nascaR.data:2026:10,78.3,2.6,False
Chase Elliott,4,8.0,,2026-04-26,Talladega Superspeedway,Cup,superspeedway,nascaR.data:2026:10,78.3,2.6,False
Zane Smith,5,30.0,,2026-04-26,Talladega Superspeedway,Cup,superspeedway,nascaR.data:2026:10,78.3,2.6,False
Ricky Stenhouse Jr.,6,22.0,,2026-04-26,Talladega Superspeedway,Cup,superspeedway,nascaR.data:2026:10,78.3,2.6,False
Ross Chastain,7,24.0,,2026-04-26,Talladega Superspeedway,Cup,superspeedway,nascaR.data:2026:10,78.3,2.6,False
Austin Cindric,8,13.0,,2026-04-26,Talladega Superspeedway,Cup,superspeedway,nascaR.data:2026:10,78.3,2.6,False
Noah Gragson,9,29.0,,2026-04-26,Talladega Superspeedway,Cup,superspeedway,nascaR.data:2026:10,78.3,2.6,False
Kyle Busch,10,34.0,,2026-04-26,Talladega Superspeedway,Cup,superspeedway,nascaR.data:2026:10,78.3,2.6,False
Todd Gilliland,11,19.0,,2026-04-26,Talladega Superspeedway,Cup,superspeedway,nascaR.data:2026:10,78.3,2.6,False
Daniel Suarez,12,16.0,,2026-04-26,Talladega Superspeedway,Cup,superspeedway,nascaR.data:2026:10,78.3,2.6,False
Ty Dillon,13,35.0,,2026-04-26,Talladega Superspeedway,Cup,superspeedway,nascaR.data:2026:10,78.3,2.6,False
Tyler Reddick,14,1.0,,2026-04-26,Talladega Superspeedway,Cup,superspeedway,nascaR.data:2026:10,78.3,2.6,False
Denny Hamlin,15,3.0,,2026-04-26,Talladega Superspeedway,Cup,superspeedway,nascaR.data:2026:10,78.3,2.6,False
A.J. Allmendinger,16,28.0,,2026-04-26,Talladega Superspeedway,Cup,superspeedway,nascaR.data:2026:10,78.3,2.6,False
Christopher Bell,17,14.0,,2026-04-26,Talladega Superspeedway,Cup,superspeedway,nascaR.data:2026:10,78.3,2.6,False
Ryan Preece,18,11.0,,2026-04-26,Talladega Superspeedway,Cup,superspeedway,nascaR.data:2026:10,78.3,2.6,False
Austin Dillon,19,18.0,,2026-04-26,Talladega Superspeedway,Cup,superspeedway,nascaR.data:2026:10,78.3,2.6,False
Shane van Gisbergen,20,33.0,,2026-04-26,Talladega Superspeedway,Cup,superspeedway,nascaR.data:2026:10,78.3,2.6,False
Cody Ware,21,36.0,,2026-04-26,Talladega Superspeedway,Cup,superspeedway,nascaR.data:2026:10,78.3,2.6,False
John Hunter Nemechek,22,23.0,,2026-04-26,Talladega Superspeedway,Cup,superspeedway,nascaR.data:2026:10,78.3,2.6,False
Erik Jones,23,21.0,,2026-04-26,Talladega Superspeedway,Cup,superspeedway,nascaR.data:2026:10,78.3,2.6,False
Daniel Dye,24,40.0,,2026-04-26,Talladega Superspeedway,Cup,superspeedway,nascaR.data:2026:10,78.3,2.6,False
Riley Herbst,25,17.0,,2026-04-26,Talladega Superspeedway,Cup,superspeedway,nascaR.data:2026:10,78.3,2.6,False
Connor Zilisch,26,32.0,,2026-04-26,Talladega Superspeedway,Cup,superspeedway,nascaR.data:2026:10,78.3,2.6,False
Jesse Love,27,37.0,,2026-04-26,Talladega Superspeedway,Cup,superspeedway,nascaR.data:2026:10,78.3,2.6,False
Chad Finchum,28,38.0,,2026-04-26,Talladega Superspeedway,Cup,superspeedway,nascaR.data:2026:10,78.3,2.6,False
Chase Briscoe,29,5.0,,2026-04-26,Talladega Superspeedway,Cup,superspeedway,nascaR.data:2026:10,78.3,2.6,False
Joey Gase,30,39.0,,2026-04-26,Talladega Superspeedway,Cup,superspeedway,nascaR.data:2026:10,78.3,2.6,False
Brad Keselowski,31,6.0,,2026-04-26,Talladega Superspeedway,Cup,superspeedway,nascaR.data:2026:10,78.3,2.6,False
Michael McDowell,32,31.0,,2026-04-26,Talladega Superspeedway,Cup,superspeedway,nascaR.data:2026:10,78.3,2.6,False
Josh Berry,33,26.0,,2026-04-26,Talladega Superspeedway,Cup,superspeedway,nascaR.data:2026:10,78.3,2.6,False
Ty Gibbs,34,9.0,,2026-04-26,Talladega Superspeedway,Cup,superspeedway,nascaR.data:2026:10,78.3,2.6,False
William Byron,35,7.0,,2026-04-26,Talladega Superspeedway,Cup,superspeedway,nascaR.data:2026:10,78.3,2.6,False
Bubba Wallace,36,4.0,,2026-04-26,Talladega Superspeedway,Cup,superspeedway,nascaR.data:2026:10,78.3,2.6,False
Ryan Blaney,37,15.0,,2026-04-26,Talladega Superspeedway,Cup,superspeedway,nascaR.data:2026:10,78.3,2.6,False
Cole Custer,38,27.0,,2026-04-26,Talladega Superspeedway,Cup,superspeedway,nascaR.data:2026:10,78.3,2.6,False
Joey Logano,39,25.0,,2026-04-26,Talladega Superspeedway,Cup,superspeedway,nascaR.data:2026:10,78.3,2.6,False
Kyle Larson,40,2.0,,2026-04-26,Talladega Superspeedway,Cup,superspeedway,nascaR.data:2026:10,78.3,2.6,False
Chase Elliott,1,14.0,,2026-05-03,Texas Motor Speedway,Cup,1.5-mile,nascaR.data:2026:11,78.0,9.5,False
Denny Hamlin,2,4.0,,2026-05-03,Texas Motor Speedway,Cup,1.5-mile,nascaR.data:2026:11,78.0,9.5,False
Alex Bowman,3,9.0,,2026-05-03,Texas Motor Speedway,Cup,1.5-mile,nascaR.data:2026:11,78.0,9.5,False
Tyler Reddick,4,8.0,,2026-05-03,Texas Motor Speedway,Cup,1.5-mile,nascaR.data:2026:11,78.0,9.5,False
Chris Buescher,5,3.0,,2026-05-03,Texas Motor Speedway,Cup,1.5-mile,nascaR.data:2026:11,78.0,9.5,False
Daniel Suarez,6,2.0,,2026-05-03,Texas Motor Speedway,Cup,1.5-mile,nascaR.data:2026:11,78.0,9.5,False
Carson Hocevar,7,1.0,,2026-05-03,Texas Motor Speedway,Cup,1.5-mile,nascaR.data:2026:11,78.0,9.5,False
William Byron,8,15.0,,2026-05-03,Texas Motor Speedway,Cup,1.5-mile,nascaR.data:2026:11,78.0,9.5,False
Bubba Wallace,9,37.0,,2026-05-03,Texas Motor Speedway,Cup,1.5-mile,nascaR.data:2026:11,78.0,9.5,False
Ryan Blaney,10,31.0,,2026-05-03,Texas Motor Speedway,Cup,1.5-mile,nascaR.data:2026:11,78.0,9.5,False
Riley Herbst,11,18.0,,2026-05-03,Texas Motor Speedway,Cup,1.5-mile,nascaR.data:2026:11,78.0,9.5,False
Erik Jones,12,21.0,,2026-05-03,Texas Motor Speedway,Cup,1.5-mile,nascaR.data:2026:11,78.0,9.5,False
Brad Keselowski,13,25.0,,2026-05-03,Texas Motor Speedway,Cup,1.5-mile,nascaR.data:2026:11,78.0,9.5,False
Ryan Preece,14,20.0,,2026-05-03,Texas Motor Speedway,Cup,1.5-mile,nascaR.data:2026:11,78.0,9.5,False
Austin Cindric,15,13.0,,2026-05-03,Texas Motor Speedway,Cup,1.5-mile,nascaR.data:2026:11,78.0,9.5,False
Connor Zilisch,16,12.0,,2026-05-03,Texas Motor Speedway,Cup,1.5-mile,nascaR.data:2026:11,78.0,9.5,False
Shane van Gisbergen,17,30.0,,2026-05-03,Texas Motor Speedway,Cup,1.5-mile,nascaR.data:2026:11,78.0,9.5,False
Austin Dillon,18,38.0,,2026-05-03,Texas Motor Speedway,Cup,1.5-mile,nascaR.data:2026:11,78.0,9.5,False
Ricky Stenhouse Jr.,19,22.0,,2026-05-03,Texas Motor Speedway,Cup,1.5-mile,nascaR.data:2026:11,78.0,9.5,False
Kyle Busch,20,6.0,,2026-05-03,Texas Motor Speedway,Cup,1.5-mile,nascaR.data:2026:11,78.0,9.5,False
John Hunter Nemechek,21,33.0,,2026-05-03,Texas Motor Speedway,Cup,1.5-mile,nascaR.data:2026:11,78.0,9.5,False
Zane Smith,22,34.0,,2026-05-03,Texas Motor Speedway,Cup,1.5-mile,nascaR.data:2026:11,78.0,9.5,False
Chase Briscoe,23,5.0,,2026-05-03,Texas Motor Speedway,Cup,1.5-mile,nascaR.data:2026:11,78.0,9.5,False
Ty Dillon,24,35.0,,2026-05-03,Texas Motor Speedway,Cup,1.5-mile,nascaR.data:2026:11,78.0,9.5,False
A.J. Allmendinger,25,26.0,,2026-05-03,Texas Motor Speedway,Cup,1.5-mile,nascaR.data:2026:11,78.0,9.5,False
Ross Chastain,26,16.0,,2026-05-03,Texas Motor Speedway,Cup,1.5-mile,nascaR.data:2026:11,78.0,9.5,False
Michael McDowell,27,19.0,,2026-05-03,Texas Motor Speedway,Cup,1.5-mile,nascaR.data:2026:11,78.0,9.5,False
Noah Gragson,28,28.0,,2026-05-03,Texas Motor Speedway,Cup,1.5-mile,nascaR.data:2026:11,78.0,9.5,False
Josh Berry,29,24.0,,2026-05-03,Texas Motor Speedway,Cup,1.5-mile,nascaR.data:2026:11,78.0,9.5,False
Cody Ware,30,29.0,,2026-05-03,Texas Motor Speedway,Cup,1.5-mile,nascaR.data:2026:11,78.0,9.5,False
Corey Heim,31,17.0,,2026-05-03,Texas Motor Speedway,Cup,1.5-mile,nascaR.data:2026:11,78.0,9.5,False
Todd Gilliland,32,32.0,,2026-05-03,Texas Motor Speedway,Cup,1.5-mile,nascaR.data:2026:11,78.0,9.5,False
Chad Finchum,33,36.0,,2026-05-03,Texas Motor Speedway,Cup,1.5-mile,nascaR.data:2026:11,78.0,9.5,False
Kyle Larson,34,11.0,,2026-05-03,Texas Motor Speedway,Cup,1.5-mile,nascaR.data:2026:11,78.0,9.5,False
Cole Custer,35,27.0,,2026-05-03,Texas Motor Speedway,Cup,1.5-mile,nascaR.data:2026:11,78.0,9.5,False
Ty Gibbs,36,10.0,,2026-05-03,Texas Motor Speedway,Cup,1.5-mile,nascaR.data:2026:11,78.0,9.5,False
Joey Logano,37,23.0,,2026-05-03,Texas Motor Speedway,Cup,1.5-mile,nascaR.data:2026:11,78.0,9.5,False
Christopher Bell,38,7.0,,2026-05-03,Texas Motor Speedway,Cup,1.5-mile,nascaR.data:2026:11,78.0,9.5,False
Daniel Suarez,1,14.0,,2026-05-24,Charlotte Motor Speedway,Cup,1.5-mile,nascaR.data:2026:13,74.7,3.7,False
Christopher Bell,2,17.0,,2026-05-24,Charlotte Motor Speedway,Cup,1.5-mile,nascaR.data:2026:13,74.7,3.7,False
Denny Hamlin,3,11.0,,2026-05-24,Charlotte Motor Speedway,Cup,1.5-mile,nascaR.data:2026:13,74.7,3.7,False
Tyler Reddick,4,1.0,,2026-05-24,Charlotte Motor Speedway,Cup,1.5-mile,nascaR.data:2026:13,74.7,3.7,False
Kyle Larson,5,18.0,,2026-05-24,Charlotte Motor Speedway,Cup,1.5-mile,nascaR.data:2026:13,74.7,3.7,False
Ty Gibbs,6,2.0,,2026-05-24,Charlotte Motor Speedway,Cup,1.5-mile,nascaR.data:2026:13,74.7,3.7,False
Ryan Blaney,7,6.0,,2026-05-24,Charlotte Motor Speedway,Cup,1.5-mile,nascaR.data:2026:13,74.7,3.7,False
Joey Logano,8,33.0,,2026-05-24,Charlotte Motor Speedway,Cup,1.5-mile,nascaR.data:2026:13,74.7,3.7,False
William Byron,9,31.0,,2026-05-24,Charlotte Motor Speedway,Cup,1.5-mile,nascaR.data:2026:13,74.7,3.7,False
Zane Smith,10,19.0,,2026-05-24,Charlotte Motor Speedway,Cup,1.5-mile,nascaR.data:2026:13,74.7,3.7,False
Shane van Gisbergen,11,3.0,,2026-05-24,Charlotte Motor Speedway,Cup,1.5-mile,nascaR.data:2026:13,74.7,3.7,False
Ricky Stenhouse Jr.,12,32.0,,2026-05-24,Charlotte Motor Speedway,Cup,1.5-mile,nascaR.data:2026:13,74.7,3.7,False
Erik Jones,13,21.0,,2026-05-24,Charlotte Motor Speedway,Cup,1.5-mile,nascaR.data:2026:13,74.7,3.7,False
Michael McDowell,14,4.0,,2026-05-24,Charlotte Motor Speedway,Cup,1.5-mile,nascaR.data:2026:13,74.7,3.7,False
Brad Keselowski,15,26.0,,2026-05-24,Charlotte Motor Speedway,Cup,1.5-mile,nascaR.data:2026:13,74.7,3.7,False
Cole Custer,16,22.0,,2026-05-24,Charlotte Motor Speedway,Cup,1.5-mile,nascaR.data:2026:13,74.7,3.7,False
Alex Bowman,17,29.0,,2026-05-24,Charlotte Motor Speedway,Cup,1.5-mile,nascaR.data:2026:13,74.7,3.7,False
A.J. Allmendinger,18,10.0,,2026-05-24,Charlotte Motor Speedway,Cup,1.5-mile,nascaR.data:2026:13,74.7,3.7,False
Corey Heim,19,39.0,,2026-05-24,Charlotte Motor Speedway,Cup,1.5-mile,nascaR.data:2026:13,74.7,3.7,False
Todd Gilliland,20,20.0,,2026-05-24,Charlotte Motor Speedway,Cup,1.5-mile,nascaR.data:2026:13,74.7,3.7,False
Riley Herbst,21,30.0,,2026-05-24,Charlotte Motor Speedway,Cup,1.5-mile,nascaR.data:2026:13,74.7,3.7,False
Bubba Wallace,22,24.0,,2026-05-24,Charlotte Motor Speedway,Cup,1.5-mile,nascaR.data:2026:13,74.7,3.7,False
Carson Hocevar,23,23.0,,2026-05-24,Charlotte Motor Speedway,Cup,1.5-mile,nascaR.data:2026:13,74.7,3.7,False
Noah Gragson,24,28.0,,2026-05-24,Charlotte Motor Speedway,Cup,1.5-mile,nascaR.data:2026:13,74.7,3.7,False
Ty Dillon,25,35.0,,2026-05-24,Charlotte Motor Speedway,Cup,1.5-mile,nascaR.data:2026:13,74.7,3.7,False
John Hunter Nemechek,26,15.0,,2026-05-24,Charlotte Motor Speedway,Cup,1.5-mile,nascaR.data:2026:13,74.7,3.7,False
Austin Hill,27,13.0,,2026-05-24,Charlotte Motor Speedway,Cup,1.5-mile,nascaR.data:2026:13,74.7,3.7,False
Cody Ware,28,38.0,,2026-05-24,Charlotte Motor Speedway,Cup,1.5-mile,nascaR.data:2026:13,74.7,3.7,False
Josh Berry,29,34.0,,2026-05-24,Charlotte Motor Speedway,Cup,1.5-mile,nascaR.data:2026:13,74.7,3.7,False
Chris Buescher,30,7.0,,2026-05-24,Charlotte Motor Speedway,Cup,1.5-mile,nascaR.data:2026:13,74.7,3.7,False
Katherine Legge,31,37.0,,2026-05-24,Charlotte Motor Speedway,Cup,1.5-mile,nascaR.data:2026:13,74.7,3.7,False
Austin Dillon,32,9.0,,2026-05-24,Charlotte Motor Speedway,Cup,1.5-mile,nascaR.data:2026:13,74.7,3.7,False
Ryan Preece,33,12.0,,2026-05-24,Charlotte Motor Speedway,Cup,1.5-mile,nascaR.data:2026:13,74.7,3.7,False
Chase Briscoe,34,5.0,,2026-05-24,Charlotte Motor Speedway,Cup,1.5-mile,nascaR.data:2026:13,74.7,3.7,False
Ross Chastain,35,27.0,,2026-05-24,Charlotte Motor Speedway,Cup,1.5-mile,nascaR.data:2026:13,74.7,3.7,False
Timmy Hill,36,36.0,,2026-05-24,Charlotte Motor Speedway,Cup,1.5-mile,nascaR.data:2026:13,74.7,3.7,False
Chase Elliott,37,16.0,,2026-05-24,Charlotte Motor Speedway,Cup,1.5-mile,nascaR.data:2026:13,74.7,3.7,False
Austin Cindric,38,8.0,,2026-05-24,Charlotte Motor Speedway,Cup,1.5-mile,nascaR.data:2026:13,74.7,3.7,False
Connor Zilisch,39,25.0,,2026-05-24,Charlotte Motor Speedway,Cup,1.5-mile,nascaR.data:2026:13,74.7,3.7,False
Kyle Larson,1,2.0,,2026-09-27,Kansas Speedway,Cup,1.5-mile,nascaR.data:2026:30,76.0,4.3,False
Austin Cindric,2,11.0,,2026-09-27,Kansas Speedway,Cup,1.5-mile,nascaR.data:2026:30,76.0,4.3,False
Denny Hamlin,3,6.0,,2026-09-27,Kansas Speedway,Cup,1.5-mile,nascaR.data:2026:30,76.0,4.3,False
Chase Briscoe,4,23.0,,2026-09-27,Kansas Speedway,Cup,1.5-mile,nascaR.data:2026:30,76.0,4.3,False
Ryan Blaney,5,25.0,,2026-09-27,Kansas Speedway,Cup,1.5-mile,nascaR.data:2026:30,76.0,4.3,False
Christopher Bell,6,3.0,,2026-09-27,Kansas Speedway,Cup,1.5-mile,nascaR.data:2026:30,76.0,4.3,False
William Byron,7,8.0,,2026-09-27,Kansas Speedway,Cup,1.5-mile,nascaR.data:2026:30,76.0,4.3,False
Chase Elliott,8,18.0,,2026-09-27,Kansas Speedway,Cup,1.5-mile,nascaR.data:2026:30,76.0,4.3,False
Bubba Wallace,9,7.0,,2026-09-27,Kansas Speedway,Cup,1.5-mile,nascaR.data:2026:30,76.0,4.3,False
Ryan Preece,10,9.0,,2026-09-27,Kansas Speedway,Cup,1.5-mile,nascaR.data:2026:30,76.0,4.3,False
Tyler Reddick,11,15.0,,2026-09-27,Kansas Speedway,Cup,1.5-mile,nascaR.data:2026:30,76.0,4.3,False
Brad Keselowski,12,16.0,,2026-09-27,Kansas Speedway,Cup,1.5-mile,nascaR.data:2026:30,76.0,4.3,False
John Hunter Nemechek,13,26.0,,2026-09-27,Kansas Speedway,Cup,1.5-mile,nascaR.data:2026:30,76.0,4.3,False
Daniel Suarez,14,14.0,,2026-09-27,Kansas Speedway,Cup,1.5-mile,nascaR.data:2026:30,76.0,4.3,False
Ross Chastain,15,13.0,,2026-09-27,Kansas Speedway,Cup,1.5-mile,nascaR.data:2026:30,76.0,4.3,False
Erik Jones,16,30.0,,2026-09-27,Kansas Speedway,Cup,1.5-mile,nascaR.data:2026:30,76.0,4.3,False
Ty Gibbs,17,5.0,,2026-09-27,Kansas Speedway,Cup,1.5-mile,nascaR.data:2026:30,76.0,4.3,False
Alex Bowman,18,33.0,,2026-09-27,Kansas Speedway,Cup,1.5-mile,nascaR.data:2026:30,76.0,4.3,False
Todd Gilliland,19,20.0,,2026-09-27,Kansas Speedway,Cup,1.5-mile,nascaR.data:2026:30,76.0,4.3,False
Joey Logano,20,1.0,,2026-09-27,Kansas Speedway,Cup,1.5-mile,nascaR.data:2026:30,76.0,4.3,False
Austin Dillon,21,19.0,,2026-09-27,Kansas Speedway,Cup,1.5-mile,nascaR.data:2026:30,76.0,4.3,False
A.J. Allmendinger,22,24.0,,2026-09-27,Kansas Speedway,Cup,1.5-mile,nascaR.data:2026:30,76.0,4.3,False
Chris Buescher,23,12.0,,2026-09-27,Kansas Speedway,Cup,1.5-mile,nascaR.data:2026:30,76.0,4.3,False
Shane van Gisbergen,24,17.0,,2026-09-27,Kansas Speedway,Cup,1.5-mile,nascaR.data:2026:30,76.0,4.3,False
Riley Herbst,25,34.0,,2026-09-27,Kansas Speedway,Cup,1.5-mile,nascaR.data:2026:30,76.0,4.3,False
Austin Hill,26,32.0,,2026-09-27,Kansas Speedway,Cup,1.5-mile,nascaR.data:2026:30,76.0,4.3,False
Michael McDowell,27,22.0,,2026-09-27,Kansas Speedway,Cup,1.5-mile,nascaR.data:2026:30,76.0,4.3,False
Ty Dillon,28,36.0,,2026-09-27,Kansas Speedway,Cup,1.5-mile,nascaR.data:2026:30,76.0,4.3,False
Connor Zilisch,29,27.0,,2026-09-27,Kansas Speedway,Cup,1.5-mile,nascaR.data:2026:30,76.0,4.3,False
Cole Custer,30,29.0,,2026-09-27,Kansas Speedway,Cup,1.5-mile,nascaR.data:2026:30,76.0,4.3,False
Zane Smith,31,28.0,,2026-09-27,Kansas Speedway,Cup,1.5-mile,nascaR.data:2026:30,76.0,4.3,False
Ricky Stenhouse Jr.,32,31.0,,2026-09-27,Kansas Speedway,Cup,1.5-mile,nascaR.data:2026:30,76.0,4.3,False
Carson Hocevar,33,4.0,,2026-09-27,Kansas Speedway,Cup,1.5-mile,nascaR.data:2026:30,76.0,4.3,False
Cody Ware,34,35.0,,2026-09-27,Kansas Speedway,Cup,1.5-mile,nascaR.data:2026:30,76.0,4.3,False
Josh Berry,35,10.0,,2026-09-27,Kansas Speedway,Cup,1.5-mile,nascaR.data:2026:30,76.0,4.3,False
Noah Gragson,36,21.0,,2026-09-27,Kansas Speedway,Cup,1.5-mile,nascaR.data:2026:30,76.0,4.3,False
